Units,Cost,Distance_KM,Division_Chocolate,Division_Other,Division_Sugar,Region_Atlantic,Region_Gulf,Region_Interior,Region_Pacific,Ship Mode_First Class,Ship Mode_Same Day,Ship Mode_Second Class,Ship Mode_Standard Class,Factory_Lot's O' Nuts,Factory_Secret Factory,Factory_Sugar Shack,Factory_The Other Factory,Factory_Wicked Choccy's
0.8189006544066737,0.5336218537958228,-8.904169946671031,0.0021784006161781,-0.05051753528470423,0.0035468997687203114,-0.36290770259198324,-0.5104078911544008,-0.3029194370293333,0.02656489629631982,0.31949033237843744,0.7481450044184796,-2.0373583708183296,8.233455271715519,-0.42304526205947524,0.006685044117566529,-0.03800461226923809,0.03306551508009708,-0.103258306642128
-1.4609460235499117,3.401751859767415,19.595686056026448,0.012300195090492218,-0.07388289411694517,0.009378291116479946,0.11619187297810385,0.6904455896020354,-2.8969077318189718,0.5732573253815768,-0.0966195915957971,0.9797788274960327,1.7012327687904,-4.35645121340668,0.23882554245966747,0.012137299596993334,-0.03261660039979226,0.06592897451517925,1.2145710229689104
0.719607173107315,-5.0146502881561785,0.9249139443047724,0.0021980715566636577,-0.050651807230679,0.009393664679388559,0.0005779172046445848,-0.26716696851798016,0.3015343205573987,-0.9884246124681113,0.6133283298751081,0.0029738918437917034,0.7426739297806215,8.56063246434112,0.670139026565075,0.004203338192126442,-0.03399674979170953,0.04357116108211067,-0.0984367045874242
2.021033805263407,7.652787673551778,14.409837476247754,0.006056955742575668,-0.09112195142100829,0.009393664679388559,0.40815174747533906,0.8192606559881076,-3.0777996304055084,0.04955746774091123,0.1989981169186712,0.9098579435392976,0.7000002135616382,-3.1586894877913063,-0.3696814543096075,0.003524022017197653,-0.03599250480041001,0.05659567189011043,-0.10675286714460397
0.95769283259989,-1.7968623747501704,11.859274758411884,0.0007511495326533787,-0.05542895055922681,0.0035315262058116985,0.09006537077734711,-1.0001417035839855,1.2796723338460025,0.07905534991476669,0.1577025365331302,0.6012360425887429,-1.261461984193778,8.411675489504193,-0.2469679305558521,0.011389245184857217,-0.032749500371303024,0.03347053217069065,-0.06908413596379978
0.979644953412168,-3.155890364112662,-1.0758738978342064,0.0058948975426403195,-0.041417754542833474,0.009393664679388559,0.04730995389500601,-0.6316648067540847,-0.6759318398700526,-0.15395781951640977,-0.32542976347065866,0.5454375871876104,-0.1680918830107382,1.9600202071459882,-0.7766531968632419,0.0074330985297026446,-0.03824606102358449,0.056561289102123866,-0.1823554551527427
0.2316853284708886,0.6947856690100508,0.9473673205297846,0.0019651128067776375,-0.05966739213405206,0.0035315262058116985,0.26029641628442646,-0.43320954370934456,-1.976168670480641,-0.19579067459057148,0.5179401316375641,0.6176971354098287,6.353599805326148,-5.99789704215403,0.09709311445271268,0.011389245184857217,-0.03812571892407696,0.03383221182500668,0.008311665180057168
1.166092004948687,0.9411029535251095,8.444625999144634,0.0021784006161781,-0.05051753528470423,0.0035468997687203114,-0.12841571416150274,-0.3562943614110873,-0.31437309371315697,0.046722119212029393,0.08652653325303103,0.9084650779063427,-0.7377668144161074,8.828447707619453,-0.42304526205947524,0.006685044117566529,-0.03633695828265845,0.03347769086479118,-0.09316788116942082
-0.24997344361051965,4.053966997146588,-1.254753673041624,0.0019651128067776375,-0.033116147331190886,0.003524822163662426,0.14827805941414224,-0.5282124289570281,-0.38040649261626,-0.04292670997537462,1.0742146425474945,-0.1966598151591229,0.5837995768261153,6.2399454665954535,0.5119155852643389,0.006685044117566529,-0.03711381334224548,0.03392463753660043,0.10360669850268067
0.7803808825258103,-1.3010513574569844,-7.639570994737613,0.0019651128067776375,-0.03029764827859039,0.003524822163662426,-0.006068756777786535,1.2083258111677087,-0.6439445360294723,0.0662380472651344,0.24662424000909186,0.8938261324902806,-1.1888546493547731,7.392702000206184,-0.5563660869450712,0.006685044117566529,-0.038493677495903184,0.03349948039645898,-0.08946278656012166
0.9411318798164385,-1.012725362054267,4.002774095444472,0.0058948975426403195,-0.05945466168475921,0.009378291116479946,-0.02649003835134699,-0.2969587095057996,-0.4955107789898624,0.0035050037463766706,0.4771990908616671,0.33490010904104284,-0.8123685534548069,2.9413878674827774,-0.24380655434073256,0.011389245184857217,-0.03768561267675808,0.05646493903383366,-0.10156785750356918
-0.7375277575792604,5.8508688632716375,11.918447493364244,0.0019651128067776375,-0.0649999000099432,0.0035315262058116985,-0.4761443805385255,-0.08572218676477397,-3.1392305157019997,0.09139768118109481,-1.226970192335,1.4294431564059091,2.017511946771468,-11.94193866437787,-0.0628442845295731,0.011389245184857217,-0.03343336853489386,0.035403956691455435,0.019793977489707085
0.8423931632760719,-6.970778682290128,-1.0544332534623588,0.03266764854749163,-0.042308117655828384,0.009393664679388559,-0.4909110221211595,-0.1929600087741597,-4.371863064164918,-0.5788942027482364,0.09627553349843998,0.7243756276850585,-4.0637143450475435,-9.304841338320497,-0.2633378612035491,0.00441899833920029,-0.04360213314803917,0.056562053700130795,-0.180045731788118
0.58029700568026,0.6465254094854822,-2.330257432583019,-0.003463232212118408,-0.035046933207764,0.009378291116479946,-0.08726970148894132,-0.22754886919589784,-0.4806640307471793,0.04965166676588621,0.2942658291502155,0.3176076820875852,-0.8040130733627354,8.059097815313466,-0.7290383400433547,0.006685044117566529,-0.03785924548186904,0.038918180491195886,-0.05483098773674384
-0.04753263305066735,-0.8204227133917792,-18.759836293357946,0.0021980715566636577,-0.05467723628878193,0.009393664679388559,-0.6728680421329665,0.05850768576858714,7.726581145032983,0.3780216814204406,1.1173395350776862,0.0038008623083753803,-0.5906215661604348,-11.019576062526777,-0.007520031658609663,0.004203338192126442,-0.047766423184968175,0.0399504178447887,-0.07445035331235142
0.6517244669793655,1.516883839056029,-0.8370224303263164,0.0019651128067776375,-0.03029764827859039,0.003524822163662426,1.0567765326487888,2.9352952561155834,-0.3295308850782229,0.0550390155121581,0.3897723883096938,0.814965983264699,-1.3908024048269438,6.135322443439651,-0.3593752725362328,0.006685044117566529,-0.03275677686018561,0.03308730461176488,-0.09955321203282884
2.3341640804896606,4.31829288348123,1.0656987251198107,-0.02420344157175429,-0.20298134485635716,0.0035315262058116985,-1.2413067389706234,-0.317506252415761,-0.5371774487438941,0.09010999374517664,-4.677782485493425,0.6382695110658687,-6.789961124659168,-13.250986239719802,0.42972016187718265,0.011389245184857217,-0.03436833979393679,0.029689590817064494,-0.0812177110828798
0.5029841539904789,-3.7564903947730612,-8.917957334921185,0.0058948975426403195,-0.05820859753267707,0.009378291116479946,-0.3474124227127852,-0.2857068077715557,-3.4215309435101404,-0.06323928890171072,0.6834055474897964,-0.17543213301215743,3.240650423321908,-5.261265711762982,-0.1633974912977326,0.006685044117566529,-0.03796226332463191,0.05648735822305846,-0.08903196656142472
0.79492282698252,1.8964744452781008,-12.42805261123129,0.0058948975426403195,-0.037109335306248735,0.009378291116479946,-2.446473352757718,1.7240106045655512,-0.7216147067996671,0.046640496789092434,-0.393367980684134,0.5385250710728,-0.743374350112447,6.977752609844606,0.46556608544639067,0.011389245184857217,-0.03501316158607127,0.05540376448770755,0.10387837952466672
-1.017460237810512,1.0105421636824234,5.728567463592953,0.0021980715566636577,-0.12211420534967889,0.009393664679388559,0.026830155472079377,-0.31926775246800326,0.8718230342006914,0.42748521713689475,0.06739620416118626,0.056469346279834846,-0.9522953215156675,5.636008667085329,-0.6820138505156864,0.004203338192126442,-0.034857912749128514,0.05685711008997344,0.15880658906951087
0.4471509481483819,-6.56446919081591,-0.46029326498897166,0.00478015677945068,-0.028673409107332383,0.009378291116479946,0.2504900098651287,-0.9938933034085389,-1.7852466941121268,0.03204033198431498,0.30742333048582887,0.42654029821320616,-0.7177479965482655,9.039841470198496,0.22745825749726606,0.009032919879575376,-0.03256758287760681,0.06529801582370537,0.20812285818250295
1.4600168709715688,-1.5081492328488006,-6.049413656805262,-0.004677195486242666,-0.0606902476546359,0.009378291116479946,0.08175313802699978,-0.09253415252335487,1.515266955149301,0.036214239886367385,0.24645550594094226,0.2741011458245967,-0.4690486246182545,6.754545697331864,-0.24215216283766125,0.011389245184857217,-0.04222361483545192,0.04808595066757655,-0.06928724193961076
1.196083930813447,-1.056047530051697,-1.385568169832819,0.0007511495326533787,-0.035046933207764,0.003524822163662426,0.010815307520126213,-0.2035233851390306,0.1140764547526588,0.05282641351598492,-0.08879525944739167,0.6900110414178537,-1.2166409350899614,6.4483431460893925,-0.382448203927318,0.006685044117566529,-0.038317001490422935,0.03352795462109992,-0.07819821177009995
0.5983857963688075,0.5061435311126179,-1.9903869836580856,0.0021784006161781,-0.054542964342807164,0.0035468997687203114,-0.09668318528587445,-0.4997592312422039,-1.7980113009926872,0.03448509655020735,-0.08617197230792972,1.1621569377859329,3.656187653548706,-6.675364129109367,-0.15326320503685692,0.006685044117566529,-0.03799543260961777,0.0330305118189126,-0.10980388858150374
0.7058664127558664,2.3239006115784138,7.7983204415167915,-0.004677195486242666,-0.0649999000099432,0.009378291116479946,0.0017036604731232251,-0.10751825513667361,17.95644901291154,0.07513756915819034,0.2935172331875185,0.18485771231427864,8.542503569852657,-0.6988747164408502,0.2387879602477721,0.011389245184857217,-0.03600499741261132,0.0470983494426846,-0.02643191104865445
1.1254516489220523,-1.3465813874562527,-1.907474885756953,0.0007511495326533787,-0.1454371526574425,0.009378291116479946,0.04066367204434791,0.17246756431575141,4.720754895632314,-0.11032104844404556,-0.4033439833816133,-4.845345441542734,-4.57537832231348,-9.616173815926158,-0.18064821229535546,0.011389245184857217,-0.03591681335450125,0.04210671218678883,-0.738694631264881
-1.9558077415156168,4.061821055851424,4.398544584283754,0.004634617343492679,-0.06115570777295653,0.0035315262058116985,-0.13255308415283798,-0.31130201715762745,-0.681869643870855,-0.16449437846060705,0.24483171410947885,0.46453312753008613,-0.8797715258848372,7.477711522993731,0.16210849640056407,0.011389245184857217,-0.03772566435188166,0.03852153391410049,0.15456024171906824
0.5983857963688075,0.5061435311126179,-1.9903869836580856,0.0021784006161781,-0.054542964342807164,0.0035468997687203114,-0.09668318528587445,-0.4997592312422039,-1.7980113009926872,0.03448509655020735,-0.08617197230792972,1.1621569377859329,3.656187653548706,-6.675364129109367,-0.15326320503685692,0.006685044117566529,-0.03799543260961777,0.0330305118189126,-0.10980388858150374
3.155229476663589,-9.16958652210235,-8.972382364680584,0.013996149310973458,-0.04027788417696339,0.009393664679388559,0.14831970394169014,0.9117416870293501,-0.7053720575896535,0.2996762861534546,0.27319893116456556,-0.10897052628578344,-1.027707990349369,11.588479398306193,-0.5935081384142159,0.0027787443463817016,-0.035041300150938835,0.05710766798285356,-0.11333847628901987
-0.0984425359361125,-2.264328217036649,-2.608839806622997,0.0019651128067776375,-0.05542895055922681,0.0035315262058116985,-0.21307619435749262,-0.4742103083608233,-0.32690588998204423,0.06080101915173874,0.5905956865794566,0.3052326585172139,-1.1069374286159672,6.736610953036229,-0.22161968088587405,0.011389245184857217,-0.037516423772832756,0.03405390691006468,-0.06462708794789503
-0.9032441449966429,0.8556672022906409,-7.782102989695172,0.007626416575559702,-0.13539871223348554,0.009393664679388559,-0.36577250198414196,0.20387820792339753,-0.8163244982997035,-0.8455738821463354,-0.34093177269053887,-0.30343835691535387,-5.868688694194744,-13.087569750421725,-0.12222439165478369,0.004203338192126442,-0.03574634392263361,0.0422321064596658,-0.5916433533862029
-5.327748821172845,-2.155890096312953,-15.710984705900579,0.0019651128067776375,-0.03733352827222102,0.0035315262058116985,0.40837871288452116,1.1842047222866954,-1.2332501093336257,0.0550390155121581,0.07821260567484567,0.6691070569038822,-1.0425723968957379,4.090724758797655,-0.13101226911976324,0.011389245184857217,-0.03438410596419501,0.03319833047757443,-0.12477465915213351
0.979644953412168,-3.155890364112662,-1.0758738978342064,0.0058948975426403195,-0.041417754542833474,0.009393664679388559,0.04730995389500601,-0.6316648067540847,-0.6759318398700526,-0.15395781951640977,-0.32542976347065866,0.5454375871876104,-0.1680918830107382,1.9600202071459882,-0.7766531968632419,0.0074330985297026446,-0.03824606102358449,0.056561289102123866,-0.1823554551527427
-0.2518036945797662,-2.13417348009138,6.259631517814602,0.0019651128067776375,-0.03704930497501666,0.009378291116479946,0.07318130647943434,3.6909199205315786,-0.08112361199379393,0.006110847027155711,0.25699939295519997,0.4487915102823891,-0.6439308809710137,7.29306464034173,-0.21589183078288166,0.011389245184857217,-0.03395198772454068,0.06534523694084138,-0.08034871075382147
-4.232118253760763,27.95436676762984,13.481274919080269,-0.0057424483612170335,-0.15805566314918895,0.009378291116479946,0.12565162175705788,-0.10654039830503823,8.691373540439894,1.2554050586957748,-1.9629922352325493,0.38429542173443676,0.044397824152549836,-4.227008371995534,-0.365736961047373,0.011389245184857217,-0.032897501310807355,0.06675448688204351,-0.2991820029367974
2.7108669174596574,8.306304942198302,-0.9799993328102096,0.02712631957441298,-0.050651807230679,0.0035468997687203114,-0.1504966315874349,-0.5859568705405234,-0.6699023876469469,0.3301321310573607,1.1315134390528174,0.3042108693387415,-1.0110954309269065,8.18677341118669,0.21357517246876961,0.004203338192126442,-0.038394949289858996,0.03306551508009708,-0.09832061972362212
1.5170819728330605,2.8056935412524315,5.545088112558694,-0.003249944402717946,-0.12943654153150086,0.009393664679388559,-0.3537519881739607,-0.008059261661774519,-0.6393655155477495,-0.010470211486694431,0.6264758550980454,0.0037923734665623525,-0.82192376607957,8.680125047562315,0.8199438020503031,0.006685044117566529,-0.037325407354926676,0.056585798232726164,0.1925824414548012
0.30670666161163485,-2.507958051142934,-18.521054399353886,0.0010120125689836907,-0.19450356730606616,0.0035468997687203114,-1.1086234308668925,-0.45712531145136315,-0.7937694416477824,-0.06185266148026054,-3.3188362826433595,0.802080468555773,-6.279589775435149,-14.899053053011835,-0.1050286332338022,0.004203338192126442,-0.03670655007074862,0.027530957919801306,-0.07298580510651523
0.42586895581804207,-3.435340639191509,3.337416794620461,0.0058948975426403195,-0.13943654250497267,0.009393664679388559,0.20809726292457903,0.20680731127042104,-2.923466499546337,0.5187757650318277,0.347728896966306,-0.6473086473577493,-2.9722190449965757,-9.357697113538514,-0.15774659809275624,0.006685044117566529,-0.03535152036715956,0.05665301575159897,-1.9000554979244515
2.360704491022283,-0.7244085355309332,18.250477214603332,0.0004601597592860259,-0.19347856490911827,0.0035468997687203114,0.09110225152052914,-0.07319358012292163,4.156152121868103,0.11429136277914503,-1.7927166747331702,0.7958455074741136,-6.801723012802797,-10.964142256761145,-0.41850629453729604,0.006685044117566529,-0.025022207838372078,0.03137195547144012,-0.07960920651019132
-0.45830999931154287,2.0207706889364876,-6.319331856004218,0.0019651128067776375,-0.035046933207764,0.0035315262058116985,-0.5376964547960689,-0.5168792559944344,-0.37980031088780364,0.042262887138330915,0.7743456397490323,0.3591221872189178,-1.447320119869894,10.334768285232304,-0.35709995425734,0.006685044117566529,-0.03806041285535767,0.0340162680982609,-0.03891267003110431
0.9733567623767043,0.5256334781855636,-3.176700549324738,0.0021784006161781,-0.05475597685952949,0.0035468997687203114,0.008072582654904946,-0.2538423018803367,-1.878510945967507,-0.19917257363428856,0.08514353085842497,0.6704357020301936,4.6135446351713165,-6.735694981667997,0.16975760283792207,0.006685044117566529,-0.040434274084155834,0.03233527342405254,0.08460111433708127
-12.007300084684584,12.969355137885989,3.6890130828054506,-0.0036330507712335675,-0.12089119780298992,0.009378291116479946,-0.24531567492836073,-0.28754372622671265,-1.9230678842825109,1.1350482892424891,3.1504169258409798,0.8616506755513935,2.2323599560217104,-2.703653601734533,0.5206577289489424,0.011389245184857217,-0.03687498043858024,0.05128589974217968,-0.1994305792864076
1.5609733889923953,2.476049825238081,8.320920571892335,-0.004677195486242666,-0.11519160906968196,0.009378291116479946,0.10800537629443459,-0.06281551027269718,5.621012843059768,0.08718275354711441,0.3296026276349373,0.4938023782329486,-0.6528104521299389,4.966080850963934,-0.14926943279265756,0.011389245184857217,-0.03584000166841063,0.06496479647519851,-0.10792253867807014
0.05853230153725581,-1.3718632992699797,8.159611264533043,0.0058948975426403195,-0.021638355980100075,0.009378291116479946,0.2483259167794769,4.0065340679447266,-0.6608876899877237,0.11405110144936409,-0.004908402030262063,0.3828911226290129,-0.1244947482554067,4.400081936221496,0.46556608544639067,0.012137299596993334,-0.03501316158607127,0.05675196180775108,-0.492344463077542
2.9255770230456513,2.547155528091624,-11.783538639603355,-0.004463907676842204,-0.057752906377856794,0.009393664679388559,0.13138653555441632,0.000514196550368363,2.506010231209875,-0.010429425243016367,0.5977174507097656,0.277419049536971,-1.0369875835779077,4.099895553277595,0.8476374017942494,0.006685044117566529,-0.03731291055104522,0.0566864740517978,0.18727514979174964
0.40616138560896414,-6.357616242405301,-5.4669671401197295,-0.004677195486242666,-0.1512512156013217,0.009378291116479946,-2.7670000953507388,-0.07149539126203934,2.02534151878093,0.01877833986596319,0.46514730096069085,-0.06736559359673527,-1.107266381190634,6.109766995389805,0.19384401779264362,0.011389245184857217,-0.04414270758847433,0.06495763965157679,0.1187459961621115
0.6874298168488149,-0.7524152023919823,-6.4989849803618815,0.0009644373420538415,-0.050651807230679,0.0035468997687203114,0.016499380601772844,-0.18698796646050533,1.1924162507088911,-0.49558005816950623,0.7297261390709425,0.6190559445123994,-1.364888274372615,7.1621196145143635,-0.32359188489291313,0.004203338192126442,-0.040101224756308285,0.033563722480291325,-0.09254050149280807
-4.480409821955394,18.985262606665845,-2.283325687127308,-0.0017240203817938515,-0.022921203943928985,0.009378291116479946,0.02812725655695011,-3.8139642691539475,-4.881209845244302,0.15282617141122687,-0.025203813108937937,0.42109262168501527,3.803648834526384,-7.9293281272278175,0.19274291746828837,0.005140483503712616,-0.0343943940320859,0.06760587646654162,0.12987813818420124
0.816332181352325,-6.533891776117807,-14.546623862273274,0.008016790674530073,-0.19450356730606616,0.0035468997687203114,-2.5325292880087207,-0.28977303344476035,-1.8234788262273753,0.4996102714051493,-8.974439246892041,0.30457288144252537,-6.315633605430643,-15.975011376939994,-0.011063861663397007,0.004203338192126442,-0.03433323696482819,0.027530957919801306,-0.07290770559984237
-1.7901933465787554,0.4711545395259608,1.2083245945448133,0.021697974555516933,-0.12943654153150086,0.009393664679388559,-0.3758329055998928,-0.335395668632665,-0.4392359329094392,-0.4211419804527149,1.2869910664884108,-0.4518672530439749,-1.1022952318806423,7.811141163328809,-0.7078895460083774,0.004203338192126442,-0.03778236846612197,0.056585798232726164,0.1822246456494312
1.233623579911887,-3.44471336906008,14.647825348970171,0.004680934268516061,-0.04578705694562202,0.009371587074330672,-0.3170974850746051,-0.10488364029697447,0.630748608041527,0.06546381118474894,-0.35566496058927116,0.4041707431269273,-0.7740373650800677,2.1782134532166166,1.2402271045085913,0.006685044117566529,-0.03793538092153182,0.057654224207394786,0.15022591016288445
-13.694771783512914,-9.247696194402725,19.34168064169544,-0.45225190105139157,2.253076665653303,0.009378291116479946,0.11303356420145899,0.2853409715166419,12.266773060296323,0.41815921810414447,-0.40322579785846685,-7.8367071452544765,-1.7151171996726227,-2.8904128792415698,0.7044773890517432,-1.8413860908574307,-0.03678514575130525,0.06653650147537879,-1.6333939026645565
2.1407642307273256,-0.5596545669709375,0.013312450192507642,0.007719729589256749,-0.0443560228254577,0.009393664679388559,0.16219081900273985,-0.6199159190047361,-0.621144433019737,-0.1328372296787552,-0.29882389490522954,0.5847715465320457,-0.23881565876814995,2.1710591121555245,-1.1788822787247948,0.0074330985297026446,-0.03785482203907325,0.05659705696131527,-0.20066221589216932
-4.552017655998499,7.57546247152,0.11452250296952844,0.0009522635360858183,-0.049815277967787286,0.0035315262058116985,-0.09767892807581989,-0.48364448768334306,-1.587425464287344,0.3628307716147306,0.2641408537471279,0.21494914254502612,-0.7509416405330589,4.9824755754370775,0.5184456771072543,0.011389245184857217,-0.03770542243040078,0.03801817689335621,-0.13978352296282248
0.433212191642923,1.611518382461163,-4.584098672544277,0.007626416575559702,-0.050651807230679,0.0035468997687203114,0.026198473155366445,0.35398821006445963,2.414150767227362,-0.7014404125241395,0.9116844965318299,0.21221182969064026,-1.2927809690904835,6.7912506600602915,-0.14755515145367126,0.004203338192126442,-0.03962963203259749,0.033563722480291325,-0.08760281457430219
1.9123549291279873,3.325000405735066,-4.977300847588359,0.00655334154206234,-0.23421639072647768,0.009393664679388559,0.4284695338908093,-0.19739402061811134,-2.9731591149698353,-0.08219588866326187,-3.4866785554147377,0.4092916055225578,-1.3923424945245908,-6.716164690131195,-0.5426429473493838,0.004203338192126442,-0.035820948052864024,0.05421896493447532,-0.13109142671569896
-0.7095807988764418,0.8772467855668573,6.78867078176193,0.0021980715566636577,-0.12613963440778186,0.009393664679388559,-0.6412648759469766,0.044694278037607296,5.78353247535269,0.6717659623004684,0.016618897741792805,0.031238707907758553,4.222976921317359,-4.532308470664557,0.025738307548540992,0.004203338192126442,-0.03607852904622768,0.056822106828788965,0.13693474256162977
-0.3089572674623772,-1.2273753238640717,-13.185884730310857,-0.003463232212118408,-0.06514373291150571,0.009378291116479946,-0.08859853431310229,-0.11765515018778466,-3.776374396436081,0.0717583608620119,0.24617085338449365,0.19235785424106397,0.24364032977591885,-14.499581800308512,0.479022964163352,0.011389245184857217,-0.03966787522143738,0.06353329471319494,-0.457794509048085
0.7156414592242202,2.03210224683337,-0.7713907042184797,0.0007511495326533787,-0.06097447095184027,0.009378291116479946,0.08315674817493278,-0.19696131570023342,5.207928033423342,0.00996995851405472,0.23377715357997855,0.28917865217432853,-1.0289887128554578,6.271559120642178,-0.12175217114138355,0.011389245184857217,-0.03834073138685466,0.0501743508437944,-0.09708864866494812
1.0643829999812724,9.300464545033075,7.404912676229605,0.03266764854749163,-0.03815722035899827,0.009393664679388559,-0.5788052812666407,3.5740496910123536,-0.3333768541887731,-0.020416713585964266,-0.1300075634988681,0.3171234915869114,-0.7475071842122016,10.305875446962117,0.027140857093398044,0.004203338192126442,-0.033684208380978194,0.05772421809487781,0.18059188160658962
-1.296594968475141,0.8817450279940813,13.451671525357723,0.013466583137686627,-0.07241074315554394,0.009378291116479946,0.20659779591975858,-0.07836187740722624,-3.718203675030074,0.06078896945502332,-0.024125215399319073,1.04202996269793,1.5323350843993995,-6.4473419245984305,0.2027809221443205,0.012137299596993334,-0.038072181221275314,0.06814912767921025,1.6686702250844136
1.07920102898604,3.1199811249979215,-4.333015275483085,-0.004463907676842204,-0.05051753528470423,0.009393664679388559,0.015095770453839849,0.014443313103040235,1.735192802095277,0.010299058968782894,0.2692643097384132,0.6040400170817076,-1.0495236811273065,9.409605205528317,-2.6608362203414284,0.006685044117566529,-0.04393607225987387,0.056864266913595175,-0.2832056149639971
1.91935508263876,18.314492909609335,-10.554155603666016,-0.14063374154117425,2.0215058334000475,0.009378291116479946,-0.11558963332876845,0.21831052853735977,-2.909876050077741,0.14658930497798955,-0.18617072080982672,0.14895671201775956,-4.745613145806018,-9.615800580058554,0.10988215326417707,0.011389245184857217,-0.03766751309512186,-3.891115155871518,0.2569639896168086
-0.4652542096663488,16.088426951597235,1.7014776521572104,0.0007511495326533787,-0.06097447095184027,0.0035315262058116985,0.4495304565246969,-0.09995201629939075,3.916528664357382,0.05282641351598492,-0.1002041920426624,0.59738978125769,-1.159049621327974,7.04357585193153,-0.15408520051084842,0.011389245184857217,-0.03759556723267539,0.03552499156814006,-0.1034196588894046
-7.058024243678775,-2.186192135835417,-11.774320937311694,0.0019651128067776375,-0.03733352827222102,0.0035315262058116985,0.08008992908184867,1.2609894677286777,-1.3062678021213927,0.06037469711236471,0.08614137289386203,0.5805932144557759,-0.3599840010299608,6.826334823886332,-0.13101226911976324,0.011389245184857217,-0.03753354142044223,0.03431762005537234,-0.1146842336794263
0.3866461490776817,2.676371939089552,2.033605130114069,0.0019651128067776375,-0.0367442094585265,0.003524822163662426,0.13742634654955652,-0.5078886226002223,-1.7605301374973943,-0.14051381405810717,1.457783422981837,0.6512712035110969,2.010761526242113,-5.285972229080689,0.15159847858029407,0.006685044117566529,-0.036585499620360194,0.03388963427541595,0.023422031502279332
0.3602623590516595,3.3752268984004763,5.112985059911913,0.0019651128067776375,-0.0367442094585265,0.003524822163662426,0.13742634654955652,-0.5078886226002223,-2.406500128975478,-0.098331549321272,1.462968750926021,-0.4065303727242385,-0.7510139381925056,-8.150945070516284,0.15159847858029407,0.006685044117566529,-0.036549796456902935,0.03388963427541595,0.023422031502279332
0.1068854678338503,5.235216417081024,-1.3414342009544602,0.0019651128067776375,-0.03522817002888027,0.003524822163662426,0.20596961274371353,-0.5282124289570281,-0.4016904683829268,-0.2105380745923631,0.8851639127455347,0.3716464293433247,-1.2959335409335344,7.9426490080213386,0.5119155852643389,0.006685044117566529,-0.03802274081983587,0.03392463753660043,0.107001743866554
-1.3304685384773298,3.280543105873792,5.424652844920748,0.0007987247595832279,-0.18019426139092873,0.0035315262058116985,0.11974297595154539,1.1016069092148915,-0.6025917072731513,0.11709762477749817,-2.0057717680530014,1.6866161040308245,-1.778946527107971,-14.352455917874384,-0.11184364267572162,0.011389245184857217,-0.026097414141391384,0.033141636664414824,-0.06403267111954863
-2.0346306412446995,-7.971547534634922,-11.747412222335315,0.00478015677945068,-0.04805413324676898,0.009378291116479946,0.22743816668452058,1.1841804189383809,-1.8270216665568046,-0.10589949799685991,0.18405109040426926,0.2882786687763163,-1.0332518373087896,11.225284029435734,-0.20879135604067467,0.005140483503712616,-0.03567578811738106,0.0652081975444569,-0.12683445753386183
0.8900445820190336,4.281868540554716,6.616436953641328,0.00478015677945068,-0.04805413324676898,0.009378291116479946,0.22743816668452058,1.3564316289387437,-1.3718089229924926,-0.10589949799685991,0.046283043549050974,0.40694817355978546,-1.0259451416867147,10.556311066393619,-0.20879135604067467,0.005140483503712616,-0.034482829143055664,0.0652081975444569,-0.13316546775831828
1.3849829794649855,-0.19059545833318106,8.236469779406063,-0.004677195486242666,-0.1339553569795495,0.009371587074330672,-0.3836133228115253,-0.10647552036902906,1.7020004903141022,0.03471654237310949,0.3102844939535655,-0.005289513184421319,-1.0397927118236838,6.0091846450004684,0.4879828790661183,0.006685044117566529,-0.036011533495782004,0.056821342230782036,0.15657804128890077
-6.886179496633375,22.256903425488066,8.349394505801707,-0.005238170778449219,-0.08049906658360978,0.009378291116479946,0.6056144949849902,-0.1571252947931347,12.07602666868089,0.12016911605180179,0.2941098421594008,-0.28497784813186244,1.0414928789999391,-2.469889686172412,0.2252021101752166,0.011389245184857217,-0.03907713095792884,0.06901830355306404,0.13359664843758476
0.7156523389466164,-3.2144129017315426,-1.0684934934326284,0.0047285094954459105,-0.2207120458383432,0.009378291116479946,0.29343740287969095,-0.12510431483472018,-3.0055249676700813,-0.08404909522292069,-2.985138068750674,-0.06969290323734993,-2.983466915729761,-10.092453785812511,-0.15625579066993614,0.011389245184857217,-0.03558453012316664,0.05427317202498248,-0.11781966634557406
-2.500939712135035,1.2840521265925922,5.2674100207176195,0.0013458470439213256,-0.06097447095184027,0.0035315262058116985,0.7162860797782984,-0.3049624583979824,-1.43875017529269,0.1232838017884466,0.012004860119610706,0.48210744030970165,-1.1735753260980748,7.11478717061984,-0.13448383033017974,0.011389245184857217,-0.03763439713661545,0.03978808369989722,-0.10076442374081368
1.0254227191255458,-2.5855243665498215,6.437675485936525,-0.004677195486242666,-0.12740776577242793,0.009378291116479946,0.10800537629443459,-0.06642175541830257,1.6781843199231319,0.08998183577730337,-0.19217058206908477,0.41508847277624383,-0.9815127247865719,4.806522574459573,0.32438877196281063,0.011389245184857217,-0.035991232647394664,0.05681204819981141,0.07745103785757944
1.45710006141544,1.8369882841160494,0.49622644891617945,0.021697974555516933,-0.05083304405179526,0.009393664679388559,0.02218112470039007,-0.697417030658864,-0.08857918760326054,2.3422275341766414,0.8406737607496272,0.0013940255042530908,-0.18030495504684393,9.597528922605651,0.3552745514861348,0.004203338192126442,-0.031658512643089436,0.03890447843390224,-0.0945428359881691
0.7343979739940518,-4.1783972520913695,-7.104135798867652,0.0007511495326533787,-0.06471567671273883,0.0035315262058116985,0.0031072706210562187,-0.1321424182416777,7.907314001426675,0.040588096803732515,0.914042488212573,0.5314678704522086,4.723591686268999,-6.319121163385783,-0.19472978627701704,0.011389245184857217,-0.04236444324075455,0.03532687463672248,-0.045097784688726966
-6.577171108714337,10.128104493803646,15.475984335061158,-0.1373135180124084,1.5442165756611501,0.0035315262058116985,0.0791101484918583,-0.8119516518422601,-0.5624290441826341,-0.2878773496488882,-0.4843881316946659,0.6019217867768705,-0.07474351147775149,3.74467223772493,0.17695187564159268,0.011389245184857217,-0.030697859607556527,-3.4673992031476097,-0.07461034649422386
0.2819297197783289,-3.5960024562583026,-9.044812038568132,0.0007511495326533787,-0.03907236226586694,0.003524822163662426,-0.011581330448036255,-0.13612838125193275,8.50871927956023,0.040588096803732515,0.7543532871193758,0.6679202967316902,4.870589093907386,-5.642572928250154,-0.2554962609524098,0.006685044117566529,-0.04050697405217261,0.033492951359915445,-0.05421186049502716
-1.0027918107932612,2.2792609712594034,-17.173714388987836,0.0019651128067776375,-0.12208043327502759,0.0035315262058116985,0.03102313512401484,-1.5234268210613842,-3.0313957380736882,-0.42624876208047446,-0.49796346018025595,-17.08371661714128,-2.4205927321071865,-14.695203091408032,-0.07789509348613803,0.011389245184857217,-0.039146031938132896,0.035464057940622074,-1.5039302703558084
-0.8774793979809956,0.6387820717947187,-3.132815078177355,-0.003463232212118408,-0.04127457843780372,0.009378291116479946,0.00010431457167783614,0.9465151672720781,-5.084748214469709,0.05038312960085733,0.30313309756893264,0.42138925204624855,2.428077388049627,-9.696504685547922,-0.09887730757943851,0.011389245184857217,-0.03461885487628872,0.047077032041665384,-0.0016771076368238605
-2.8625609710618733,1.1775581256724807,1.367523020837047,0.0013458470439213256,-0.06097447095184027,0.0035315262058116985,0.9108343635026841,-0.3384243215106488,0.05928253807955304,0.07478994780074588,0.31166713239774885,0.33020498174529833,-1.059328083085043,5.694299078379777,-0.044920351315602014,0.011389245184857217,-0.03763439713661545,0.03634074746650698,-0.10076442374081368
0.8772244142864952,0.5369922627015309,4.5540690953384635,0.0021784006161781,-0.04858674940813111,0.0035468997687203114,0.02216112880667865,-0.523716972843925,-0.2800941346673616,0.006925854576678627,1.0243025935752594,-0.07549022241814887,-0.16833460951429915,5.154613899794176,0.530074709521967,0.006685044117566529,-0.037574075811291664,0.033960405395791836,0.13129588052539395
2.9603687072401526,0.3185659037869595,18.676815583510407,0.0007511495326533787,-0.03907236226586694,0.0035468997687203114,-0.011581330448036255,-0.10517175739928698,11.59872278179761,0.07752842079429696,0.3156003695327351,0.5153304150470749,5.67793789625255,-5.088962020657217,-0.2554962609524098,0.006685044117566529,-0.027342613278665287,0.033492951359915445,-0.050247389478308646
0.1823023769849608,-4.537878327916688,-0.7127817608548195,0.0058948975426403195,-0.05820859753267707,0.009393664679388559,0.020834663690898435,-0.15805353929466331,-3.5788062699534593,-0.0701637212449064,0.49382755559993335,-0.1017639417099498,3.221547954742279,-7.586191802107033,-0.15774659809275624,0.006685044117566529,-0.03797295844909253,0.05648735822305846,-0.11989598926779711
-9.153332608764096,11.11290322462333,1.0137812961293766,-0.0024666627240391577,-0.0471124173239881,0.009378291116479946,0.18819176068688961,-0.948703577298538,-1.9357382013850364,-0.1959595136489361,-0.5679457630672646,0.48229381980284125,0.15646523745538402,0.28171772020676084,0.012337180617311153,0.012137299596993334,-0.03958269683936931,0.05668784294421107,0.254359852047188
1.5447080643562772,-0.47678959027380635,10.11611290450051,-0.004677195486242666,-0.1340198917628439,0.009378291116479946,-0.04087829419005847,-0.06642175541830257,1.6719761288836121,0.01877833986596319,0.47189877506309374,-0.0055813080095547755,-1.0377347978393845,5.755046990226243,0.3262066762140657,0.011389245184857217,-0.03600098321724967,0.05681204819981141,0.09719592542432116
2.1335163095250573,1.8632430273685747,-5.453954023527546,-0.173925818549658,1.8432388172296015,0.009378291116479946,0.09691682969499345,0.0972368321298695,5.008732970415448,0.033777562035880414,-0.12825842621857045,0.27713086798999936,-0.23312996022315197,5.638185013862685,0.19252004658629213,0.011389245184857217,-0.046155678590952355,-6.408829988191374,-0.11815448994697976
-1.5721124382737595,1.0957269242160834,13.803854908374733,0.0019651128067776375,-0.03704930497501666,0.0035315262058116985,0.08008992908184867,2.2842443402914108,-0.12334737675059604,0.0662380472651344,0.2545291472428445,0.8123135250255713,-0.660182781667399,10.851462411710447,-0.22389499916476693,0.011389245184857217,-0.026568333901217905,0.03533340367326602,-0.08034871075382147
-0.2664161564294738,-3.4376824584224477,1.342120056657057,-0.004968185259610018,-0.30518054433580744,0.009393664679388559,0.2729446151551792,-0.03581786902346609,2.9916131612485706,-0.1417028840134879,-3.9335335374884095,0.5740999467458736,-5.652793792350868,-11.81947055985274,-0.3247735728056187,0.004203338192126442,-0.034094893614764844,0.05467249990474399,-0.09880478738514027
1.9187421922170171,-0.4237020249375618,6.499521682416907,0.007719729589256749,-0.042308117655828384,0.009393664679388559,0.15446145323384597,-0.22497831568922325,-3.5852541766034576,-0.13408924799743582,-0.2737410471319324,1.0855380796696705,-1.2509143261843754,-4.002421162713424,-0.43417727123066835,0.00441899833920029,-0.03799744760240336,0.056562053700130795,-0.18899356586081983
1.2032990844098563,1.0382426967254017,15.255240914857428,0.004680934268516061,-0.05109032585141315,0.009378291116479946,0.25562448485313016,-0.09676968824512802,2.716177363433878,0.04672652644741369,-0.39672343152527284,0.3145061729692049,-0.8252565828761775,2.0643245850814327,-0.40587487905058056,0.011389245184857217,-0.038018404572167194,0.05760395858060725,-0.09625399473851524
1.219188210540835,-0.8283155743522411,1.307337056461527,0.004680934268516061,-0.04578705694562202,0.009371587074330672,-1.0480987343125827,-0.3375753444351374,0.630748608041527,0.06546381118474894,-0.35566496058927116,0.4041707431269273,-0.7740373650800677,0.9629392592537042,1.2402271045085913,0.006685044117566529,-0.03793538092153182,0.057654224207394786,0.15022591016288445
0.6910889978711786,-3.085926672747301,13.702374865749146,0.0058948975426403195,-0.04596829376673828,0.009393664679388559,0.0316331369420448,-0.10358557682402962,0.22053584634745851,-0.13752522490005678,-0.3985183195962245,0.5340634074691674,-0.49608903867507936,6.810169454613865,-0.7766531968632419,0.006685044117566529,-0.038052219458411425,0.05752587949903132,-0.09410540447106179
0.6936248951100549,0.08523105364834924,-10.418729821715523,0.0010120125689836907,-0.19419804645343258,0.0035468997687203114,0.3889156378459746,-0.4788781503364171,-1.1212542648372217,-0.23894240389099028,-3.365911913020835,0.622659962297415,-5.616147737170124,-11.817404801939707,0.20500513660413816,0.006685044117566529,-0.03685162290690892,0.027439327358140825,0.0904702815331486
-1.4958245292726258,3.8903015877011096,1.1882373768828824,-0.023037053524559883,-0.0649999000099432,0.0035315262058116985,0.2811860291955363,-0.3446252817650423,-0.8844552098893402,0.07003171363122855,0.3318346898749641,0.9318222043797049,3.0307451446430558,-6.15757369152937,0.8058482240174507,0.011389245184857217,-0.03726264425116589,0.03346624730517829,-0.12068304597810028
1.0610903161478913,-0.275220401762629,6.582142193688656,-0.004677195486242666,-0.12734323098913355,0.009371587074330672,0.012942279707042913,-0.10647552036902906,1.8731874241847324,0.10592003828444967,-0.25595714903111316,0.4153802676013772,-0.9835706387708713,5.072052511190659,0.48616497481486326,0.006685044117566529,-0.036001782925927,0.056821342230782036,0.13683315372215896
1.1778815186438876,-0.2817979941556186,5.686076519800779,-0.004677195486242666,-0.035046933207764,0.009393664679388559,0.0025030747697788866,-0.11734114954409798,1.6457333556168492,0.036214239886367385,0.24681050834731635,0.2587141797001158,0.05221611729006349,7.03622609195776,-0.34294795761983404,0.006685044117566529,-0.03425672596618314,0.043535393222919265,-0.08506763076650345
-1.7860269481754893,-2.7398625009552484,2.085719217855072,0.021697974555516933,-0.12943654153150086,0.009393664679388559,-0.42445748181809095,0.1400151271242656,-0.5015162511109515,-0.4422573736728757,1.1489289519021577,-0.5578191333871978,-0.788335879227713,7.467837498318545,-0.5072357292743871,0.004203338192126442,-0.038306915131033764,0.056585798232726164,0.1822246456494312
0.605995311918398,2.185538978803633,-3.5746869045928436,0.0007987247595832279,-0.2037008264006715,0.0035315262058116985,0.12149491666945661,-0.13484756740778245,-1.5021439780834507,-0.24784716214413838,-1.0805889147237837,0.904721511289865,-3.8954917787937453,-9.571410293081858,0.10166420201654969,0.011389245184857217,-0.03503715600176355,0.03197666509400146,0.12236421957708393
2.5710745410531857,-0.938485709684811,2.322256565187242,0.007719729589256749,-0.04271062498408873,0.009393664679388559,0.16219081900273985,-0.747220402265596,-0.6190265485189016,-0.1328372296787552,-0.14325687226811365,0.5620317101584476,-0.23881565876814995,3.4725721009061923,-1.1788822787247948,0.0074330985297026446,-0.03770958677706287,0.05668382078974037,-1.416007172555593
-2.3610492349607872,-0.40785692074587043,14.764293108446417,0.0007511495326533787,-0.0606902476546359,0.0035315262058116985,0.08315674817493278,-0.18651280231787729,1.7527828842546431,0.07905534991476669,0.24243997746744295,0.35764707141778934,-1.109499593559443,7.264563904849061,-0.2840560596958145,0.011389245184857217,-0.03123341227002928,0.03536187789790696,-0.05845335192648874
0.8903478700286475,-2.8169230062003474,2.72386883872304,0.0007511495326533787,-0.05542895055922681,0.009378291116479946,0.08315674817493278,-1.290703773179709,1.1492092998655128,0.00996995851405472,0.25930829938337446,0.351033745093852,-1.105587842148681,5.347922160322593,-0.23896476217396684,0.011389245184857217,-0.03707874567793341,0.04530318315339071,-0.06908413596379978
1.4110088339370224,-0.3221678019676074,3.421421765597979,-0.003249944402717946,-0.12859205939412008,0.009393664679388559,-0.3537519881739607,-0.11881220109388062,-0.6577658278836166,0.00039993917071597324,0.49442400154941846,-0.24581982545767223,-0.7800271753649101,7.859369308072249,0.4784484035797999,0.006685044117566529,-0.03774191223186137,0.056585798232726164,0.1925824414548012
1.5447080643562772,-0.47678959027380635,10.11611290450051,-0.004677195486242666,-0.1340198917628439,0.009378291116479946,-0.04087829419005847,-0.06642175541830257,1.6719761288836121,0.01877833986596319,0.47189877506309374,-0.0055813080095547755,-1.0377347978393845,5.755046990226243,0.3262066762140657,0.011389245184857217,-0.03600098321724967,0.05681204819981141,0.09719592542432116
-6.495724161021136,-5.469791313370363,-1.4250360333857288,0.0001318837697970672,-0.06097447095184027,0.009378291116479946,-0.3080977993956043,-0.14659380343128553,1.1954422056958005,0.023958887163061847,0.20286896301837498,0.3173128312765303,-0.993803094525793,6.451576609491347,-0.1484829088558543,0.011389245184857217,-0.038866715274145994,0.04914870091986032,-0.10522147175671841
0.3979508220623838,-5.302115474612273,6.329607343861047,-0.004677195486242666,-0.14463908961090577,0.009378291116479946,0.10800537629443459,-0.06933325777150963,2.3530838517021198,0.08998183577730337,-0.19892205617148767,0.41043884980169254,-1.0922659667243348,4.7172747057696665,0.19202611354138852,0.011389245184857217,-0.03597844319107252,0.06495763965157679,0.10142860725165269
-2.175549546319038,12.476180392305478,3.327091081899236,0.0019651128067776375,-0.0649999000099432,0.0035315262058116985,-0.4761443805385255,-0.3337788474746199,-2.563402463544034,0.05604278498222142,0.26238363091301276,0.9318222043797049,3.037484778898067,-7.984065070879114,-0.0628442845295731,0.011389245184857217,-0.03732756232878342,0.03854968039408878,-0.12068304597810028
0.6171848512106594,-0.615982856999917,-14.747060901408675,-0.003463232212118408,-0.05403469074114621,0.009378291116479946,-0.02971727829874749,-0.0825496715829643,-0.640814111592171,0.015444969430890043,0.5006571794513738,0.014434594814715361,-0.7903221390731987,7.0324160062718954,0.2985130764701193,0.011389245184857217,-0.03768399344144042,0.05654073634256413,0.10551114356750829
-0.7851966552873858,-2.826381427927857,3.3160510502676552,-0.004968185259610018,-0.30518054433580744,0.009393664679388559,0.2542033520719566,-0.05376365894763146,2.3482447333157785,0.03890028959632999,-3.6989783625003,0.12786629492022092,-5.826520502527438,-13.402294389792806,0.5291262560054805,0.006685044117566529,-0.034020497875129334,0.05466534308112225,0.16307720056488148
0.1710076711078031,-1.3685438914608505,-7.935828274700839,0.0007511495326533787,-0.035046933207764,0.0035315262058116985,-0.011906348412458898,-0.2023517201749738,1.400749875475138,0.025265984929803427,0.903823353460358,0.40555349442123967,-1.050520504036919,6.859909625791857,-0.5794390183361565,0.006685044117566529,-0.04010134870839138,0.03352795462109992,-0.04336971804700905
0.7972794676153208,0.32753257260508445,-6.914207695626476,0.0019651128067776375,-0.03029764827859039,0.0035468997687203114,-0.006068756777786535,1.198569079872015,-0.6754993679079374,0.0662380472651344,0.2462326743200994,0.7412362508056654,-1.1888546493547731,7.323315659264255,-0.5563660869450712,0.006685044117566529,-0.038493677495903184,0.03349948039645898,-0.08549831554340315
-2.22338926772498,3.324075652886344,-2.4407878395411053,0.0019651128067776375,-0.06115570777295653,0.0035315262058116985,-0.6003465399985877,-0.39292538192067195,-1.3482158121421484,-0.16449437846060705,0.30489255112214614,0.2845388426946008,-1.0512530206807102,7.093561761693365,0.16210849640056407,0.011389245184857217,-0.036901061037811274,0.03585362207562051,0.14307750209008538
0.5669284293705359,-1.2081365309417378,12.735159893736514,0.0047285094954459105,-0.2207120458383432,0.009378291116479946,0.29343740287969095,-0.14911976022792406,-1.964388074712432,-0.048033912352158384,-2.9562694085168535,0.8221014207103794,-2.9889198827148453,-4.4692513032678285,-0.16190668387491247,0.011389245184857217,-0.03550570935313976,0.05427317202498248,-0.11781966634557406
1.065192153728236,0.9373904536382611,-10.099512732209677,0.02712631957441298,-0.037954600769360726,0.0035468997687203114,0.0406948809865325,1.1300450929039776,-2.7532307719910056,-0.004881088712437375,0.23673702228249258,1.058112539126482,0.5923743017187576,-12.20866882557932,-0.0680109810034727,0.004203338192126442,-0.03730603460852005,0.032484461376572224,0.024973626691400602
1.2987002799388285,1.4898613686877695,-11.90996558173392,0.0002468719498855635,-0.1780079628321781,0.0035468997687203114,0.0785095558364682,-0.10831634923387569,3.781570262372603,0.05050098041004984,-6.380826858140755,0.48566189412171545,-4.6099529452397014,-9.425800699958561,-0.38357387759296424,0.006685044117566529,-0.0395417449201453,0.03133618761224872,-0.06396373748274688
0.24292267558116218,0.021623626146681584,5.883914223679241,0.0019651128067776375,-0.058759461778062766,0.0035315262058116985,0.08881849637983859,-0.47549386273205474,-0.2547543337426353,0.0031169861563813913,1.1075371673344783,-0.11464279022525767,-0.28588387312809327,4.523642916251657,0.2944711548219862,0.011389245184857217,-0.037163456368598094,0.033867215086191164,0.08510128681658521
2.5710745410531857,-0.938485709684811,2.322256565187242,0.007719729589256749,-0.04271062498408873,0.009393664679388559,0.16219081900273985,-0.747220402265596,-0.6190265485189016,-0.1328372296787552,-0.14325687226811365,0.5620317101584476,-0.23881565876814995,3.4725721009061923,-1.1788822787247948,0.0074330985297026446,-0.03770958677706287,0.05668382078974037,-1.416007172555593
-13.604136422949303,-4.885298010849952,-4.545009542208919,0.0009522635360858183,-0.057756206513291455,0.0035315262058116985,0.0038658862127228066,-0.41734718020415484,-2.4671957164173697,-0.4473489834736125,0.8012926320111046,-0.46522043191358486,-0.6777367104681159,-4.304873165098575,-0.34787803843773996,0.011389245184857217,-0.036775470286015376,0.02569223481845701,-0.2550513338107758
-0.7059017948318237,0.7347099473901326,14.448715624631957,-0.003463232212118408,-0.1292387981336526,0.009378291116479946,-0.01650920661886492,0.7318073049275741,-1.9211138476969303,0.035044531857252585,0.3514279567961884,-0.06656239280690772,3.616619827157138,-8.332370185641064,0.08773232423276325,0.011389245184857217,-0.02819296769337322,0.06487951796217986,0.157849306716657
0.32098425422439086,-6.121042792436907,3.986100632378204,-0.004677195486242666,-0.1512512156013217,0.009378291116479946,-0.00798998064992382,-0.07688771572402846,2.161603138987683,0.015485755674568108,0.46514730096069085,-0.16609752584751894,-1.107266381190634,5.657096636150176,0.19384401779264362,0.011389245184857217,-0.03765858390596564,0.06478700361340115,0.12418142129853006
-3.272639325193426,6.218813403879948,17.481233175884032,0.0019651128067776375,-0.04099035514059935,0.0035315262058116985,0.008416547322025162,1.430235013768181,-1.416794109391106,0.05439959173702343,0.31273414098405555,1.0875507066412182,3.1082690648737192,-9.244339186988322,-0.08545260003437562,0.011389245184857217,-0.03328107854090641,0.036331316052263994,-0.09069654177337598
0.8962596664617197,-2.761841147092399,-0.5342620347607867,0.0007511495326533787,-0.0606902476546359,0.009378291116479946,0.08315674817493278,-0.22953322676968876,1.9971479080493428,0.00996995851405472,0.25851798887812083,0.28878722577782073,-1.0305581869261016,6.252568131452771,-0.23896476217396684,0.011389245184857217,-0.03839306096861203,0.04198063097259036,-0.06908413596379978
-1.036420118930528,-0.401181521045891,12.275890708397352,-0.1618622009619954,8.679735685110801,0.009393664679388559,0.260484357987752,0.05531688576179226,-1.5256082766539203,0.034584441237134125,-0.6731785571104891,0.0715850316241559,-1.5107028966066371,-11.79290133354836,0.19840638372222372,-1.007886511890176,-0.026111677499039594,0.06273204824548378,-0.1281027881575808
3.6507784734618993,-0.21005090597411666,7.751961992552428,0.006505766315132491,-0.057752906377856794,0.009393664679388559,0.13138653555441632,-0.153262950023088,1.7903288164429334,-0.8573004351824133,0.5910101570257712,0.37112844792026034,-1.5179888026254063,2.489069052941008,0.922240824626945,0.006685044117566529,-0.037257119752524506,0.0566864740517978,0.18727514979174964
-0.5466415380276956,4.797069725985047,-17.985289617771468,0.02712631957441298,-0.13539871223348554,0.0035468997687203114,1.1275574765706247,0.19665979650116114,-1.391396398843335,-0.7120192848116343,-0.23425154257791547,-9.044332257961695,-2.3141715159806107,-14.562273554014604,-0.06692922068679492,0.004203338192126442,-0.040133903810437056,0.03360834513214723,-0.9196867664954531
-8.154112230432487,10.066544946996416,-4.881307706531852,0.00017945899672691646,-0.19472206463728162,0.0035315262058116985,0.1078356162652588,-0.36398697731595325,-0.9335944036498381,-2.2813859235741663,-3.966195010581433,-0.5148949344073711,-0.6026230687031789,-7.92877369961761,0.5442921578278331,0.011389245184857217,-0.03537868839111124,0.030350987623628253,0.0679502363657931
0.34856609692327695,-3.0990568945826973,-2.286254831145273,0.0007987247595832279,-0.1780079628321781,0.003524822163662426,-0.2559688625987723,-0.4758440506395667,-0.6984754119139248,0.09322272258617591,-1.0218951902446896,0.9579492908139812,-2.8888002867823865,-9.40751168388505,-0.14472183073387113,0.006685044117566529,-0.035808009580761684,0.030837980212054476,-0.0942580973850095
-14.468792202115925,10.127270240021216,14.389612108127213,-0.0024666627240391577,-0.04090366140039059,0.009378291116479946,0.18819176068688961,-0.948703577298538,-0.8693676963584136,-0.1959595136489361,-0.4941040084035919,0.48229381980284125,0.2661708531136601,0.8756444717443195,0.012337180617311153,0.012137299596993334,-0.03907922236418843,0.056033271520093166,0.254359852047188
-0.4770716545865217,-3.5016050654979254,-14.333258585131988,0.0019651128067776375,-0.0606902476546359,0.0035315262058116985,-0.5308090620952667,-0.28772111094901415,-0.29051173959211163,0.05639735137142964,0.4068583593521467,0.5306581309316843,-1.9271949572781895,7.083340914001529,-0.22161968088587405,0.011389245184857217,-0.038193028935276166,0.031249427359498913,-0.07980194111311971
1.5638342016706333,3.5440808615151127,6.187220962763559,0.007719729589256749,-0.0611468658153013,0.009393664679388559,0.13571552879863233,-0.13968557373203047,-3.2975638367404816,-0.012574288602778573,0.5204334241653624,0.1438533353152617,4.938199341720491,-8.751124092252264,-0.21921405132637753,0.006685044117566529,-0.037550148756518575,0.05652312608224987,-0.13820275000722376
0.28469948578011955,-0.5705872851549018,-0.6552525145980256,0.0007987247595832279,-0.1789332647289709,0.01488306485205972,0.11660685839584368,0.9983727562946184,-1.8627344908873615,0.03760619209401188,-1.9858705765283318,1.3886486973032355,-1.223362161194605,-11.749623720773425,-0.0977652577488157,0.011389245184857217,-0.032093911078166365,0.035225233041820486,-0.0746634551568597
-10.76771339265778,-4.394084486336216,-3.6945954771170855,-0.14794586187255548,-0.052266543841238064,0.009378291116479946,-0.5792775364664013,-0.6681013893932743,-0.28617606828477493,-0.18362399578930422,-0.33808661327234796,0.5608862618926853,-0.09791527469772993,0.33446270171796016,-0.19839990691113393,0.012137299596993334,-0.03923802018440518,0.0636369192494061,-0.7413569601504082
0.8919916002102949,-1.0235543320645886,-4.265356728795407,0.0058948975426403195,-0.05403469074114621,0.009378291116479946,-0.02971727829874749,-0.3063251949522263,-0.6953037440704999,0.04948482243392457,0.4581985439220596,0.06909996172888996,-0.662378502915111,5.3095950803745415,0.552157036036593,0.011389245184857217,-0.037937450722152155,0.05604529432261573,0.1032311376917098
0.9897267619497478,-0.4482115975228328,5.350663903228155,-0.003463232212118408,-0.14451992298074975,0.009378291116479946,-0.02971727829874749,-0.11803308500562668,-0.6598219618857385,0.015444969430890043,0.4981936047342091,-0.20492714201088855,-0.6474295075805551,7.661240001685264,0.2985130764701193,0.011389245184857217,-0.037659585525270836,0.056492607923125486,0.14638784774599245
1.4180218556503736,2.7133324236652863,2.4960505144092386,0.02712631957441298,-0.050651807230679,0.0035468997687203114,-0.06725575228014115,-0.5859568705405234,-0.4835627468587947,0.22931526653867604,1.4641107117926284,0.09001786385674539,-1.223747331818035,7.720490998502722,0.21357517246876961,0.004203338192126442,-0.03371502904358086,0.03414709721966535,-0.08800535397023045
-0.25771805949384463,2.0015904410202876,-11.537750959549996,0.0019651128067776375,-0.0367442094585265,0.003524822163662426,0.13742634654955652,-0.5078886226002223,-3.022554728498067,-0.098331549321272,1.1456434850981827,-0.5644813915094123,-5.053125566081172,-12.690829827336781,0.15159847858029407,0.006685044117566529,-0.0388834711008324,0.03388963427541595,0.023422031502279332
-0.8326939443164174,-2.594697253459188,1.0077774237883521,0.0019651128067776375,-0.05904368507526714,0.0035315262058116985,0.08881849637983859,-0.38857014626082864,-1.563226757156972,0.0031169861563813913,1.1300013524291235,-0.11797650612686272,-0.3535303278329889,4.372583481225538,0.16210849640056407,0.011389245184857217,-0.036927064081785234,0.03575856081340747,0.1296184205526737
-0.4018299755772108,-0.9740570345979976,-1.6068897255839303,0.0019651128067776375,-0.035046933207764,0.003524822163662426,-0.011358272239035088,-0.5247009367937044,-0.3551967951808453,0.06080101915173874,0.5862640447843311,0.39035673341183424,-1.0956668156904477,7.35515833391364,-0.35709995425734,0.006685044117566529,-0.037537938866490574,0.034111329360473945,-0.0737411637541952
-1.2974781432955305,-0.5990715247427998,-4.196074964586541,0.0019651128067776375,-0.06097447095184027,0.0035315262058116985,-0.29631707366478643,-0.3864105028220338,-1.211116543801166,0.05639735137142964,0.06499244062639142,0.5302332007375518,-0.7852069976101188,6.097061259229308,-0.12873695084087036,0.011389245184857217,-0.03745167196945598,0.033140773086715224,-0.10780645381426811
1.7906803721652793,2.3116130027304354,3.006014692278446,0.0058948975426403195,-0.041417754542833474,0.009378291116479946,0.03149692056483524,-0.6256830631714766,-0.6640759357799039,-0.17492450851762875,-0.05112367920925471,0.5643399125919358,-0.16539059688669536,1.997551995275752,-0.7766531968632419,0.0074330985297026446,-0.03760036772449251,0.056561289102123866,0.7305664443096471
-1.0878258932378486,0.2249858750530972,1.3420375529230615,0.004108453382927899,-0.15034570337488512,0.009378291116479946,2.003386779835952,-0.0081930448329701,-0.43895823803904344,0.018737553622285127,0.381097166164566,-0.03855257632300471,-0.7955432737123553,8.140598027949856,0.16615041804869726,0.011389245184857217,-0.04157967703607483,0.06472134514390795,0.20238574683926722
0.5862204969828865,-3.6329571436401715,-7.660001005236102,0.008016790674530073,-0.1780492374706632,0.0035468997687203114,3.0568244821912844,1.7708948570361838,0.0833465677183875,-0.09629318340484407,-1.8774844602067187,0.84609788897087,-3.5883440272044163,-7.715386008585062,-0.09440202364481876,0.004203338192126442,-0.032697024341333245,0.030931305462105086,-0.11163860359063849
1.3896679061569566,-5.329867202811705,4.718536876324216,0.03266764854749163,-0.05242370630332968,0.009393664679388559,-0.5065878390741209,-0.12381765461278961,-4.2760844099673845,-0.5757010684154267,0.02318697737287426,0.09864546287406466,-2.242654710339461,-12.253320459609217,-0.2633378612035491,0.004203338192126442,-0.04271686120833729,0.057526644097038254,-0.12600838582876536
1.085821473349935,0.28785443182373643,-3.268435130264866,-0.003249944402717946,-0.05051753528470423,0.009393664679388559,-0.11596387045505306,-0.13142806929825585,-0.36755322349355835,0.02392750561270418,0.2625047042117513,0.206972059491878,-0.22283148782425752,8.837738853189444,0.474692197685856,0.006685044117566529,-0.0383799545517158,0.03987758846327981,0.13246275574728425
-2.8278148171180058,12.128051950702655,8.034858277059243,-0.0006092796186042112,-0.027913060654674547,0.009378291116479946,0.17711019647876294,5.899494304483472,-1.0793970999301754,0.25186469611268497,-0.6615589018725115,0.30113682466505154,0.2492653443416052,1.3033151907585072,0.3875426134933157,0.012137299596993334,-0.03607750274420191,0.07197212409676279,0.6138483364172967
1.3456019382262276,-1.9562580285864963,-7.708264776170614,0.0021784006161781,-0.04872102135410588,0.0035468997687203114,0.02216112880667865,-0.5125675345931954,-0.35946616988004343,0.03047619780046517,0.7790172126652749,-0.15700071737612112,0.3756216424730873,6.05269426973882,0.60866494965478,0.006685044117566529,-0.03841486209928389,0.033960405395791836,0.13129588052539395
-5.004059315459258,-5.026800660699526,-4.065103082767097,-0.003630623996489452,-0.05515173469710649,0.009378291116479946,0.05899847254457121,-0.4850938617168596,-0.31705881815623715,-0.4722701887620924,0.47444992075620196,0.1754432321231358,-0.400163771935599,7.001605393854176,-0.18923862364749805,0.011389245184857217,-0.039361943990065706,0.03302430681666837,-0.08544423650734588
-0.057624242192662156,1.2549839390923747,-1.792325408929606,0.0019651128067776375,-0.035046933207764,0.0035315262058116985,-0.26222754625031147,-0.5168792559944344,-0.3551967951808453,0.07673922165888504,0.77036678341728,0.30648015623286495,-1.0939187211178727,7.066836425584707,-0.35709995425734,0.006685044117566529,-0.037496513655714415,0.034111329360473945,-0.03891267003110431
2.3138170657244785,-0.6518573927152864,-1.6641689840150595,0.03266764854749163,-0.057752906377856794,0.009393664679388559,-0.42445748181809095,-0.05172909560723833,-0.5619012938187563,-0.03279248762940185,1.0288126717105766,-0.22438701820450357,-0.6971888302067278,5.476126344264029,1.109780783125421,0.004203338192126442,-0.035428847677036954,0.05609035621277776,0.17994463977363273
-4.373699621005686,-3.845906752945626,-2.094510246972467,0.0019651128067776375,-0.04099035514059935,0.0035315262058116985,0.40345552093414744,1.3477886808771917,-1.3936440672106338,0.05439959173702343,0.37983656495061097,1.1025333652044957,7.3578299226209,-5.160161978992636,-0.08545260003437562,0.011389245184857217,-0.03502089348453781,0.033163327216389954,-0.09698471816590436
-0.5567413528964152,-1.538762515084959,-1.1584521899281792,0.0007511495326533787,-0.1454371526574425,0.009378291116479946,0.04066367204434791,0.17246756431575141,4.730722781329249,-0.11032104844404556,-0.40835932331608565,-4.845345441542734,-4.573895766485725,-10.189330823618166,-0.18064821229535546,0.011389245184857217,-0.03590823566338661,0.05030043205799286,-0.738694631264881
0.4639635152591314,-0.008231600920587365,0.11868614972308147,0.0058948975426403195,-0.06496277815781891,0.009378291116479946,-0.02971727829874749,-0.30923669730543357,-0.8728424896911672,0.04948482243392457,0.4514470698196566,0.06445033875433866,-0.7112659119456712,5.26105155721087,0.4197943776151708,0.011389245184857217,-0.037916620880637485,0.06419088577438112,0.1272087070857832
-0.11452950554739613,2.5504934015486,-12.37911490872739,0.02712631957441298,-0.13611819377779985,0.0035468997687203114,-0.09806394674783725,0.10880261013179877,-2.0682790705346825,-0.7653375074366567,0.49270301610164635,-4.464132945826883,-4.952719143634051,-15.560171434086625,-0.037315616790246746,0.004203338192126442,-0.035723882042714664,0.034091059663147884,0.17577042771088403
-0.4268850857563099,-1.6088963805001506,-6.436026402841604,-0.004629620259312817,-0.20407933347781687,0.009378291116479946,-0.28998046825137097,-0.04253768421266367,-1.4308183004067634,0.08586788081887668,-2.049461184744926,0.1596507013006238,0.521600783276946,-14.056635314246892,0.5142704979295681,0.011389245184857217,-0.037397909469238134,0.061376530965528225,0.24229163118089223
-0.34540029736260286,-1.2054183608390565,1.9788054034489337,0.0058948975426403195,-0.06423850275249858,0.009378291116479946,-0.02649003835134699,-0.0763839960696937,-1.6144092989467205,-0.03251017912438561,0.358801767156705,0.1838495892633636,-0.7915709830697094,6.18065927589517,-0.13559258514042985,0.011389245184857217,-0.03753231890061894,0.06465865890503768,-0.1295723702047176
1.3538514963686665,1.5266961374534604,-5.973503622321715,0.0007511495326533787,-0.03907236226586694,0.0035468997687203114,-0.011581330448036255,-0.1354353785831571,9.321595204716134,0.040588096803732515,0.980551578590321,0.5153304150470749,4.870589093907386,-4.454806923943163,-0.2554962609524098,0.006685044117566529,-0.04050697405217261,0.033492951359915445,-0.050247389478308646
1.5911141750527307,-6.296306034091692,-4.116628000435966,0.007626416575559702,-0.050651807230679,0.0035468997687203114,0.03310709575778078,-0.18137769811541274,-2.310006057091611,-0.15513838017668383,-0.019137856253481918,0.14249042463539227,-1.3293137576993999,6.587311220489353,-0.1148927005784137,0.004203338192126442,-0.03827545232756368,0.033563722480291325,-0.08760281457430219
2.2504457803465248,2.4935053998707732,-2.715133611567669,0.00660498882606711,-0.025748154815231218,0.009393664679388559,0.1598795847632004,-2.719838717134233,-0.7875652883640564,0.016995301724140904,0.3230839957658102,0.33673642937647363,-0.6541562227311883,6.263131770062437,0.9205283255934701,0.004328718812284688,-0.03285898437927189,0.057197486262102026,0.20980031815522318
-1.2974781432955305,-0.5990715247427998,-4.196074964586541,0.0019651128067776375,-0.06097447095184027,0.0035315262058116985,-0.29631707366478643,-0.3864105028220338,-1.211116543801166,0.05639735137142964,0.06499244062639142,0.5302332007375518,-0.7852069976101188,6.097061259229308,-0.12873695084087036,0.011389245184857217,-0.03745167196945598,0.033140773086715224,-0.10780645381426811
-10.76771339265778,-4.394084486336216,-3.6945954771170855,-0.14794586187255548,-0.052266543841238064,0.009378291116479946,-0.5792775364664013,-0.6681013893932743,-0.28617606828477493,-0.18362399578930422,-0.33808661327234796,0.5608862618926853,-0.09791527469772993,0.33446270171796016,-0.19839990691113393,0.012137299596993334,-0.03923802018440518,0.0636369192494061,-0.7413569601504082
-5.1380439052151,-2.5298158083756683,-6.20881371582576,0.002211182795061694,-0.06115570777295653,0.0035315262058116985,-0.46926584829572393,-0.11260191053217769,-0.08306376469171368,-0.186922325760422,0.07836027873981508,0.3998494226581438,-0.9769104680615328,6.6245773913791295,0.05927005823467622,0.011389245184857217,-0.03819191378874101,0.03314278217891857,0.17113007689826334
0.7399280839682117,2.019161429978611,-4.992022597453298,0.0001318837697970672,-0.06097447095184027,0.0035315262058116985,-0.2616595263053017,-0.03376938417212474,6.039275192633936,0.14153813255147452,0.1459526856579215,0.6176539559727126,-1.5114979324429165,7.537692342849521,-0.22325486913023396,0.011389245184857217,-0.04112807385272047,0.03433622797397287,-0.10522147175671841
-0.4206754767753426,-6.9301942176104046,-2.5274260287797703,0.00478015677945068,-0.028673409107332383,0.009378291116479946,0.2504900098651287,1.366888932695628,-1.8215303094566706,0.03204033198431498,0.3651981908637811,0.35445346781970244,-0.7177479965482655,9.017663193634547,0.22745825749726606,0.009032919879575376,-0.03491101499092936,0.0646474500591605,0.20812285818250295
-0.19462493409326473,2.1161596854370215,33.650570106713715,0.0047285094954459105,-0.06998946845740944,0.009378291116479946,0.34042241652325916,1.599627362698074,-2.9724672130041276,0.5676321303649998,0.8373144170426189,0.9383939506339882,1.4178309958495203,-10.66894114167475,0.26950198866204644,0.012137299596993334,-0.030611482912853753,0.05770023729439677,4.343552048664598
1.347190783095539,2.652645719416258,-2.0620243036653263,0.0021784006161781,-0.04858674940813111,0.0035468997687203114,0.02216112880667865,-0.523716972843925,-0.39244073314218525,0.006925854576678627,0.7782909749549293,-0.12823776062945985,0.5691787106849857,6.217642275991789,0.530074709521967,0.006685044117566529,-0.0371613051294053,0.033960405395791836,0.13129588052539395
-1.3602141856114347,-1.8688168804169085,-3.3854680735073286,0.0019651128067776375,-0.06521291252666551,0.0035315262058116985,0.26029641628442646,-0.3457432331157516,-2.799620483367241,-0.19579067459057148,0.5344286782827716,0.618852974744316,6.285022889430829,-5.77210267545311,0.0664166682503336,0.011389245184857217,-0.037551241386639594,0.03572355755222299,0.052828798916145656
0.26046886977406775,2.2020321036050157,-10.597954524155874,0.0021980715566636577,-0.13539871223348554,0.009393664679388559,-0.367176112132075,0.14511870680323,2.9494504165327795,-0.42092494892328847,-0.4300555584519771,2.9538359136695385,-1.680054377063494,-10.510280037814285,0.07594980357346756,0.004203338192126442,-0.039448990161174015,0.040108918549707495,0.8230113139935639
0.48611634283952804,1.257696565669425,-3.675865857545421,0.0019651128067776375,-0.035046933207764,0.0035315262058116985,-0.34546842555760526,-0.5168792559944344,-0.3338468675592666,0.07233555387857594,0.26375815968718497,0.53464255432732,-0.8311240714625078,6.507904063527532,-0.35709995425734,0.006685044117566529,-0.03800473622132119,0.033029747220905674,-0.05408752319632899
-0.30600371439003426,-2.21885925745884,-14.438303134970266,0.021697974555516933,-0.05467723628878193,0.009393664679388559,-0.15493683522355498,-0.0381676418374394,-4.1714717884461425,0.3524649334103108,0.7607258554149772,-0.3155266169262297,0.6253568068154813,-16.778419156980757,0.36543091951616713,0.004203338192126442,-0.03903097449145236,0.05543276515159159,-0.5983876374879242
0.5579401815660333,-2.6710588314579886,-8.316438580214829,0.0007511495326533787,-0.0606902476546359,0.0035315262058116985,0.09006537077734711,-0.22288321093447552,1.2311965049257516,0.05282641351598492,0.11671767012780154,0.5969983548611824,-1.1758145576825352,5.294736307497442,-0.2469679305558521,0.011389245184857217,-0.0422002202585036,0.03347053217069065,-0.06908413596379978
-0.4018299755772108,-0.9740570345979976,-1.6068897255839303,0.0019651128067776375,-0.035046933207764,0.003524822163662426,-0.011358272239035088,-0.5247009367937044,-0.3551967951808453,0.06080101915173874,0.5862640447843311,0.39035673341183424,-1.0956668156904477,7.35515833391364,-0.35709995425734,0.006685044117566529,-0.037537938866490574,0.034111329360473945,-0.0737411637541952
1.2817621297144712,-3.5415853262818606,-9.54836744732618,0.00478015677945068,-0.05064936277758359,0.009378291116479946,0.2570027863370822,-1.148172885075342,-4.05802910512194,-0.07389436504611686,0.3022310926035666,-6.778631082623066,-2.507071205782864,-13.894091132773958,0.16941965876562265,0.009032919879575376,-0.03491980836943137,0.058432137399534116,3.285943365522287
1.7906803721652793,2.3116130027304354,3.006014692278446,0.0058948975426403195,-0.041417754542833474,0.009378291116479946,0.03149692056483524,-0.6256830631714766,-0.6640759357799039,-0.17492450851762875,-0.05112367920925471,0.5643399125919358,-0.16539059688669536,1.997551995275752,-0.7766531968632419,0.0074330985297026446,-0.03760036772449251,0.056561289102123866,0.7305664443096471
0.5683930721628392,-0.029204558253587358,-5.092913610550551,0.0019651128067776375,-0.05966739213405206,0.01488306485205972,0.003259865437522057,-0.1918028988347119,-4.617264623769083,-0.12628199474632845,0.2268367606673781,1.0250863203416734,0.2681495070842386,-11.164173602618279,0.0744974529899863,0.011389245184857217,-0.04035231695364782,0.03723280883696753,-0.7342737093456438
2.8366747208700187,-1.7452741981911042,-7.293950587739626,0.007719729589256749,-0.057752906377856794,0.009393664679388559,-0.3537519881739607,-0.33143828621241334,-0.6997505582555544,0.023569641516340105,0.5840172195687309,0.2783238845782512,-0.7218860720717789,6.314385530030782,2.125097897819655,0.006685044117566529,-0.03757886463563842,0.05609035621277776,0.19030243557900273
1.369828169283172,-0.8631608794302886,13.10729953038068,-0.004677195486242666,-0.1339553569795495,0.009371587074330672,-0.3836133228115253,-0.10647552036902906,1.6159606918207072,0.03471654237310949,0.3102844939535655,-0.06242417579705052,-0.9985710532371708,7.180094844872671,0.4879828790661183,0.006685044117566529,-0.030236219698634187,0.056821342230782036,0.15415054263261785
1.8999983407060954,-1.6637165780065377,-8.630179217175298,-0.004677195486242666,-0.059454379617329745,0.009378291116479946,0.0017036604731232251,-0.09663059098212406,7.3045551301408596,0.06747455426744277,0.32305025608024607,0.31918905445048057,-0.4898005783004821,-9.713146056029254,-0.18197226731167762,0.011389245184857217,-0.03750332840049531,0.043442967511325516,-0.05593167470184899
0.451122780849556,0.2929969379213897,5.420380146567399,0.0058948975426403195,-0.03595963910863927,0.009378291116479946,0.2483259167794769,4.062351591536926,-0.6798955402812907,0.11323915066752559,-0.012202979239009362,0.3782414996544615,-0.09355250229373459,4.015101952529473,0.46556608544639067,0.012137299596993334,-0.03659171226132758,0.05670383338831243,0.6621814024543106
0.0775608419080518,-0.5637410604907819,-3.38235319872622,0.0019651128067776375,-0.03704930497501666,0.009378291116479946,0.07318130647943434,1.267861424372161,-1.3260413120154424,0.006110847027155711,0.2577268335044341,0.4141113863335249,-0.5392634688005227,7.7337903657116405,-0.21589183078288166,0.011389245184857217,-0.03731449819012299,0.04558308901175704,-0.06971792671651042
0.13044096957579368,-1.1439124622701353,-1.7916404977131135,-0.003463232212118408,-0.06087148447575217,0.009378291116479946,0.07625302365669281,-0.5341901833656285,-0.37619970707559497,-0.05573768614087279,0.64790702029729,0.2531771565077958,-0.6644220742577421,8.224755712620352,-0.21361651250398883,0.011389245184857217,-0.038523702231568854,0.04700500799550561,-0.06539337334035566
-0.3849313904877001,-0.4421889510724051,-2.015893298738527,0.0019651128067776375,-0.035046933207764,0.0035468997687203114,-0.011358272239035088,-0.5228609995770425,-0.38675162705931015,0.06080101915173874,0.5858724790953388,0.24237347855222705,-1.0956668156904477,7.014071956339749,-0.35709995425734,0.006685044117566529,-0.037537938866490574,0.034111329360473945,-0.06977669273747669
0.44388728177212255,0.9172546895283997,-3.278089128831991,0.0007987247595832279,-0.1845033029756649,0.0035315262058116985,0.1257481566422551,-0.40609051436006327,-0.8711613970155442,-0.09924845091023202,-3.353938284096827,-0.5533802068617941,2.105067273732948,-9.94861116371942,0.1323406482189287,0.011389245184857217,-0.03487988000619907,0.027346137048540154,0.051909694038943306
-0.007416743108103121,-8.648749810294683,-11.381017336102893,0.007626416575559702,-0.05467723628878193,0.0035468997687203114,-0.6714644319850336,0.03503794673717202,11.289411187932814,-0.924407150189594,1.036569941272194,0.3676767986759602,3.7332748181092192,-6.640408614601992,-0.12183829188193565,0.004203338192126442,-0.04562855053115844,0.03352871921910685,-0.0636164632992294
1.0254227191255458,-2.5855243665498215,6.437675485936525,-0.004677195486242666,-0.12740776577242793,0.009378291116479946,0.10800537629443459,-0.06642175541830257,1.6781843199231319,0.08998183577730337,-0.19217058206908477,0.41508847277624383,-0.9815127247865719,4.806522574459573,0.32438877196281063,0.011389245184857217,-0.035991232647394664,0.05681204819981141,0.07745103785757944
1.0145305823909185,-0.279333757867628,6.047105526794358,-0.003463232212118408,-0.1340198917628439,0.009378291116479946,-0.02971727829874749,-0.0825496715829643,-0.640814111592171,0.015444969430890043,0.5006571794513738,-0.20027751903633725,-0.6489625304757943,7.717447032134752,0.2985130764701193,0.011389245184857217,-0.03768399344144042,0.05654073634256413,0.10551114356750829
0.2799690788153205,-2.7743238102204604,-2.3015876282474643,0.0019651128067776375,-0.03907236226586694,0.003524822163662426,-0.0628666226707005,-0.5029630799888481,-1.7167373006252917,0.05604278498222142,0.07929417619625867,0.9892910278199082,3.474683652526853,-6.811977059344744,-0.11833078809252502,0.006685044117566529,-0.03806855248053975,0.0329947439597212,-0.09546159885879561
1.556500246035977,5.141384671529759,-9.636429456468491,-0.005181473069010482,-0.20298134485635716,0.009378291116479946,0.09281095344323806,-0.031055408940288493,9.565479566877299,0.07738743787376011,-2.0377136986139566,0.471417081832507,-2.9949698523443393,-9.509114311969974,-2.3766613858073637,0.011389245184857217,-0.04187631466689282,0.06277302946634733,-0.8328514285259514
0.5294207979508067,-0.40649430559228467,-9.391165143440215,0.0019651128067776375,-0.035046933207764,0.0035468997687203114,-0.3290911399768092,-0.3372478912327965,-0.3654016994377316,0.05639735137142964,0.40292546237328264,0.4720366386942581,-1.7607975255462576,7.36449527177582,-0.35709995425734,0.006685044117566529,-0.038063360128227954,0.033029747220905674,-0.08495154590270136
0.5259663636991798,-1.6509214632869347,-0.9110394109806228,-0.003463232212118408,-0.05561018738034307,0.009378291116479946,0.07625302365669281,-0.08531891306656618,2.9001008487063533,-0.10976690507941927,0.25652675551235227,0.2997839095689934,-0.5529020079679444,7.668964425761352,-0.14714091525469275,0.011389245184857217,-0.036259712554563416,0.04334246924052478,-0.0760241573776667
-0.5105895730901124,1.18687443162748,-3.732498773285724,0.0007987247595832279,-0.16412128562420206,0.003524822163662426,0.13530740464544422,-0.48076959325094104,-0.8788046049886915,-0.7155521742506844,-5.326530666458843,-0.5510232808105686,1.7912292363466094,-11.217546820823802,0.1868460123465101,0.006685044117566529,-0.03488721641468885,0.02740355949894942,0.06361655372058958
1.3702749119879292,-2.221590511765133,4.9638156130674265,0.02712631957441298,-0.04872102135410588,0.0035468997687203114,0.05896354322632466,-0.1334885957556734,-0.5595946204793822,0.602632192800714,1.2698557889087694,-0.16713183607670265,0.10680013652610464,5.126860410724442,-0.11297934583464343,0.004203338192126442,-0.038465682411349414,0.033960405395791836,0.13120547442979083
2.0542838602482534,0.65125750921749,19.06719215640685,0.0047285094954459105,-0.0867040946176724,0.009378291116479946,0.2970421903320988,-0.19568764741033498,-2.759094911388317,-0.47281537492753245,0.05317479028489199,1.0766759130457775,0.7305281787712892,-3.07158317501108,-0.30124759889957914,0.0074330985297026446,-0.03520245451071578,0.0575576930082082,0.7783428684632523
-2.8625609710618733,1.1775581256724807,1.367523020837047,0.0013458470439213256,-0.06097447095184027,0.0035315262058116985,0.9108343635026841,-0.3384243215106488,0.05928253807955304,0.07478994780074588,0.31166713239774885,0.33020498174529833,-1.059328083085043,5.694299078379777,-0.044920351315602014,0.011389245184857217,-0.03763439713661545,0.03634074746650698,-0.10076442374081368
0.6143000103295805,0.7373072137688795,5.457691495626105,0.0007987247595832279,-0.18976460007107396,0.0035315262058116985,0.1257481566422551,-0.4055479202376963,-0.6533177607000229,-0.09924845091023202,-5.639771204742156,-0.45765677232061497,-0.9008721939938521,-8.252266070225506,0.1323406482189287,0.011389245184857217,-0.034920365442457475,0.027346137048540154,0.051909694038943306
-1.3485511122807619,-2.600602773952523,2.3757126676736453,0.0019651128067776375,-0.06115570777295653,0.0035315262058116985,3.145078527864505,-0.38857014626082864,-1.891594714084714,-0.07653834031826247,0.8437504443515469,0.39715957089112386,-1.5037509343579765,8.85500366056196,0.16210849640056407,0.011389245184857217,-0.0367591658008045,0.03575856081340747,0.12961842055267372
1.57368520486997,-1.129904826975506,-7.383947392222928,0.02712631957441298,-0.05083304405179526,0.0035468997687203114,0.1792733105502963,-0.6088993915126042,-0.6368186679124402,-0.7676952868425124,1.0016928593392693,0.18280610654414245,-1.3465859725778417,11.529136107116395,-0.3136331625686342,0.004203338192126442,-0.03800959770887134,0.033960405395791836,0.13460051979366414
-1.7874228034417152,4.9866576457289336,-8.731864205111712,0.002211182795061694,-0.12208043327502759,0.0035315262058116985,-0.1412841101152208,-1.3494434407749225,-1.4592197475852204,-0.4402559072609117,-0.2684611179077943,-12.143681790112948,-4.287525406466179,-10.951752514803733,0.804766463700773,0.011389245184857217,-0.03523007030702575,0.03355072071944896,-1.533135721459508
1.8332167459151083,-0.6816447883031149,8.902623852244654,-0.004677195486242666,-0.15034570337488512,0.009378291116479946,0.10800537629443459,-0.06933325777150963,5.278171852959277,0.03869810739884711,0.3589644604122032,0.4144096953118817,-1.0015600153646702,4.930456936842295,0.19202611354138852,0.011389245184857217,-0.03578392656291699,0.06495763965157679,0.16284487577215198
0.3003393362521111,-0.6174404699296746,-1.1401990116793774,0.0019651128067776375,-0.03704930497501666,0.0035315262058116985,0.08008992908184867,1.9744182980359026,-0.09602889532882618,0.05256103711923398,0.11174340576994857,0.6041616357554735,-0.9945564203868278,6.897521634547184,-0.22389499916476693,0.011389245184857217,-0.03354855776669616,0.03241607226333731,-0.09478174387131134
1.357701461730443,0.5923058753517702,-0.026983620528896874,-0.004463907676842204,-0.05051753528470423,0.009393664679388559,0.015095770453839849,-0.22807317398579682,1.964070070559493,0.023968291856382246,0.3178548033040705,0.2243100615068178,-1.6257945616934715,6.510681737127585,1.1513690497333184,0.006685044117566529,-0.03622599450434774,0.03903282314226571,0.14684545822964823
2.772582659370376,0.19423056775651867,19.592935677698055,0.0019651128067776375,-0.03029764827859039,0.0035468997687203114,-0.006068756777786535,1.241517098807767,-0.4660495037341577,0.0662380472651344,0.2462326743200994,0.553131912200208,-0.6042082565856006,8.963585834737664,-0.5563660869450712,0.006685044117566529,-0.02420937236411059,0.03349948039645898,-0.08549831554340315
-0.3642295818073093,-2.728803155375144,-3.5785012736880466,0.0019651128067776375,-0.14017585556203344,0.0035315262058116985,-0.11427196252720638,-0.005492932330062337,-1.039991686615182,-0.05654269473033125,-0.6330576833626894,-8.56398360570543,-3.803459727839164,-11.679574444444528,-0.08437083971769783,0.011389245184857217,-0.035151191011022744,0.036308297635005864,-0.05528627444394954
0.7271939363784365,-6.031197972903528,-6.7301229449799695,0.02712631957441298,-0.03401355060377803,0.0035468997687203114,0.04780680055822755,1.88015806500697,0.3743477564443015,-0.13008451453112038,0.24535827489654463,0.35995761489135675,-0.9705461313932114,7.129065283788666,-0.09181976918732848,0.004203338192126442,-0.03353690936921362,0.03250926257293798,-0.11330042248181375
-0.7322975919621155,2.3513137454839512,-0.6666651901962455,0.0019651128067776375,-0.0606902476546359,0.0035315262058116985,-0.21307619435749262,-0.45075309743134195,-0.3413053644932324,0.06080101915173874,0.3398910957361574,0.3005830355426625,-1.086208133284819,6.79559706298353,-0.22161968088587405,0.011389245184857217,-0.03714771660185973,0.03594525263728098,-0.05399630391058398
0.5749167859644843,1.1583657941603376,-4.283628926848738,-0.003249944402717946,-0.054542964342807164,0.009393664679388559,-0.08423134157942477,-0.1914830088216424,-4.395069824334298,0.034385908571566585,0.37380594178648796,0.4072984078431604,3.0922348461050495,-9.98704499167445,-0.26257373250696014,0.006685044117566529,-0.03750025204851365,0.038918945089202815,0.019839244873181637
0.05853230153725581,-1.2290018449757283,4.961465518528287,0.0058948975426403195,-0.021638355980100075,0.009378291116479946,0.23264909982651572,1.7240106045655512,-0.6608876899877237,0.11405110144936409,-0.012954717713166246,0.3828911226290129,-0.1244947482554067,3.509863653366599,0.46556608544639067,0.012137299596993334,-0.03501316158607127,0.05675196180775108,-0.492344463077542
1.6158718232568519,-1.50111540609644,-9.504795375352485,0.013558119647608724,-0.23349690918216337,0.009393664679388559,-2.421350013264714,-0.25989350638091574,-3.617208630370242,0.2625126599967616,-6.354938416473456,-0.3500803644449004,-2.923545847755477,-9.254774676241631,0.44961841643296085,0.004203338192126442,-0.033357735067800855,0.05424663382376715,0.19337407262720985
1.1756617299702397,-5.846984859006396,-2.4816587061102977,0.007626416575559702,-0.05467723628878193,0.0035468997687203114,0.01761908039203263,-0.11349954349752975,5.469702974051062,-0.11322300523808494,0.053667533405436306,0.46110162654601655,6.750329440331012,-3.591548922347025,-0.16331911860622686,0.004203338192126442,-0.03830962203187682,0.03352871921910685,-0.0636164632992294
0.005463200346405403,-3.243145289562398,-8.603466648414317,0.0021980715566636577,-0.05467723628878193,0.009393664679388559,0.009306847641685306,-0.07867878424782768,5.0223135909547665,0.3194510576403397,0.5049792943675847,-0.09028820777521047,1.6508618191725009,-11.027438601840265,-0.18498758625940304,0.004203338192126442,-0.0363322162884574,0.043536157820926194,-0.07445035331235142
0.6478758392118956,-2.204063852943232,-2.756253327040976,0.0047285094954459105,-0.2146892953882377,0.009371587074330672,-0.627783953565858,-0.19451129136036954,-3.3554385401754523,0.31307558537619684,-3.478937750063696,-0.1342324711920911,-2.320347956739369,-8.23306512308623,0.5033123968620422,0.006685044117566529,-0.03555738848760682,0.05421086596457574,0.18027318598389408
0.631048900999984,4.903416623221725,10.309102148911975,-0.5499329492519792,6.791562379014632,0.009393664679388559,-0.19718664214679513,0.4984958073183982,-0.8625966445080812,1.750807685104912,0.10999057319845232,1.0289360656290287,-2.185409281886788,-9.710264826398303,0.12438461959680809,-0.6369955613331552,-0.033260256695490736,0.056801850762581374,-0.5831437606896862
-0.9884961923081245,3.691078600248227,-1.736774083485487,0.0007511495326533787,-0.0649999000099432,0.0035315262058116985,0.010015893223470549,-0.03856868593523845,9.593626603077771,0.06541930292053669,-0.03194169962642449,0.6675645954709976,5.654149031483041,-4.13065097919926,-0.1592341824490051,0.011389245184857217,-0.03778453076599129,0.03532687463672248,-0.07310229738987536
1.5427431069810886,1.5173513962329055,-0.30632085680116383,0.00660498882606711,-0.06105284878091267,0.009393664679388559,0.15662554631949796,-0.6083814518437052,-4.272399194770045,-0.09389508549272527,0.13941260469326203,0.8232556975391767,0.52482550939462,-9.061942933322674,-0.41791602611266226,0.004328718812284688,-0.03797516278477627,0.05556426472284162,-0.11061766033037228
0.8474427114884152,2.356629868640067,-6.8348881540998025,0.0019651128067776375,-0.03029764827859039,0.0035315262058116985,0.13954949211615236,1.2056816612164092,-0.6873781503213591,0.08217624977228069,0.7037997732048419,0.8053429284863033,-1.1132505654600702,7.614437571780371,-0.3593752725362328,0.006685044117566529,-0.03845225228512703,0.03349948039645898,-0.05463429283703078
0.23834869639636574,-4.317702260539332,-3.5197365099320397,0.0047285094954459105,-0.215408776932552,0.009393664679388559,0.29512461224579806,-0.130934509945382,-3.1704435020865476,-0.08404909522292066,-2.9565153049306274,-0.13336302812178258,-2.9372905571927737,-10.307718256133997,-0.1841376407341023,0.006685044117566529,-0.035622662490679635,0.05433059447539176,-0.11869248779401104
0.6220271603108073,-0.45219851811422307,-0.11400977539255722,-0.003463232212118408,-0.035788308313058806,0.009378291116479946,0.07177769633150134,1.1978136217748752,-0.27758016754573006,0.03235512839946837,0.33683739820915815,0.4391962670255343,-0.7912097807842693,8.266304185965035,-0.3089869537067982,0.011389245184857217,-0.03310762577205331,0.038918315431645825,-0.09118260076694348
0.5315361856495913,-1.0808632095411514,1.4487129686788671,0.0058948975426403195,-0.04672102344862461,0.009378291116479946,0.2528012441046683,-0.6311623302347751,-0.6357850305811028,-0.15395781951640977,-0.22858525539366698,0.5640481177668024,-0.279040205172016,2.8936373818692958,-0.3425648843390262,0.012137299596993334,-0.03762015456633965,0.05650386665171459,0.16459550872955145
1.07920102898604,1.3783538518237024,8.52808151604439,-0.004463907676842204,-0.09012987111268721,0.009393664679388559,0.04134800872127468,0.014443313103040235,1.7611189231968338,0.06126757262952992,0.3704799109392188,0.6040400170817076,-0.9133789716382125,7.112561636790766,-0.5726981632981727,0.006685044117566529,-0.03570716557578761,0.056864266913595175,-0.10337439150593009
-0.5192989203159066,-1.553306980463125,2.2201896728510473,-0.004677195486242666,-0.1454371526574425,0.009378291116479946,0.03926006189641492,0.20852198569767205,3.855671875934665,-0.08407676707173291,-0.4188850087207138,-4.5712323869555425,-0.1645951111759877,-11.544073500911397,-0.18197226731167762,0.011389245184857217,-0.03182743715897948,0.05180234491107004,-0.7495285212780031
0.8310078351857751,-0.4385168165235548,-12.91924474020673,0.0058948975426403195,-0.05514736881353527,0.009371587074330672,3.1349388995453156,-0.3378509765560024,-0.7611709166899623,0.06542302494107087,-0.24275718488493317,0.46957937171403935,-0.846499822286192,7.627329473458014,1.1605967643844728,0.006685044117566529,-0.03799648402857597,0.05532752449979727,0.14950151475342394
0.4407541494653591,5.385392628894495,21.383139613514075,0.03266764854749163,-0.02782943119773352,0.009393664679388559,-0.194401213129026,-0.16025284568877865,-3.8180586779519277,-0.06534449810103327,-0.07309303962735232,-2.7116745377973497,0.821574891834685,-11.889827833475126,0.42124589601448986,0.00441899833920029,-0.0354824395525029,0.05948149738709724,2.9608350823457554
0.7720606042976194,0.09508260946414215,13.756070375197273,-0.003463232212118408,-0.1339553569795495,0.009371587074330672,0.2288468909898641,-0.11504897858117198,-0.3904474921545413,0.034675756129431426,0.4230188867357244,-0.07894888925928369,-0.8062646689858215,9.281606516071655,0.46028927932217195,0.006685044117566529,-0.030248716502515642,0.0567206664117104,0.15482724898675299
0.39547978154068986,1.497919384083806,-6.205176792244152,0.0019651128067776375,-0.034238698444173085,0.0035315262058116985,0.5264601394709691,1.8192067066125892,-1.6463310084254077,0.07033779424416974,0.32472956547123105,1.0295168108557649,4.6457540329493705,-3.94587493969752,-0.11941254840920275,0.006685044117566529,-0.03716891957716771,0.033052301350580404,-0.07561290789389634
-1.5882978568866566,-1.4543252525890806,-12.870940791658944,0.0007987247595832279,-0.2037008264006715,0.0035315262058116985,0.3051927901194272,-0.31862420376647027,-2.1558209612985286,-0.24275127231128754,-3.4803632078870432,0.5892792573629414,-5.4785867695436865,-11.023591838208658,0.10166420201654969,0.011389245184857217,-0.03521583311480592,0.029237482775756475,0.09226936412886846
-1.4998462851515062,-4.8059030047736835,4.4944684390062974,0.0021980715566636577,-0.12943654153150086,0.009393664679388559,0.0059091451442023595,0.15614304328892725,0.8447199743762269,-0.4424079070296955,0.7273725779762532,-0.32113295483554505,-1.1347664048659212,6.439820029687226,-0.47954212953044084,0.004203338192126442,-0.03662402818211422,0.05685711008997344,0.17390942750624397
0.6185937693236571,0.088999755893219,-14.03566065044524,0.0002468719498855635,-0.20365127727905,0.0035315262058116985,0.09421456359117106,-0.08244226703047852,2.743901929202506,0.05050098041004985,-5.970501532188119,0.5020879712973784,-4.443706047211698,-10.056114628046705,-0.32280740291757143,0.011389245184857217,-0.041353240723066925,0.03317011088905576,-0.052460131996998935
-0.194215572165929,0.5730513959806643,3.4569868843056426,0.0058948975426403195,-0.05198232054403369,0.009378291116479946,0.2528012441046683,-0.6302862411672117,-0.6217911196800305,-0.15395781951640977,-0.23439090583339298,0.5598104300392418,-0.2656356517345126,3.27826514568213,-0.3425648843390262,0.012137299596993334,-0.03761157687522502,0.06469758652291861,0.16459550872955145
1.3456019382262276,-1.9562580285864963,-7.708264776170614,0.0021784006161781,-0.04872102135410588,0.0035468997687203114,0.02216112880667865,-0.5125675345931954,-0.35946616988004343,0.03047619780046517,0.7790172126652749,-0.15700071737612112,0.3756216424730873,6.05269426973882,0.60866494965478,0.006685044117566529,-0.03841486209928389,0.033960405395791836,0.13129588052539395
0.5959817874001725,2.5394253589565556,10.531163390571388,0.0019651128067776375,-0.03029764827859039,0.0035315262058116985,0.13954949211615236,2.268110602778863,-0.34098454176204657,0.08217624977228069,0.6046052065016841,0.8232699364514195,-0.6609164466037828,10.698424511110654,-0.3593752725362328,0.006685044117566529,-0.0309632069212111,0.03349948039645898,-0.05463429283703078
2.5645897075818773,-8.971190772901116,-11.183212009854133,0.013996149310973458,-0.04027788417696339,0.009393664679388559,0.12410275813890133,0.549613038986952,-0.909928766453788,0.5561160671060006,0.3113800859135329,-0.024714033799671332,-0.20121851013586797,13.917776838477165,-0.10741361084333872,0.0027787443463817016,-0.03684935841249902,0.05710766798285356,-0.11333847628901987
0.5256425689933037,5.155825989222874,-1.836484484426306,0.021697974555516933,-0.05467723628878193,0.009393664679388559,1.2147844001507473,-0.02352052957918191,-4.852458371410499,0.3660573537909461,1.9093498316154582,-0.1291891731743776,3.3018875492820783,-12.049556230833954,-0.06777945594315943,0.004203338192126442,-0.02696858992508104,0.038918945089202815,0.024776931791687544
2.9310506128535443,6.560787646651178,-3.881809332411794,0.007719729589256749,-0.05793414319897307,0.009393664679388559,0.11288647785299306,-0.6635337366310934,-0.6502192116154613,1.5203053773566295,0.6065941152317522,0.32267118271349576,-1.1079550654237393,5.719686643757082,-0.2525601135558655,0.004203338192126442,-0.037435698533151957,0.056558129343434335,-0.12502422303257754
0.2691070903717618,-3.0712843603780935,2.9684388236688526,0.0019651128067776375,-0.053498164682653684,0.0035315262058116985,0.08881849637983859,-0.4763699517996181,-0.2397689889426352,0.0031169861563813913,1.108327477839732,-0.10999316725070638,-0.1555130455688675,4.586022868734649,0.2944711548219862,0.011389245184857217,-0.03753574161422605,0.033867215086191164,0.08510128681658521
-2.8049928690342454,17.32702431199471,6.2947257449874705,-0.0017240203817938515,-0.0680739197502906,0.009378291116479946,-0.13978826266075287,1.3414420583022133,-4.42350261760711,-0.27739746126105724,-0.5817586212357344,0.8943924896209124,-1.6585274522003972,-1.1579932784644247,-0.09148917044949094,0.009032919879575376,-0.0368939899435016,0.06788643216695961,-0.09658137393104319
-2.779209799930315,-0.9336665897483303,16.939595367034762,0.0047285094954459105,-0.09726866061887258,0.009378291116479946,0.34217435724117046,-0.19728621832522925,-2.6969328074903296,-0.3275581535270875,0.9415569909258215,1.0720016725220116,-0.17375184557197257,-5.021878204193652,-0.21749167375274256,0.012137299596993334,-0.035200973299462576,0.06569399042900295,0.21237193288315673
0.4347008509432379,-3.140224890773584,-7.377258220400435,-0.004677195486242666,-0.0351114679910584,0.009378291116479946,0.08175313802699978,-0.08729630224848944,1.4078391768865606,0.039013322116556344,0.24257947269393257,0.24186401091904836,-0.4919125708189098,6.892949889012087,0.3243887719628107,0.011389245184857217,-0.04520265664720675,0.039933202392189414,0.05977416034235547
0.23834869639636574,-4.317702260539332,-3.5197365099320397,0.0047285094954459105,-0.215408776932552,0.009393664679388559,0.29512461224579806,-0.130934509945382,-3.1704435020865476,-0.08404909522292066,-2.9565153049306274,-0.13336302812178258,-2.9372905571927737,-10.307718256133997,-0.1841376407341023,0.006685044117566529,-0.035622662490679635,0.05433059447539176,-0.11869248779401104
-0.9391841696910425,-0.14596204415166136,-0.03977871224439613,-0.003463232212118408,-0.14644085749896113,0.009378291116479946,0.03849245361228702,0.1147451783536657,-1.7836261178676283,0.49703561563574183,-0.09866513963384542,-3.651534070594274,-2.345329206941606,-11.14181359756263,-0.06273175918779872,0.011389245184857217,-0.03588118267429418,0.04713566226286165,-0.7617646942214665
0.8548054974996268,-0.10621840011985847,4.002221622839165,-0.003463232212118408,-0.1339553569795495,0.009371587074330672,0.18127288122242452,-0.12260343653369084,-0.6727797032875639,0.031383171938036344,0.4230188867357244,-0.22716079266760159,-0.7644741109072014,7.854624382746039,0.46028927932217195,0.006685044117566529,-0.03769442044470155,0.05655003037353476,0.16489325943208794
0.8179116025741662,-0.04741458800903148,-5.264620187340247,0.0021784006161781,-0.05051753528470423,0.0035468997687203114,-0.12841571416150274,-0.5104078911544008,-0.3029194370293333,0.02656489629631982,-0.08636317128415291,0.7481450044184796,-0.8807475168362986,6.4526597419817735,-0.42304526205947524,0.006685044117566529,-0.03800461226923809,0.03306551508009708,-0.103258306642128
-0.5595164048676099,-2.3874972609716183,-5.540438068156013,0.0019651128067776375,-0.05542895055922681,0.0035315262058116985,-0.29631707366478643,-0.4742103083608233,-0.30555596236046556,0.05639735137142964,0.08398706284936144,0.5333950566116689,-0.8008994200071075,6.22092194993255,-0.22161968088587405,0.011389245184857217,-0.03802464633843953,0.031249427359498913,-0.07980194111311971
0.052701517114437046,3.056900421656203,-2.116795441647606,0.0019651128067776375,-0.06087148447575217,0.0035315262058116985,0.14651004970940987,-0.47549386273205474,-0.3883849079841261,-0.16449437846060705,0.526881529074437,0.3647846382886199,-1.2919947850570168,7.555150603507918,0.2944711548219862,0.011389245184857217,-0.037659613164302136,0.033867215086191164,0.08849633218045852
1.45710006141544,1.586571893418679,-0.16170281339610998,0.021697974555516933,-0.05083304405179526,0.009393664679388559,0.02218112470039007,-0.697417030658864,-0.08857918760326054,2.3422275341766414,0.9168505724332155,0.0013940255042530908,-0.18030495504684393,9.425397709361327,0.18899656326447115,0.004203338192126442,-0.03171220651816223,0.03890447843390224,-0.0945428359881691
-1.5390808954445414,1.9241091065137694,-15.873937969660261,0.0019651128067776375,-0.14572137595464685,0.0035315262058116985,-0.10328475549686068,0.28079593949490345,-3.0631553884035223,-0.40025709445265767,-0.48731017213449546,-14.762109000079702,-2.4926979167917067,-14.120234926721881,-0.0628442845295731,0.011389245184857217,-0.038920868863915055,0.03540650054976287,-1.1010735672997367
1.493614333844614,5.218162216108163,-5.956290777336288,0.0013458470439213256,-0.14572137595464685,0.0035315262058116985,-0.17538569402473803,0.10658761330709429,-0.5898043840120856,-0.07703010060187822,0.8117716917185345,-7.175786472256862,-6.66073959322074,-16.524831625326655,0.8058482240174507,0.011389245184857217,-0.032176095629331526,0.03637634047164999,-0.09142361023686821
-0.9126433645077653,-0.3277810833460574,34.654234420795945,0.0019651128067776375,-0.056154195175019336,0.0035315262058116985,0.0904858488382934,-0.3772977035468078,-0.38786002870692177,0.0031169861563813913,0.31680616211344453,-0.05275777578362,-0.0334506174845944,4.258938455663316,0.13994766957422972,0.011389245184857217,-0.03432225301425865,0.03240957577557288,0.06763930773555285
-0.3957043880823011,0.5246990440980157,-5.496938483733143,-0.003463232212118408,-0.06492868922946114,0.009378291116479946,0.0018562552895890635,-0.23904812566653705,-2.433170008234164,-0.10632381845110493,0.6424065661890073,0.055087888504368084,2.385412326864959,-10.460800196519207,-0.08425831437592346,0.011389245184857217,-0.03861601957726193,0.04697000473432114,0.07089011910511767
-0.7814464467188574,1.61538087823438,1.0679280304916665,0.0058948975426403195,-0.04206174309447852,0.009378291116479946,0.33744119342976403,-0.6890113351947575,-1.3047730257879628,-0.15395781951640977,-0.19768378724452762,0.5090166859057783,-0.0986308515914606,2.8030734577129346,-0.24968215429402263,0.012137299596993334,-0.0373192944930381,0.06494746402157682,-1.0558441149611306
1.0319022392988857,2.1580972519462445,0.6334864528041394,-0.003249944402717946,-0.050698772105820494,0.009393664679388559,0.009595656083532916,-0.5231184337927977,-0.3107408136580561,-0.03461709630321821,0.4497718218876336,0.4207972770709022,-0.7229097547922566,8.832209111395732,-0.46432078723578185,0.006685044117566529,-0.03774343056220345,0.03890447843390224,-0.09948052290667497
0.286931171846078,0.03411306601579289,6.722038108358554,0.0058948975426403195,-0.04206174309447852,0.009378291116479946,0.2528012441046683,-0.7250188133586163,-1.594397194955213,-0.15395781951640977,-0.2009378350771016,0.5090166859057783,-0.10593754721353535,2.4674409584961388,-0.24968215429402263,0.012137299596993334,-0.03641933862073857,0.06478435035134372,-0.9129823313910668
1.1631228870054944,2.617357354993037,9.309779542205217,-0.004677195486242666,-0.1339553569795495,0.009371587074330672,0.012942279707042913,-0.10647552036902906,1.7545795819994976,0.05463630990599341,0.6128899914848831,0.45836818315148786,-1.0397927118236838,6.312016872747624,0.48616497481486326,0.006685044117566529,-0.036011533495782004,0.056821342230782036,0.13683315372215896
0.24203351341341758,0.7185633737544661,-3.1278649405149106,-0.27292592855454745,1.9343393532213184,0.009393664679388559,0.009306847641685306,0.4597688421009262,8.360626270117878,-0.00393536180672645,0.2266373928052896,0.01728405789314487,5.420938703571795,-5.956213936783606,0.25555942865671705,-0.6369955613331552,-0.03592275839206314,0.038997819881081225,-0.07445035331235142
2.309650667321212,2.3178020999556033,-2.782921155135649,0.03266764854749163,-0.057752906377856794,0.009393664679388559,-0.3758329055998928,-0.5843799644999194,-0.4996209756172442,-0.011677094409241,1.1178231429279697,-0.11843513786128071,-1.0111481828596571,5.872700330454818,0.424011908174096,0.004203338192126442,-0.03469148168100671,0.05609035621277776,0.17994463977363273
0.7058310066062858,-0.284166998804397,0.4591200556028757,-0.004629620259312817,-0.2953939779542498,0.009393664679388559,0.2693485016909405,-0.12472782928383482,-1.6404246312970894,-0.15916952961441502,-3.027516574012415,0.22178391520232493,-3.5398331656131905,-12.038187291466196,-0.15362025783876174,0.006685044117566529,-0.033962076635089156,0.05450123051356738,-0.0798418748513223
-3.6266633409785176,-2.7913239639508434,-1.8592671741458109,0.0019651128067776375,-0.1454371526574425,0.0035315262058116985,-0.03103108321991258,-0.04252523709102197,-1.0042045635481516,-0.05654269473033125,-0.3922726306380732,-5.793488760905959,-4.868169956361925,-12.561171181589021,-0.08437083971769783,0.011389245184857217,-0.03503159846760733,0.03607590690463704,-0.05528627444394954
-0.36093162167009185,3.1901283680814645,8.089416600473612,0.0019651128067776375,-0.03928537478258926,0.003524822163662426,0.1331731065767581,-0.5078886226002223,-1.7648864283019654,-0.24183437072232752,0.6716867212438595,0.6902593127712298,4.223379352062155,-7.416096590437807,0.15159847858029407,0.006685044117566529,-0.037696842573780094,0.03874093936306632,0.02681707686615266
-2.247073449197991,1.9803826471421837,-10.254995348761723,0.003468229296298271,-0.2037008264006715,0.0035315262058116985,0.24230347441933242,-0.26981554309026967,-1.7817244404319088,-0.24275127231128754,-3.515614851774598,0.6167000343772682,-5.451799138371027,-11.87008354934979,0.10166420201654969,0.011389245184857217,-0.03591242780157737,0.02927250012533492,0.11381613993138971
0.9733170544361869,-0.5677202040702943,5.263980796267514,-0.003463232212118408,-0.1380453208209468,0.009378291116479946,-0.12188370295005585,-0.1236555513618514,-3.4044016677115754,0.0333951409110555,0.5060851299631495,-0.5969325170622801,2.7069819681075993,-8.77683336072505,0.11577092351056373,0.011389245184857217,-0.037779179377847166,0.05650573308137966,0.08297655377680271
-8.510475116572634,10.271459903617012,6.763088556979041,-0.0040242075043249595,-0.07797940757177214,0.009378291116479946,-0.16325480503468798,-0.2735128053698006,-1.81593267830284,0.08776246650676993,0.14555025481264836,-0.2741318483873221,0.03842126286189705,2.061454931058729,0.032221818553562216,0.011389245184857217,-0.03897990009109624,0.06225236425433416,0.15162011493428348
0.38220371923778695,-7.298470219355093,1.0481304790350912,0.00478015677945068,-0.0288172420088949,0.009378291116479946,0.2504900098651287,-0.9938933034085389,-0.9869925959227757,0.03204033198431498,0.3219482132470097,0.425052531112772,-0.7679921912459179,9.06072907823816,0.22745825749726606,0.009032919879575376,-0.03277185007561736,0.06529801582370537,0.14670658966200362
-5.4072601580239645,-4.828459187955955,-4.995220419125692,-0.0039792515194733424,-0.06097447095184027,0.009378291116479946,-0.3036597879652241,-0.007650979791894773,1.0041426489746144,0.05300225076556347,0.21688553902175858,0.44137139216341026,-1.0343012903081623,8.177151957745995,0.6049517556603895,0.011389245184857217,-0.040559085833072446,0.06264332386951697,0.30538509305947914
0.27926912819660343,9.9956432816973,9.94905686513509,0.02712631957441298,-0.05467723628878193,0.0035468997687203114,1.2855734357515909,-0.18567041135873577,-2.267425026571786,0.6055319063399578,2.128080190714551,0.3423135600369587,5.599954402904424,-9.14216075346858,0.015327180977949039,0.004203338192126442,-0.029248834142619744,0.03411209395848087,-0.07677249878561067
-0.2818687439510823,-1.5606436062450926,-0.7388853314365762,-0.003249944402717946,-0.13611819377779985,0.009393664679388559,0.03538014154164512,0.10755675663227847,-0.4841159890203007,2.091481181198839,-0.25410716266993755,-6.152032608412757,-2.3195537384231653,-12.490446500448897,-0.08559711655882957,0.004203338192126442,-0.035263651595719155,0.039035132701258295,-0.7508855368248698
0.4940380076343709,-1.1082959848701244,-9.498052714779682,-0.004677195486242666,-0.06471567671273883,0.009378291116479946,0.0017036604731232251,-0.07350687499783924,6.218018198521064,0.06747455426744277,0.31797204618975417,0.27194500674171085,-1.2949522295813047,-10.52040449694681,-0.18197226731167762,0.011389245184857217,-0.037461287521900304,0.05163668738252953,-0.045300890664537956
-6.9868724355977605,-2.078575188624153,-3.2843541774047385,-0.1573039916273142,-0.06097447095184027,0.009378291116479946,0.3626479628230156,-0.22903404175172296,0.21304961021572602,0.04770239290774705,0.34123837718068667,0.27908899479754545,-0.759424992215254,7.086827822920725,-0.13001230585763335,0.011389245184857217,-0.039497021217052904,0.04741495539163822,-0.1148809285791394
-0.6926761410001708,-2.2363016702341287,0.7097775150037011,-0.003463232212118408,-0.06115570777295653,0.009378291116479946,0.07625302365669281,-0.5285546298179343,-1.2807590094954289,-0.05573768614087279,0.6309623487001919,0.2625648922212065,-0.6694589471919021,7.6813599701983035,-0.1207337824589851,0.011389245184857217,-0.03835743028840496,0.04700500799550561,-0.11035968030327153
-0.18516966482033473,-0.2582468981766357,-12.300558958592331,0.0019651128067776375,-0.0368087442418209,0.0035315262058116985,0.014421728012734811,-0.3971083143536066,-2.9905891368026745,-0.052287853189515995,0.7898246761442499,-0.5671682941086105,-5.061265605496862,-11.985744647843548,0.09709311445271268,0.011389245184857217,-0.038875475568652125,0.03388034024444532,-0.03596008436230021
-4.593255569284774,1.0636666747233647,-4.704851852085815,-0.0006092796186042112,-0.12670246372979124,0.009378291116479946,-0.34846819545050556,0.07452804709114451,-2.1133959915490546,0.38053194867649043,0.10525984185711437,-5.4638380775581235,-0.8278482029204495,-0.5629446889237947,0.302775292043515,0.011389245184857217,-0.03735248927174435,0.06326822122851124,-1.9277966988220319
1.2009002513983886,1.4996522737419113,5.303554853030027,-0.003249944402717946,-0.1334619705896038,0.009393664679388559,-0.39031897371324004,-0.14413918137406875,-3.3448957400507666,0.015754726636566782,0.632456249444022,-0.34863310987107343,3.569260584606157,-9.910732596489655,0.2500834573867499,0.006685044117566529,-0.03738646783691865,0.056550794971541696,0.17004785166409553
-3.030806792343375,3.6376603655506377,-0.7587140391271563,-0.023037053524559883,-0.06097447095184027,0.0035315262058116985,0.35097404473061505,-0.3932860798525995,-0.07893037571540516,0.07038628002043677,-0.005520657338215171,0.5302332007375518,-0.7764420185527492,5.8403250261247015,-0.044920351315602014,0.011389245184857217,-0.037251891986810955,0.033501250566362765,-0.11413746403872456
0.4687565583868581,-1.3449600953646477,1.439841228501303,0.0058948975426403195,-0.052266543841238064,0.009378291116479946,0.2528012441046683,-0.5977143300977564,-1.5965150794560483,-0.15395781951640977,-0.3499173977663174,0.5608862618926853,-0.10593754721353535,1.417784313176684,-0.24968215429402263,0.012137299596993334,-0.037375349658187916,0.06469758652291861,-0.571400050649185
-6.541704306096463,5.119101435080574,6.698492856001966,-0.005238170778449219,-0.06450703595014602,0.009378291116479946,0.09022340257877838,-0.15974673185682656,2.5061210218135086,0.35559083274661046,0.2818854612802367,0.4066807181348784,-0.22862183378823012,2.0505402232923764,-0.18338858512136821,0.011389245184857217,-0.03691961035320167,0.06266408584410223,-0.30992629996282656
2.452353762655126,-0.4753690555189346,16.71087056598948,0.00655334154206234,-0.09066736529724449,0.009393664679388559,0.4201867878210616,-0.19439681244520746,-2.561879030290799,-0.21712730688498585,1.1003169396242152,1.1009375834811956,1.0946498670632934,-2.4908669082629626,-0.4605683138720143,0.00441899833920029,-0.0360147896180371,0.0575934608673996,0.01115498460150609
1.0884496915381368,-0.1405445880499818,-8.666887046736104,0.0021784006161781,-0.04872102135410588,0.0035468997687203114,0.02216112880667865,-0.5125675345931954,-0.3312040149585544,-0.011706066936370017,0.9526446155415121,0.5341644690635984,-0.6889779829228849,4.645210307668611,0.60866494965478,0.006685044117566529,-0.037507260756008944,0.033960405395791836,0.13129588052539395
0.6958251167642848,-1.8169612475215926,4.386963775855488,0.013996149310973458,-0.025882426761205987,0.009393664679388559,0.1786245499672148,1.4677679283654963,-0.795834608766289,-0.07320970025247686,0.6055442309549519,0.017413869366211643,-0.653082036773422,6.649596577050183,-0.3016069148714077,0.003524022017197653,-0.03571127374356193,0.05654692049755715,0.19944252234985319
1.080001237620795,0.11907315011968816,-8.535245187618074,-0.005181473069010482,-0.20365127727905,0.009378291116479946,0.09281095344323806,-0.07374816884229696,5.057200157466455,0.08505045276450764,-1.9666451586826856,0.35407012052024706,-4.863996807277523,-10.61986591606379,0.8000479007040671,0.011389245184857217,-0.03738613136125109,0.053283486913395836,0.1993844942269697
0.24603121755936425,-1.0689764282857557,-3.1009890127037716,0.0021784006161781,-0.050651807230679,0.0035468997687203114,-0.04517483485420893,-0.5015155022799657,-0.3378213111788797,-0.11377287642377243,0.5112247020092874,0.5199826063240247,-1.0697041314641598,6.953890759958738,-0.10125282081409687,0.004203338192126442,-0.037496389703631325,0.03414709721966535,-0.08808345347690329
0.5648179609198507,-3.788329008796227,6.972099576086926,-0.004677195486242666,-0.14866451866900868,0.009378291116479946,0.03330682665911311,-0.06265425540627687,6.595617652031273,0.11127042930996921,-0.1877093477637312,0.38510405738011916,4.159227206364469,-4.181630307895599,0.18954184822065226,0.011389245184857217,-0.036102784960973223,0.06492263639039231,0.07955676074377162
0.5774025250679662,-1.0111181306190475,0.34673226599954443,-0.003463232212118408,-0.03522817002888027,0.009371587074330672,-0.002997039600528054,-0.5374114794321013,-0.386649911730695,-0.05573768614087279,0.6486535883926564,0.3895667835152239,-0.6713927221823267,8.695439727353504,-0.23457058155744345,0.006685044117566529,-0.03858587831063907,0.038868710574710835,-0.08513823318396685
-1.4915634744122346,1.2009089963966544,27.2445888418309,0.0019651128067776375,-0.05963842440079242,0.0035315262058116985,0.02522548299407924,-0.3475511285849132,-3.761046486557083,-0.052287853189515995,0.36020327783667,-0.34135493854527243,-3.0860786503261224,-9.462948831562011,0.053427460792916555,0.011389245184857217,-0.03419903114409417,0.032374572514388404,0.04887090925565076
3.0841736532203234,-2.4829014087759727,-4.178292475901925,0.007719729589256749,-0.0570896610615923,0.009393664679388559,0.11288647785299306,-0.3247585504685166,-0.6701555352068962,-0.004687639395082094,0.46507142413028024,0.39159687830694756,-0.6937872983404537,6.119181457259094,-0.5743525548012438,0.006685044117566529,-0.037660980473900194,0.05606268732348593,-0.12502422303257754
0.4276805477513086,-0.01337913251477916,-5.425002118695973,0.00258844565563403,-0.19522304885038047,0.009393664679388559,0.8034906980433382,-0.22822837815410796,-0.2320212833532327,0.8904581469669893,-4.3607733079718605,-0.30416758930838844,-1.9095610358487278,-12.768336794927835,-0.10027978929451438,0.004203338192126442,-0.03703306008514277,0.029751249281039192,-0.06947702894833155
1.5802215504264243,2.9575141082938847,9.966820150123816,-0.004463907676842204,-0.12943654153150086,0.009393664679388559,-0.003789947409391203,0.008068654502887164,1.2887506921190397,-0.007136841051621304,0.5977174507097656,0.18063081020483412,-1.2536682044686773,8.788993124718502,0.8476374017942494,0.006685044117566529,-0.03564252040600711,0.05685711008997344,0.18426722331161396
0.34487490654037656,-4.0201336580531555,9.81803554471957,0.0058948975426403195,-0.06163451792804816,0.009378291116479946,-0.7377411690052709,-0.07631483591159802,-0.8793486717279405,0.04948482243392457,0.4514470698196566,0.1331487472585962,-0.5842914280377083,6.120562549855346,0.33152687671420533,0.011389245184857217,-0.037916620880637485,0.06547638006307757,0.1272087070857832
-0.24576213164325897,-1.1879210966402578,30.990471460003963,0.0058948975426403195,-0.020913865296747474,0.009378291116479946,0.2483259167794769,4.9581113776000425,-1.62529242535926,0.11323915066752559,-0.24458754896445747,0.3797292667548957,-0.06601080881706961,6.566232921644499,0.3332034270249685,0.012137299596993334,-0.03281248676577042,0.06489755325951646,5.211798131549533
0.9844521492880789,3.3617720952705645,-0.22223016674387627,0.0021784006161781,-0.05083304405179526,0.011015638098219137,0.010999266231465908,-0.20661345698587807,-1.6084129836284138,-0.03294767385843372,0.24840677093307348,0.42771240057770177,-0.32399636974312357,8.453522813550576,0.2900220793780529,0.006685044117566529,-0.03738912120344301,0.03736100240775268,0.11852447471673924
-6.665686027540059,3.6257982882518527,3.998262580917088,0.0013458470439213256,-0.05515173469710649,0.0035315262058116985,0.06656519324812138,-0.4804378340849224,-0.6494962976524324,-0.879400851585359,0.06752200657350267,0.34999069041768904,-0.5915204606310894,3.313242574863725,-0.18869648517394247,0.011389245184857217,-0.037393370955270844,0.036785339147632455,0.15825537391003822
0.4738239323703848,0.9727436579739889,-7.364682838055119,0.0058948975426403195,-0.05198232054403369,0.009378291116479946,0.2528012441046683,-0.6077051193052939,-0.7313645221919934,-0.15395781951640977,-0.2069077069170345,0.5538306335223179,-0.33040088355149455,4.350348471542947,-0.3425648843390262,0.012137299596993334,-0.03757961685619845,0.06469758652291861,-0.050684070295968525
1.2454284101956634,-0.78430113351903,0.562987426494995,-0.005181473069010482,-0.19838998018364093,0.009378291116479946,0.09281095344323806,-0.03586380121301801,4.273937759423028,0.07738743787376011,-2.157329047299232,0.2881551175906084,-0.46977836290911157,-10.666260978516206,-0.310049883952232,0.011389245184857217,-0.03208859842190215,0.04128620376365876,-0.07392480604743198
1.4834413279525216,0.32430328361628125,0.34126822386373756,0.006056955742575668,-0.09963081125205296,0.009393664679388559,0.40815174747533906,1.0361643338627529,-3.3680263928512244,-0.10766498245777852,-1.139419264548199,0.8386552013507019,-2.304345148115974,-9.010483589354086,-0.44430706875400827,0.004328718812284688,-0.03599250480041001,0.05659567189011043,-0.10675286714460397
0.6958997387929049,-5.562964423528885,-8.109880907859734,0.007626416575559702,-0.050651807230679,0.0035468997687203114,0.026198473155366445,0.047654812952585786,0.29705373471819624,0.10604742017696384,0.31284394875671934,0.2594631461007582,-1.618332047119262,5.804211349941628,-0.1148927005784137,0.004203338192126442,-0.04011684588644019,0.033563722480291325,-0.08760281457430219
0.3049358045667901,-2.39188834674613,-3.6001083102493348,0.0007511495326533787,-0.05542895055922681,0.0035315262058116985,0.09006537077734711,-0.16334779938524466,-0.05695892121028219,0.05282641351598492,-0.08416518779818699,0.4763933167361975,-1.261461984193778,6.2408601005800115,-0.2469679305558521,0.011389245184857217,-0.03825964278800203,0.03347053217069065,-0.06908413596379978
1.5802215504264243,2.9575141082938847,9.966820150123816,-0.004463907676842204,-0.12943654153150086,0.009393664679388559,-0.003789947409391203,0.008068654502887164,1.2887506921190397,-0.007136841051621304,0.5977174507097656,0.18063081020483412,-1.2536682044686773,8.788993124718502,0.8476374017942494,0.006685044117566529,-0.03564252040600711,0.05685711008997344,0.18426722331161396
0.32814842577186437,-10.345105979578653,-13.088899904585713,0.00478015677945068,-0.048650752771425824,0.009378291116479946,0.25496533719032033,-0.7073222793820979,-1.7261834037527581,-0.13275331790928688,-0.18334500296088277,0.4678205528911092,-0.07836778610584713,3.314123908837439,-0.16867549264932255,0.009032919879575376,-0.037957332928876646,0.06455763177991203,-0.12683445753386183
0.43879948068520835,-0.5383755192384386,-3.998332942097429,0.0019651128067776375,-0.035046933207764,0.0035468997687203114,-0.09459915154632888,-0.5228609995770425,-0.3654016994377316,0.05639735137142964,-0.002928041289307804,0.4705358766466819,-0.8328721660350827,6.455139594282573,-0.35709995425734,0.006685044117566529,-0.038046161432097346,0.033029747220905674,-0.08495154590270136
-1.765964048512025,-4.221146715289641,-7.5954074501593265,0.0019651128067776375,-0.05904368507526714,0.0035315262058116985,0.08881849637983859,-0.38857014626082864,-1.5909214613860088,0.0031169861563813913,0.6792562975887129,-0.2556079110563575,0.22783299211260352,4.606967248198959,0.16210849640056407,0.011389245184857217,-0.03842522458287536,0.03575856081340747,0.1296184205526737
-0.900327906946849,8.072063550647819,1.6911222138087514,0.0019651128067776375,-0.0606902476546359,0.0035315262058116985,-0.48854510290325004,-0.45075309743134195,-0.36590888020019097,0.026324684631184612,0.625587972317597,0.3522603961642129,-1.4396095320368398,11.668354181257195,-0.22161968088587405,0.011389245184857217,-0.037711615801502986,0.035850191375067945,-0.05399630391058398
-0.6938528611657179,-0.7877152715069013,3.2786248936197944,0.0058948975426403195,-0.06423850275249858,0.009378291116479946,-0.02649003835134699,-0.08073923172953698,-1.227246310970467,-0.03251017912438561,0.35285233330801097,0.1838495892633636,-0.7842642874476345,6.068690362283034,-0.13559258514042985,0.011389245184857217,-0.03753835509712695,0.06465865890503768,-0.13590338042917402
0.694554607354808,0.23295833804665841,1.5270476071631185,0.0021784006161781,-0.05475597685952949,0.0035468997687203114,-0.676839213750723,-0.5083454815349137,-1.8880940749932187,-0.19407668380143772,0.0494041362608541,0.5699765817024749,5.087786180037657,-6.414476112456351,0.16975760283792207,0.006685044117566529,-0.037585343842007554,0.03429441348225109,0.05450625888886587
0.7260986686201858,1.4167792609036935,-21.700076228413735,0.0047285094954459105,-0.19743017761663945,0.009378291116479946,-0.7111258323854662,-0.18589730015324699,-3.933456723211123,0.09973968114296329,1.8102543806691098,0.9348082358017463,-3.393191179401142,-12.160567998967874,0.2687049021129155,0.011389245184857217,-0.035554665872754784,0.05329079993335393,0.12066853969098824
1.2545752877670697,-0.8603173548244861,9.420206927492831,-0.5627035568398319,3.8941821389296716,0.009393664679388559,-0.24802290971296542,0.7624614076292533,-0.27095761125417295,-0.19449771442362232,0.6985598181950188,0.056542608696322424,-0.746560244762897,7.388266027494614,0.31671381244345354,-0.6369955613331552,-0.03404804020218293,0.0567564342709018,-0.10483259287227012
0.14080248139968968,0.6842918453420345,-21.992152415199214,0.00478015677945068,-0.04250861285415554,0.009378291116479946,0.2108336518071594,1.2382745539771114,-0.7966086401997563,-0.10648039080535673,0.6465649427845902,0.15982403083757515,-0.8648795716742999,11.194385818332481,-0.2129720642251251,0.0051404835037126145,-0.02729343319059925,0.05627479384311119,-0.07442267586904534
-1.1200861099233768,0.01359805667763213,-5.830983216265664,0.0019651128067776375,-0.03733352827222102,0.0035315262058116985,0.07318130647943434,0.8050743719629198,-1.487170403744794,0.0662380472651344,0.22893300031662692,0.7954623489138987,-0.9508821916690775,7.100567264502209,-0.16810039825972564,0.011389245184857217,-0.03827435652178764,0.03533340367326602,-0.1146842336794263
0.04601104926437497,-1.033882292740008,1.8946199587141406,0.0058948975426403195,-0.06471595878016828,0.009378291116479946,-0.02649003835134699,-0.10895590713914906,-0.640646090385096,-0.03251017912438561,0.4814649577142937,0.1748737887969436,-0.7949935888599744,6.617308209629363,-0.22847531518543354,0.011389245184857217,-0.03777712380877067,0.05646493903383366,-0.10156785750356918
0.5337261841773733,-0.19690662953669905,-24.603165938722213,0.03266764854749163,-0.06346931994705253,0.009393664679388559,-0.3898762635535242,-0.13992402627253803,-4.576179526428605,0.24804206031785522,0.10617980176007767,0.5019749906415073,3.33070059100169,-9.442160054628248,0.41417946879609957,0.004203338192126442,-0.03736378078635389,0.0523525830756858,0.1095122633716675
-0.2725190485313096,-1.4823487830612883,3.410390225562589,0.0007987247595832279,-0.1789332647289709,0.0035315262058116985,0.11974297595154539,1.0627361931877457,-0.4665434925783603,0.11709762477749817,-1.4750871088378128,1.6908951465358284,-1.8725814030388719,-14.811413752344583,-0.11184364267572162,0.011389245184857217,-0.03301603825506106,0.03125029093719851,-0.0746634551568597
-0.011594477412319426,2.499354185865773,-3.655709646846238,0.0019651128067776375,-0.058759461778062766,0.0035315262058116985,0.08881849637983859,-0.47549386273205474,-0.33527393856171905,-0.039065278580453826,1.1075371673344783,0.3956718037906898,-0.6972649211583752,4.277826320785545,0.2944711548219862,0.011389245184857217,-0.037163456368598094,0.033867215086191164,0.08510128681658521
1.659924261664281,-5.296640450844427,-8.132841238440857,0.02712631957441298,-0.05083304405179526,0.0035468997687203114,0.20349025635308512,-0.1334885957556734,-0.699098986113952,-0.14142706800118854,0.818122421966463,0.07781610776803759,-1.4664526737739279,10.149878748169677,-0.11297934583464343,0.004203338192126442,-0.03868681568695395,0.033960405395791836,0.13460051979366414
0.8000225792773922,-0.29740611914781334,-12.897692168292474,0.0058948975426403195,-0.05415139277896808,0.009371587074330672,0.047028085997069695,-0.36626512488159974,-0.7159558197865319,-0.13752522490005678,0.4368176773671427,0.38296929681776287,-0.5732920298965533,4.310438593727114,-1.1731638264405082,0.006685044117566529,-0.038052219458411425,0.05602691946429453,-0.10743540320411284
0.14075796938611415,-2.0686436447698404,2.366021307137042,0.0021980715566636577,-0.050651807230679,0.009393664679388559,0.02479486300743345,0.451891222842524,0.8620114991135785,-0.16046703020985936,0.4694355162005998,0.0027873218262572707,-0.3170712042343524,7.94994839085946,0.5313477667214502,0.004203338192126442,-0.03442324009551653,0.04357116108211067,-0.0984367045874242
0.10567609818359902,-0.4842675149218853,6.288390647314533,0.0019651128067776375,-0.059454379617329745,0.0035315262058116985,-0.10105037801955197,-0.3102360788172672,-2.5040076037312446,0.0956922851794604,0.17358722029811088,1.561357652433612,2.426775142632092,-11.753453547843606,-0.08437083971769783,0.011389245184857217,-0.033429334838113715,0.03334949729400603,0.05412950041531196
-0.01701876522429139,-1.096612694001601,8.577547679331273,0.0058948975426403195,-0.02342767778209976,0.009378291116479946,0.07368067525043315,1.3480402588326097,-3.8599909052427726,0.14040036527870728,-0.0068446157990856155,0.9288122280832998,-1.2290248257095646,-8.152568740534594,0.2342544548958303,0.012137299596993334,-0.03519882320330637,0.0567169585465666,-0.5496651006766416
0.5598753019408013,0.3864736226083008,-3.949261415283282,-0.003249944402717946,-0.05467723628878193,0.009393664679388559,-0.08423134157942477,-0.1783164202292983,-4.427565411747755,0.29904194143318547,0.38259329469528136,0.4072984078431604,3.7670584984076245,-9.957164574397723,-0.18794811806255937,0.004203338192126442,-0.03750025204851365,0.038918945089202815,0.019839244873181637
1.5755751846839448,-2.6469444538899807,-3.539118119000798,0.007719729589256749,-0.060933853298578984,0.009393664679388559,-0.39031897371324004,-0.2239055723631543,-3.9702994278166006,0.055789479921930424,0.45794576036608053,-0.09114288734001723,2.502850777931987,-6.673006997676691,0.48622398735345407,0.006685044117566529,-0.03806305500750237,0.05605535295159329,0.16776784578829707
1.4927561326321712,3.185435995050323,6.120626626594199,0.02712631957441298,-0.04872102135410588,0.0035468997687203114,0.03474659742353583,-0.6088993915126042,-0.5105005011059212,0.49901517160354214,1.4534262262815756,-0.06117995573347971,0.20533381076008947,6.489829050876792,-0.3136331625686342,0.004203338192126442,-0.03794682457013716,0.033960405395791836,0.13120547442979083
1.45710006141544,1.8369882841160494,0.49622644891617945,0.021697974555516933,-0.05083304405179526,0.009393664679388559,0.02218112470039007,-0.697417030658864,-0.08857918760326054,2.3422275341766414,0.8406737607496272,0.0013940255042530908,-0.18030495504684393,9.597528922605651,0.3552745514861348,0.004203338192126442,-0.031658512643089436,0.03890447843390224,-0.0945428359881691
1.0270615361144122,0.6532838470308987,-4.295166292601779,-0.004677195486242666,-0.035046933207764,0.009371587074330672,-0.013309958560391896,-0.12735006719921604,0.9985522573499059,0.05495152462370265,0.18073257906775622,0.24296909429688843,-1.5461198609702709,5.711851434274664,-0.10769688402384425,0.006685044117566529,-0.04005288802220774,0.04352823639929753,0.11915627620693496
0.4639635152591314,-0.008231600920587365,0.11868614972308147,0.0058948975426403195,-0.06496277815781891,0.009378291116479946,-0.02971727829874749,-0.30923669730543357,-0.8728424896911672,0.04948482243392457,0.4514470698196566,0.06445033875433866,-0.7112659119456712,5.26105155721087,0.4197943776151708,0.011389245184857217,-0.037916620880637485,0.06419088577438112,0.1272087070857832
-0.5709273587778673,0.3504330954091101,4.650327885086144,0.0021980715566636577,-0.09428957211676493,0.009393664679388559,0.04091001382767523,0.39116795078770084,12.111146684405874,0.6307784890131288,0.6541427391263325,0.11002362240036724,3.4420847963462267,-6.329143760060481,-0.04199657706017122,0.004203338192126442,-0.03553236286070234,0.0568292636524107,-0.07445035331235142
-0.4887573839595034,-0.9836424456419621,2.7056165542242225,0.004634617343492679,-0.06115570777295653,0.0035315262058116985,-0.13255308415283798,-0.06942446701098587,-0.3373188685264026,-0.14985771105295145,-1.2410052403339564,0.5761692644464799,-0.5715497248102305,6.312503529428871,0.16210849640056407,0.011389245184857217,-0.034205648299791926,0.03521923307032478,0.13839379054654025
-1.2627271630644263,4.604819459683509,-25.04462668361428,0.00478015677945068,-0.04985188109253283,0.009378291116479946,0.02811409575228134,0.5456906123463376,-4.648468486729142,-0.11350169050771317,0.6321060998624861,0.19507003067922096,4.764493914058392,-13.226127470563558,-0.11422860088533267,0.0051404835037126145,-0.026821493494106854,0.06357567621884813,-0.09708954876330077
1.3660119108916786,3.1322561059845415,9.01472695200163,-0.003249944402717946,-0.10937385284836486,0.009393664679388559,0.031372567025776274,0.12502998048650157,-0.34421039848036444,0.01138380437831299,0.6221011541265835,0.5957838242476525,-0.9176363805658811,8.973470065851242,0.828030860655474,0.006685044117566529,-0.03269050744236389,0.056813991661760994,0.17895802273482983
-2.1086092109626153,0.02987540593895882,-5.234978791977783,0.0007987247595832279,-0.20298134485635716,0.0035315262058116985,-0.2131917860702128,-0.3158483789159044,-1.90022494674526,0.11059739961672363,-2.389570153618231,0.5040869671128424,-4.380068061123085,-8.033386882113607,-0.08923532717091912,0.011389245184857217,-0.03471001501358858,0.02942417459962999,-0.08605196045969941
0.08020758758774839,1.4033280834919897,8.649690519544832,0.0007987247595832279,-0.1789332647289709,0.0035315262058116985,0.11974297595154539,1.1280908329882569,-0.4634208605473357,0.11709762477749817,-2.0320070706178153,1.6908951465358284,-1.8725814030388719,-14.396401493573979,-0.11184364267572162,0.011389245184857217,-0.026466121312364407,0.03125029093719851,-0.0746634551568597
0.07087411206313281,2.45418213490341,-1.1624213332497355,0.0019651128067776375,-0.03522817002888027,0.003524822163662426,-0.5408869769642839,-0.5282124289570281,-0.3459667736929333,-0.2105380745923631,0.93064235715709,0.2889481962843691,-1.0623222349511545,7.283041914211107,0.5119155852643389,0.006685044117566529,-0.03745884162019262,0.03401969879881347,0.107001743866554
-4.907577493504174,-3.075860180009991,-5.664267129527752,-0.0039792515194733424,-0.15437113243298806,0.009378291116479946,-3.09420071935326,-0.016485216078222432,3.5175628511999,0.054055862047636134,0.36617207503579186,-0.041620557553341556,3.6861508175894584,-7.116854991761022,0.11039468675443415,0.011389245184857217,-0.044785139798661215,0.0637263504282826,0.17983719397725093
1.9187421922170171,-0.4237020249375618,6.499521682416907,0.007719729589256749,-0.042308117655828384,0.009393664679388559,0.15446145323384597,-0.22497831568922325,-3.5852541766034576,-0.13408924799743582,-0.2737410471319324,1.0855380796696705,-1.2509143261843754,-4.002421162713424,-0.43417727123066835,0.00441899833920029,-0.03799744760240336,0.056562053700130795,-0.18899356586081983
0.8919916002102949,-5.04734771897368,-16.988725909079694,0.0058948975426403195,-0.050706430511375467,0.009378291116479946,-0.7377411690052709,-0.5498317658813563,-0.7018099261072734,0.04948482243392457,0.4581985439220596,0.13779837023314756,-0.5354040190071481,3.9484940291091095,0.5837058640689365,0.011389245184857217,-0.037937450722152155,0.05604529432261573,0.1032311376917098
-1.3602141856114347,-1.8688168804169085,-3.3854680735073286,0.0019651128067776375,-0.06521291252666551,0.0035315262058116985,0.26029641628442646,-0.3457432331157516,-2.799620483367241,-0.19579067459057148,0.5344286782827716,0.618852974744316,6.285022889430829,-5.77210267545311,0.0664166682503336,0.011389245184857217,-0.037551241386639594,0.03572355755222299,0.052828798916145656
-1.3485511122807619,-1.0642345366324717,8.573006283937907,0.0019651128067776375,-0.06115570777295653,0.0035315262058116985,3.145078527864505,-0.38857014626082864,-1.891594714084714,-0.07653834031826247,0.8437504443515469,0.4394932210167941,-1.5037509343579765,9.67001840417923,0.16210849640056407,0.011389245184857217,-0.0367591658008045,0.03575856081340747,0.12961842055267372
1.3761720702484297,1.5976093378276395,13.216920332163134,-0.004677195486242666,-0.12734323098913355,0.009371587074330672,0.012942279707042913,-0.10647552036902906,1.8731874241847324,0.10592003828444967,-0.05501943679961479,0.4153802676013772,-0.9835706387708713,5.072052511190659,0.48616497481486326,0.006685044117566529,-0.036001782925927,0.056821342230782036,0.13683315372215896
1.1390043523573579,-0.11429868198996912,-2.69948660739766,-0.004677195486242666,-0.035046933207764,0.009371587074330672,-0.013309958560391896,-0.12735006719921604,1.602842281148161,0.05495152462370265,0.17879290573190423,0.2421558057441818,-0.4939704848032091,7.158479825743176,0.4861649748148633,0.006685044117566529,-0.03831996596067451,0.0555326763726563,0.11915627620693496
-1.8758099845678669,3.7122641072463134,-5.595946935753879,0.0007987247595832279,-0.18019426139092873,0.0035315262058116985,2.3727171484838747,1.31358505316739,-0.5671517958127373,0.09157952934097795,-1.113078227439826,1.0729182930456778,-4.04456937106296,-8.827584330965458,-0.11184364267572162,0.011389245184857217,-0.03230102231755744,0.031006563468723228,-0.08942721599595196
-0.25654498082675803,-8.133313679418976,0.044214174489948764,-0.001939731239195071,-0.30518054433580744,0.009393664679388559,0.41527529108922706,-0.036209484443264814,1.8865702653434115,-0.13674199922772118,-4.7551038104702394,-0.04543549140600538,-5.652793792350868,-11.739979101178076,-0.3130652028999574,0.004203338192126442,-0.034094893614764844,0.05467249990474399,-0.09386710046663439
2.8891976838586757,0.775389263433002,26.209612165190386,0.00655334154206234,-0.054794808742169535,0.009393664679388559,0.4184348471031503,1.338889105835473,-2.908801298801621,0.5525871001048257,0.916225508193712,0.9604740469679022,1.0272750729446858,-10.541002596781299,0.6065543272437794,0.0074330985297026446,-0.03285121560650227,0.05779342760399745,-0.03173063976682428
0.3644054511458429,-3.674980473421863,-0.9791214027938321,0.0058948975426403195,-0.05820859753267707,0.009378291116479946,-0.3474124227127852,-0.15008217914674032,-3.4215309435101404,-0.1162074173766624,0.6834055474897964,-0.037657264029311896,3.2140785186219367,-7.667254412055249,-0.15774659809275624,0.006685044117566529,-0.03793408798466842,0.05648735822305846,-0.08903196656142472
1.3849829794649855,1.965280795805679,5.552025828928028,-0.004677195486242666,-0.1339553569795495,0.009371587074330672,-0.016518859470661743,-0.10647552036902906,1.7020004903141022,0.05463630990599341,0.6128899914848831,0.45836818315148786,-1.0397927118236838,6.0091846450004684,0.4879828790661183,0.006685044117566529,-0.036011533495782004,0.056821342230782036,0.13683315372215896
-7.1770170868219,-0.9788839119606251,-0.6726563266182912,-0.1491122499197499,-0.20938329365219488,0.009378291116479946,0.05629144122726816,-0.08327528707333796,-2.1975531457726203,-0.11371527149581512,-2.504498289727317,0.002097170762341402,-2.868289051120577,-8.846653065437556,0.016000547229975043,0.011389245184857217,-0.037202395741232165,0.06140622462267398,-0.1474041121746396
-5.101808666701053,10.77835985145279,-0.5788520563008622,0.002211182795061694,-0.06097447095184027,0.0035315262058116985,0.35097404473061505,-0.311662715089555,-0.7636848123328385,0.07038628002043677,0.2896987436687361,0.5302332007375518,-0.7764420185527492,5.628521198285268,-0.044920351315602014,0.011389245184857217,-0.03738082513953637,0.0389451611349208,-0.11593927690603836
0.9896848297893125,-3.7243903119977717,1.6296083492823543,0.007626416575559702,-0.050651807230679,0.011015638098219137,0.026198473155366445,-0.18802771395062598,0.048729121032487104,-0.48670189922621393,0.3180292767009036,0.03134138019589521,-1.364888274372615,7.943061416577575,0.08363996859659369,0.004203338192126442,-0.034367710472372956,0.04210145219230974,-0.08760281457430219
1.1853471868630128,-3.239192370134714,5.821782022727254,0.02712631957441298,-0.050651807230679,0.0035468997687203114,-0.1504966315874349,-0.3168907788940865,-1.115662200545964,0.3110851974747242,0.7223571579516713,0.4065997446314457,-0.736166454631167,8.77072522302126,0.21357517246876961,0.004203338192126442,-0.042860587341168835,0.03347769086479118,-0.08823019425091494
1.9187421922170171,-0.4237020249375618,6.499521682416907,0.007719729589256749,-0.042308117655828384,0.009393664679388559,0.15446145323384597,-0.22497831568922325,-3.5852541766034576,-0.13408924799743582,-0.2737410471319324,1.0855380796696705,-1.2509143261843754,-4.002421162713424,-0.43417727123066835,0.00441899833920029,-0.03799744760240336,0.056562053700130795,-0.18899356586081983
1.1195629817309876,2.412931962212074,-1.645582025329203,-0.003249944402717946,-0.050651807230679,0.009393664679388559,-0.11596387045505306,-0.22549719394721013,-0.42817586382321654,0.013057354955293777,0.38239623325037153,0.3975619663754042,-0.7940513099318269,9.000866379671933,1.4632325468171865,0.006685044117566529,-0.03743503596849846,0.03893214732319407,0.13246275574728425
0.5227776434175188,2.3107940637381805,-3.8500422494231845,0.0058948975426403195,-0.03822576989027899,0.009378291116479946,-0.030965365676538462,3.6403626600330896,-0.5382579177385012,-0.12192646300420752,0.4798381204250474,0.03372592545613843,-0.818783496417052,4.345143148540227,0.32285630923340586,0.011389245184857217,-0.03467501507230267,0.056578141942006395,0.16014682838181488
-0.7804256888971896,-1.1224486868151318,-3.9078739990745333,0.0007987247595832279,-0.19838998018364093,0.0035315262058116985,-0.2131917860702128,-0.364099239572463,-0.7088724075135591,0.11059739961672363,-3.908400021734313,0.5029311277783548,-4.495453695292485,-9.899822320416458,-0.11076188235904384,0.011389245184857217,-0.03525392321455796,0.02753282887241368,-0.05646751463063385
1.7469053287929088,0.09441841800247269,7.121147176303144,-0.004677195486242666,-0.1379807860376524,0.009371587074330672,-0.37693473786456955,-0.10280112508463718,6.81032466679568,0.05600513590577531,0.32223360793722744,-0.030520151556497642,4.244195991200536,-5.2882086361817295,0.2707849939996858,0.006685044117566529,-0.03614751404977017,0.05678633896959756,0.13470619478101964
0.42000138979112966,0.2858482566969604,-2.856359885591475,0.0021784006161781,-0.05051753528470423,0.0035468997687203114,-0.04517483485420893,-0.5104078911544008,-0.324269364650912,0.030968564076628916,0.5024373491004938,0.5199826063240247,-1.1435421664916634,7.0115921040389475,-0.42304526205947524,0.006685044117566529,-0.037496389703631325,0.03414709721966535,-0.08808345347690329
-3.9790233929138994,-5.640565601936468,-4.637428616104917,-0.004483529102241157,-0.20298134485635716,0.009378291116479946,-0.25729346151491883,-0.030469056689836738,5.277390789304695,0.09903938141351477,-2.5757203006688965,0.1812445524687334,-8.282403212679197,-9.967880717474282,0.3343889078831868,0.011389245184857217,-0.03495680125885968,0.036954473627071896,0.11922557575551279
-0.8601646604481431,-1.2416017460581352,-7.19864528354361,0.0007987247595832279,-0.1780079628321781,0.0035315262058116985,-1.6362758834121163,-0.4671796878228681,-0.9150067315428135,0.28945696932940307,-5.790654457866337,0.6394705977826071,-6.857927397602833,-13.313397629750133,-0.14472183073387113,0.006685044117566529,-0.035133874390432744,0.0274951900606099,-0.02591884733702352
-0.7648480706452236,-0.49232300605270496,-3.4670136185270226,0.0019651128067776375,-0.059187517976829654,0.0035315262058116985,0.08881849637983859,-0.38857014626082864,-0.4938048338888189,-0.039065278580453826,1.13934090724612,0.3956718037906898,-0.8446683237750631,4.153669736188866,0.16210849640056407,0.011389245184857217,-0.037167034443253026,0.03575856081340747,0.06820215203217445
1.0656934031264647,1.5712612168316966,-3.6718384193688687,0.0021784006161781,-0.050698772105820494,0.0035468997687203114,0.017907888833880236,-0.33747500386412227,-0.3470290765035438,-0.1534472810672303,0.10407303974952861,0.40817307309547113,-1.0040588319084023,7.168043269631758,0.530074709521967,0.006685044117566529,-0.036661227357454064,0.03237027668523702,0.15126076106846237
2.7602792455967773,-2.592640886125841,-7.13712227941504,0.007719729589256749,-0.05690842424047604,0.009393664679388559,-0.3537519881739607,-0.3425877244631429,-0.7181508705914216,0.0344397921737505,0.4519653660201042,0.08044048724824221,-0.679989481357119,5.758302345103825,1.7836024993491537,0.006685044117566529,-0.03799536951257312,0.05609035621277776,0.19030243557900273
0.2630617065988204,0.5719394035226414,2.2357879308560706,0.0021784006161781,-0.054542964342807164,0.0035468997687203114,-0.013442305978580645,-0.4997592312422039,-1.81086016091335,0.05185977358075506,0.5026285480767171,0.7654334609770256,5.328107393696652,-5.905627691912314,-0.15326320503685692,0.006685044117566529,-0.037487210044010996,0.03411209395848087,-0.07685059829228354
1.4610213321824415,12.765877079496532,6.649054552006998,0.013996149310973458,-0.04087450370162023,0.009393664679388559,0.1613111068597246,-0.9882531165776763,-0.6905312134579895,0.5432914000409279,0.12969401918899476,0.1747557504834414,0.7954140941322826,5.509187722460128,0.5028489609976052,0.003524022017197653,-0.03699046745875171,0.056457102218308686,-0.11333847628901987
-0.007416743108103121,-8.648749810294683,-11.381017336102893,0.007626416575559702,-0.05467723628878193,0.0035468997687203114,-0.6714644319850336,0.03503794673717202,11.289411187932814,-0.924407150189594,1.036569941272194,0.3676767986759602,3.7332748181092192,-6.640408614601992,-0.12183829188193565,0.004203338192126442,-0.04562855053115844,0.03352871921910685,-0.0636164632992294
0.6326621394823696,-0.3507312353573057,1.8600895572830158,0.00478015677945068,-0.03869141351942366,0.009378291116479946,0.03366101365048719,0.15617675482323642,-0.8373824636286951,-0.15192572932377416,0.1761635286072779,0.4871945376698353,-0.00796143476047658,6.320496001007759,-0.4846640043123501,0.004328718812284688,-0.03818235099518125,0.05642133435911728,-0.07311552691592273
0.657119736166103,-2.935581090886391,-5.637291419421222,0.02712631957441298,-0.050651807230679,0.0035468997687203114,-0.199121207805633,-0.5025552497700864,0.3402548597510595,-0.10581448146889647,0.45991889713121853,0.17935481326301414,-0.8069094818087945,6.487970902319517,-0.08954445090843564,0.004203338192126442,-0.03800461226923809,0.03306551508009708,-0.09832061972362212
0.07840684422848199,-0.735797058536033,11.910556864280512,0.0058948975426403195,-0.016917820473585428,0.009378291116479946,0.2483259167794769,3.9736733478258404,-1.62529242535926,0.11323915066752559,-0.04839876289233448,0.3797292667548957,-0.06601080881706961,3.5650599244262056,0.3332034270249685,0.012137299596993334,-0.03337302068279126,0.06489755325951646,1.4578160919236376
0.7573954566297717,1.4846761600540375,4.559065147563763,-0.20146548122029354,1.8045316118832595,0.0035468997687203114,0.02047888481781291,-0.24076780444366083,-0.3700802322094414,-0.1705438073577515,-0.2600150362018486,0.4902618653506199,-0.763729365486671,6.8553643861280396,0.34181812081843294,0.006685044117566529,-0.03730113383533024,-5.682862772640205,-0.10307966601104283
0.8429669284148584,-0.8836363521766079,-12.301991415101389,0.0058948975426403195,-0.05514736881353527,0.009371587074330672,3.1349388995453156,-0.3378509765560024,-0.7430862086854271,0.06393703515551027,-0.24275718488493317,0.46957937171403935,-0.8006847565071044,7.380822806778577,1.1605967643844728,0.006685044117566529,-0.03799648402857597,0.05532752449979727,0.14950151475342394
0.3720614330143735,-2.3900767525385316,3.632647187681533,0.0019651128067776375,-0.0368087442418209,0.0035315262058116985,0.014421728012734811,-0.3971083143536066,-2.289882643034299,-0.052287853189515995,1.235384403040478,-0.40370322732182445,-1.0539895854860426,-7.592775253733411,0.09709311445271268,0.011389245184857217,-0.03657750408817992,0.03388034024444532,-0.03596008436230021
-3.6726202525807636,-2.538876860971176,-14.688285029761472,0.006592841509409643,-0.04611323471752269,0.009378291116479946,-2.528774453121172,0.8318492217843917,-3.315252732958702,0.07313470485883247,-0.39289972159781034,1.121552010884127,2.6217739742905644,-6.831549815573454,-0.417532632812862,0.011389245184857217,-0.035681890271638365,0.06248870275435438,0.15349835564266098
0.7052267853742593,1.288748184490909,0.6754783773135339,0.008016790674530073,-0.19450356730606616,0.0035468997687203114,-1.6304504030484805,-0.28977303344476035,-1.7899009274628477,0.5866780476222723,-10.730633963231526,0.2716185143046675,-4.00545071881692,-12.877843664459284,-0.011063861663397007,0.004203338192126442,-0.031222428626390603,0.02762601918201435,-0.07290770559984237
0.8214452807870966,-2.007576873383267,11.06969987971294,-0.004677195486242666,-0.13790779699033376,0.009378291116479946,0.10800537629443459,-0.07250691526512036,1.7994732620524356,0.08718275354711441,-0.17933369892182882,0.49029061288555775,-0.9447876147193572,4.622479358712824,-0.24215216283766125,0.011389245184857217,-0.036078407681152475,0.06496479647519851,-0.07240211022423172
0.8671107751531069,-3.055142053395296,7.008466526930338,-0.004677195486242666,-0.10860414935067253,0.009378291116479946,0.10800537629443459,-0.09538742134215247,1.8959022643787122,0.08718275354711441,0.34780693935265367,0.4907025481325483,-0.6543799262005829,4.988212575440122,-0.24215216283766125,0.011389245184857217,-0.03608480657656237,0.0567710766039945,-0.0799180259769218
0.9733170544361869,-0.5677202040702943,5.263980796267514,-0.003463232212118408,-0.1380453208209468,0.009378291116479946,-0.12188370295005585,-0.1236555513618514,-3.4044016677115754,0.0333951409110555,0.5060851299631495,-0.5969325170622801,2.7069819681075993,-8.77683336072505,0.11577092351056373,0.011389245184857217,-0.037779179377847166,0.05650573308137966,0.08297655377680271
-2.5678308384718243,0.9779464332045114,-18.542801861663527,0.00655334154206234,-0.08666112017871157,0.009393664679388559,0.4184348471031503,1.5587856306906192,-3.205675565400713,0.5525871001048257,0.8177055217338393,0.8546095033944174,0.3755554490632228,-5.031190023596575,0.6065543272437794,0.004328718812284688,-0.035544337801202225,0.05263818933739946,0.18844370320040632
0.9651128500576928,-1.3936712862085305,0.5622466688431705,-0.004677195486242666,-0.035046933207764,0.009371587074330672,0.0025030747697788866,-0.226797091783025,1.956009393542665,0.036214239886367385,0.3287105825484022,0.41130406138473136,-1.6295476382431473,5.911157368429707,-0.754386589713333,0.006685044117566529,-0.03627512435155978,0.03900421210669604,-0.08903210178322196
1.573368927958823,3.4475891274171047,-9.818082964818245,0.007719729589256749,-0.06177833543595974,0.009393664679388559,-0.43717399890461034,-0.23684798024609457,-4.118695103932311,0.044919329264520025,0.5899976139147075,0.17740023968575175,2.460484152613706,-7.42872196957992,0.7736419705906352,0.006685044117566529,-0.03763992511763038,0.05605535295159329,0.16776784578829707
0.12496226282296342,-1.4755199755671051,5.710893183402617,-0.003463232212118408,-0.15034570337488512,0.009378291116479946,-0.02971727829874749,-0.0854611739361714,-1.6035556028790081,0.015444969430890043,0.3749219437479178,-0.19553940629747796,-0.6476057448087021,7.195290864874647,0.16615041804869726,0.011389245184857217,-0.03745889640191523,0.0646863277943295,0.19090498148208085
2.6316035899769856,7.850578473669785,21.650635267335463,-0.3034966772794856,1.2326124158102223,0.009378291116479946,-0.2666858364339627,-0.717170320990776,4.693815940362347,0.12545056154795717,-0.8659394725510592,0.5115877333479057,-0.25483373539117016,-1.1752260344233898,0.43702606340336114,0.012137299596993334,-0.040022735831690866,-10.634686694582047,-2.325270766755879
0.5885690760493754,-0.7204511325693038,-4.59806230367063,-0.003463232212118408,-0.03913689704916134,0.009378291116479946,-0.08859853431310229,-0.15923304153915138,-4.549324788986472,0.0717583608620119,0.33516724157489525,0.024225723441579507,2.4345864199308727,-10.71171466754532,0.14789472376228838,0.011389245184857217,-0.03781856784980667,0.03885208217184756,-0.7437926655479348
-1.0547836170818499,-2.7933211193222203,-13.73372716936315,0.0058948975426403195,-0.06877316353387727,0.009378291116479946,0.07515074807040804,-0.2646585313478318,-3.6909298369780643,-0.1456661375846474,0.4503503141769396,0.2735319219936516,1.7747982832182412,-5.763388016574073,-0.21921806535531832,0.011389245184857217,-0.03819371903781039,0.0641282136239048,-0.11149985437245889
6.493320005443954,-3.070911166853601,23.13717407678634,0.02712631957441298,-0.03401355060377803,0.0035468997687203114,0.04780680055822755,-0.7205799627151854,-0.6669852877150484,0.017187497025559648,0.3701411193476417,0.513116410645341,-0.7588362897132785,8.306364225618275,0.04287784434907457,0.004203338192126442,-0.033255737805028655,0.040703854877326785,-0.11330042248181375
0.052701517114437046,3.056900421656203,-2.116795441647606,0.0019651128067776375,-0.06087148447575217,0.0035315262058116985,0.14651004970940987,-0.47549386273205474,-0.3883849079841261,-0.16449437846060705,0.526881529074437,0.3647846382886199,-1.2919947850570168,7.555150603507918,0.2944711548219862,0.011389245184857217,-0.037659613164302136,0.033867215086191164,0.08849633218045852
0.5315361856495913,-1.0808632095411514,1.4487129686788671,0.0058948975426403195,-0.04672102344862461,0.009378291116479946,0.2528012441046683,-0.6311623302347751,-0.6357850305811028,-0.15395781951640977,-0.22858525539366698,0.5640481177668024,-0.279040205172016,2.8936373818692958,-0.3425648843390262,0.012137299596993334,-0.03762015456633965,0.05650386665171459,0.16459550872955145
1.3849829794649855,-0.19059545833318106,8.236469779406063,-0.004677195486242666,-0.1339553569795495,0.009371587074330672,-0.3836133228115253,-0.10647552036902906,1.7020004903141022,0.03471654237310949,0.3102844939535655,-0.005289513184421319,-1.0397927118236838,6.0091846450004684,0.4879828790661183,0.006685044117566529,-0.036011533495782004,0.056821342230782036,0.15657804128890077
0.792445703338961,-3.535472048194188,-23.658351453064622,0.0058948975426403195,-0.15730633670677055,0.009371587074330672,-2.2826625811878216,-0.14192625934097106,-4.178055038333139,-0.03573219997752343,-0.3581360466424705,-11.49038278349935,-2.8710500603100955,-13.411278527360386,0.3686818441127905,0.006685044117566529,-0.03596238833936614,0.05554371278603421,2.582870971708047
1.1006864796186178,-0.770462411342596,12.424832899490262,-0.003463232212118408,-0.1432840549434436,0.009378291116479946,-0.16245761933204056,-0.15047027116449269,-1.9509035440263425,0.10789122101379077,0.5138763862593928,0.19663689674606807,4.042240494972933,-8.016528090564066,0.09864861173516862,0.011389245184857217,-0.036140194984326204,0.05662824070011665,0.06976426860446593
0.5125032075081204,1.7769548111289541,-6.348031669359569,0.0021784006161781,-0.037954600769360726,0.009393664679388559,-0.0005879806654206201,1.0714597787183884,-2.988651872239067,-0.029271832669818306,0.24259896193630195,0.6847815271997054,2.2800910014074254,-11.142881400813053,-0.03862462395769075,0.004203338192126442,-0.03876774649650507,0.03747518709908789,0.020035939772894716
-4.413559971277187,-3.068511741257595,-4.399040900207776,0.0019651128067776375,-0.06471567671273883,0.0035315262058116985,-0.10105037801955197,-0.42825057368270397,-1.4640503594105179,0.05604278498222142,0.07708376197575263,0.9264286773176571,3.067517982224756,-8.061049733081083,-0.08437083971769783,0.011389245184857217,-0.038035979063817074,0.03310576982553074,-0.08634752305249542
3.0668199063828316,1.4214093881469732,31.193275736455792,0.007719729589256749,-0.00556925423027796,0.009393664679388559,0.15771549167754836,5.0825637446105825,-0.6576741036247538,0.08732396974994111,-0.18880854106209335,0.4905751078618119,-0.18495550896354232,8.11525510262589,1.7063936625305114,0.0074330985297026446,-0.03282254389092122,0.05679702369791311,5.772881189998045
-2.973141073678707,4.203462028176091,-6.939731832374503,0.0013458470439213256,-0.05823521045622322,0.0035315262058116985,0.07081843322091982,-0.41483693057663573,-0.963590698881507,-0.41341551646483826,0.5081218124693845,-0.33717760653812173,-0.040451116552782565,4.127985508720808,0.21121295983721908,0.011389245184857217,-0.03790582857766253,0.03686772883126196,0.10869433815347161
-2.9962830821631483,15.384937929591711,10.238185406627817,-0.0006092796186042112,-0.02392129584824792,0.009378291116479946,0.025303489446594763,1.6265486392249515,-4.643618985273195,0.29264144327107433,-0.6617338334098837,0.851375625327943,-3.810534203846412,-3.4524943098581575,0.21746185020714398,0.012137299596993334,-0.03542512649247619,0.07194145766559562,0.6187303407924963
-1.395071813450085,-0.7944204324440326,-16.42505392576587,0.004108453382927899,-0.03900931052456714,0.009378291116479946,-0.2480837062364166,0.3321094439814388,-0.7451993525560111,0.014086633571618492,0.3633040578221854,0.1281014275986073,-0.726406165373674,6.330815764829967,0.17423747665386816,0.011389245184857217,-0.034716229792190106,0.06480687916278888,0.22621073792042465
3.214653940939045,0.8583487503120985,10.63613508744531,0.007719729589256749,-0.024341290888874524,0.009393664679388559,0.15270951251593476,1.5132553234288013,-3.788039369493013,0.13363010166162895,0.03020939467125267,0.9470544169948507,-1.1460356041730533,-8.509829853197504,0.5713067934775634,0.0074330985297026446,-0.03523142015002047,0.056762020436728636,2.692466535796458
1.2264768787401623,0.9053830173384652,14.030046460699708,0.004680934268516061,-0.050706430511375467,0.009378291116479946,0.2710194339081551,-0.06482987534624793,2.8120984910735354,0.04952560867760263,0.4303860841757925,0.14964841717033495,-0.7719794510957686,1.9136996071525605,0.5435198752597464,0.011389245184857217,-0.037924830642999494,0.05743146443038383,0.09792384602865828
0.021440950370346473,0.6677630825966666,12.484041431053578,-0.17919526984937278,4.174900198122154,0.009393664679388559,-0.14350085345366131,0.11966986959733499,-0.4765277715491058,0.030961571690543734,0.10152269302583458,0.4689000932615465,-0.6964984269711587,7.487156074465429,0.46028927932217195,-1.007886511890176,-0.036051786158105746,0.06486625786347577,-0.09953832852186636
-0.2512482151725717,-1.4960510140740229,-6.143128822847392,-0.004968185259610018,-0.19450356730606616,0.009393664679388559,0.08969864137259614,-0.06676562755369765,2.7897171570157795,0.059135271846923146,-2.1924079442049202,0.3605088760003173,-2.0913520499933007,-12.920650617259707,0.5233096359496912,0.006685044117566529,-0.03632893034002188,0.053376677222996514,0.09587971735727167
0.052701517114437046,3.056900421656203,-2.116795441647606,0.0019651128067776375,-0.06087148447575217,0.0035315262058116985,0.14651004970940987,-0.47549386273205474,-0.3883849079841261,-0.16449437846060705,0.526881529074437,0.3647846382886199,-1.2919947850570168,7.555150603507918,0.2944711548219862,0.011389245184857217,-0.037659613164302136,0.033867215086191164,0.08849633218045852
-4.5088121825736085,16.005488418327364,-7.525802931956542,-0.0017240203817938515,-0.02583760885363097,0.009378291116479946,0.17799935732605,-3.6218047238176574,-1.2187456972108812,0.1271636274187537,-0.03810157280434918,0.26351715323552666,-0.44038288812032983,6.636599279390973,0.3219133073569654,0.012733388670896285,-0.03913721835287207,0.06849437713199139,0.18719877578330085
0.1655245640080665,-0.8397970733178225,-0.8084039660803088,-0.003463232212118408,-0.06115570777295653,0.009378291116479946,0.07625302365669281,-0.21989841856860665,-1.3479790528723925,-0.10976690507941927,0.3168025386115441,0.2615570171040872,-0.7631285385823696,7.573091190747896,-0.21382890538290167,0.011389245184857217,-0.037651751803638354,0.04700500799550561,-0.10402867007881506
-0.4139661827522826,-0.21870095451050792,0.6229885491707464,0.0058948975426403195,-0.06471595878016828,0.009378291116479946,-0.02649003835134699,-0.08637478527723116,-0.6700897876646383,-0.03251017912438561,0.47717705832905544,0.17446185354995297,-0.7865341101355495,6.595714963080643,-0.22847531518543354,0.011389245184857217,-0.037736586098629475,0.06465865890503768,-0.09093707346625814
-0.3849313904877001,-0.4421889510724051,-2.015893298738527,0.0019651128067776375,-0.035046933207764,0.0035468997687203114,-0.011358272239035088,-0.5228609995770425,-0.38675162705931015,0.06080101915173874,0.5858724790953388,0.24237347855222705,-1.0956668156904477,7.014071956339749,-0.35709995425734,0.006685044117566529,-0.037537938866490574,0.034111329360473945,-0.06977669273747669
-7.721587393028657,8.922690387533752,-3.215972322907551,-0.003581403487228798,-0.04349662625417585,0.009378291116479946,0.19035585377254155,0.44565983127856074,-1.0288579411732681,-0.17475501204181315,-0.32753161359815763,0.4437328904329687,0.2103612182588089,0.9499102848041793,0.09334384226201113,0.009032919879575376,-0.039765189201856864,0.05589331677708658,0.27406345282935846
-0.6160861580660518,0.3452339530430276,4.5786898866621035,-0.004677195486242666,-0.15437113243298806,0.009378291116479946,0.03330682665911311,-0.05951560512816345,7.238077901687862,0.05232368604076538,0.45919581873719073,0.5029100988551772,3.8744655103122305,-4.960578655612584,-0.16044571212355288,0.011389245184857217,-0.03601208926301298,0.06492979321401404,-0.11976586552400455
-0.3957043880823011,0.5246990440980157,-5.496938483733143,-0.003463232212118408,-0.06492868922946114,0.009378291116479946,0.0018562552895890635,-0.23904812566653705,-2.433170008234164,-0.10632381845110493,0.6424065661890073,0.055087888504368084,2.385412326864959,-10.460800196519207,-0.08425831437592346,0.011389245184857217,-0.03861601957726193,0.04697000473432114,0.07089011910511767
-4.334220978279429,-8.159794845169785,2.913739868804486,-0.0039792515194733424,-0.15034570337488512,0.009378291116479946,-0.27740754969778925,0.01237625746633976,0.7316964533415314,0.052687036047854234,0.3545468836036129,0.4683593862118901,-0.9962018391740347,7.535012537551294,0.2078260726512294,0.011389245184857217,-0.039550335110251175,0.06393198972764272,0.1843916515746732
0.8787154526875693,-0.9545251786775159,7.715959164946345,-0.004677195486242666,-0.08296083490380066,0.009393664679388559,0.028755313037213688,-0.0976132965009778,2.202973278055187,0.08718275354711441,0.34387404237378966,0.43112535300460453,-0.6926556309635197,4.9512003614992395,-0.34294795761983404,0.006685044117566529,-0.036098404560298857,0.05682849905440377,-0.08506763076650345
-0.24106262533202547,4.846247738639025,9.790166382470238,0.0058948975426403195,-0.0498001434284296,0.009378291116479946,0.07543261596834434,-0.20293829785811182,-3.44931432186263,-0.16609537210412725,-0.2186568198297614,1.0580995526888757,-1.5838787700190793,-4.284961687374833,-0.1911006311113965,0.012137299596993334,-0.0377421743435038,0.06466258326173413,0.4169011970526969
-5.981674407587042,6.982023889375411,-1.2375341435964449,-0.004844587270613711,-0.049815277967787286,0.009378291116479946,0.0785089119422314,-0.31493591768448975,2.862393235794856,0.36739432778496484,0.21664985577298215,0.11145277654275856,-1.2766859911359063,3.4583045579224527,0.3641524863345825,0.011389245184857217,-0.038360433382857245,0.04654938916411686,0.2791608160620981
-0.34105016005587485,-1.1699035387876635,33.25091379041981,0.0058948975426403195,-0.02105769819830999,0.009378291116479946,0.2483259167794769,4.9581113776000425,-0.8270383271699089,0.11323915066752559,-0.21267966469637056,0.3782414996544615,-0.1162550035147221,6.58712052968416,0.3332034270249685,0.012137299596993334,-0.033016753963780954,0.06489755325951646,3.6593024882406007
1.3525337265368844,1.0862043128260066,-5.951599045002346,0.0019651128067776375,-0.03907236226586694,0.0035315262058116985,-0.31145584925209413,-0.17551551316641434,-2.530467564046255,0.06590927400629552,0.5251456548866645,1.56212418177779,2.3741584730067884,-8.161697090604582,-0.11833078809252502,0.006685044117566529,-0.04055998791632273,0.033406919744415293,0.07984391833210264
0.905069808933793,-2.0438323985017566,0.8289467034681295,0.0007511495326533787,-0.035046933207764,0.0048629464866121516,0.003906684917711879,-0.21017340097424383,2.233504605896304,0.00932778242265712,0.24837187350699366,0.4339792284749818,-1.053221790160962,7.347639462965034,-0.18391553475231057,0.006685044117566529,-0.03440925963523221,0.04206568433311834,-0.07819821177009995
-4.076570903359281,-5.462659458838791,-0.6085779671615335,0.0013458470439213256,-0.03733352827222102,0.009378291116479946,-0.5856152387148701,1.1485947510368095,-0.2348917291316941,0.020099775676162838,0.21709270139904294,0.4780015212380344,-0.5811967731524877,5.940508364611922,-0.0391925012126096,0.011389245184857217,-0.03440670824026981,0.044552866034665364,-0.1164860465467401
-1.114036333802771,0.012612661559220126,16.832738688626378,0.0019651128067776375,-0.03029764827859039,0.0035468997687203114,0.0008398658246277977,2.414495813414402,-0.361085716956688,0.0550390155121581,0.21693523451652152,0.6186894847094485,-0.7779169037583294,8.307102088854299,-0.3593752725362328,0.006685044117566529,-0.03357019613562517,0.03453239603664142,-0.099931348660893
-1.573227980140694,13.001470269173895,-3.0118512764135668,-0.000214124511108591,-0.14336390516683017,0.0035315262058116985,-0.0862492256720464,-0.3898111962334264,-1.720049551409195,1.5674947419140195,-2.0125868789810286,0.41696530701477164,-2.30123376685423,-7.147219574879806,0.31760730086756045,0.011389245184857217,-0.03546595184363216,0.030876513702708833,-0.12687287254902202
-1.6572049493512255,1.856504199309676,-6.478469904807309,0.0019651128067776375,-0.04127457843780372,0.0035315262058116985,0.0015079247196108296,0.4830926261192876,-3.0667219230206966,0.07991768717354365,0.22349944486676496,1.6075807304142065,3.450902398346771,-8.661809786487431,-0.07789509348613803,0.011389245184857217,-0.03713175928649112,0.03529840041208154,0.015487792600754632
-5.789609178074258,4.954581558297215,6.444149410038394,-0.004844587270613711,-0.07212896090623024,0.009378291116479946,0.09022340257877838,-0.16626447935563896,2.5353568115526386,0.41836284144571195,-0.29960870750212876,0.32682895505101306,-0.5324448934987243,1.21909991490679,0.23316130363901436,0.011389245184857217,-0.03651714376268513,0.06437367611182457,0.29683769357732204
2.1122306405431344,-1.1081799029736117,-0.22944375237953762,0.007719729589256749,-0.04449029477143246,0.009393664679388559,0.16219081900273985,-0.6161325010352628,-0.6288967577215413,0.0157673673993511,-0.29003654199643614,0.5847715465320457,-0.13131488309984543,1.6207894320586482,-0.8570898374794167,0.00441899833920029,-0.03785482203907325,0.05659705696131527,-0.20066221589216932
0.07204647865869687,-5.573346097874697,-2.8564920818651056,0.0058948975426403195,-0.05415139277896808,0.009371587074330672,-0.0019943872547407387,-0.11217440994268398,-0.6836333993552757,-0.03251017912438561,0.4779236264244221,0.23519474004557403,-0.7965981650956674,6.822916598522917,-0.3292711099676064,0.006685044117566529,-0.03779876217769968,0.05652236148424293,-0.11068193330986938
-0.777571294487368,-1.3586312538419332,-3.765485532380682,0.0007987247595832279,-0.19838998018364093,0.0035315262058116985,-0.2131917860702128,-0.40167413845578953,-0.7051088335036704,0.11059739961672363,-3.906479690499367,0.5029311277783548,-4.495453695292485,-9.77696859088333,-0.11076188235904384,0.011389245184857217,-0.03527695318606413,0.02753282887241368,-0.05646751463063385
0.467029078596084,-3.2586090746870355,3.366592875730484,0.02712631957441298,-0.04853978453298962,0.0035468997687203114,-0.2082246337123244,-0.5025552497700864,0.4626203740270252,-0.44467917347312796,1.6784680658153706,-0.20403337313559608,-0.1610956398861744,4.495297187628924,-0.08954445090843564,0.004203338192126442,-0.03756413210757055,0.034052035957452306,-0.08317110459341083
-5.175621148029332,-3.7282383687792455,-6.40475097818184,0.0019651128067776375,-0.06097447095184027,0.0035315262058116985,-0.21307619435749262,-0.3907657384818771,-1.699618107931617,0.06080101915173874,0.3200252495549852,0.3020708026430966,-1.0839383105969045,5.600549179221659,-0.12873695084087036,0.011389245184857217,-0.036949485600357206,0.03594525263728098,-0.09896261087349988
1.573368927958823,-2.6367493130427553,-3.1839840862760402,0.007719729589256749,-0.06177833543595974,0.009393664679388559,-0.39031897371324004,-0.21973569797471812,-3.9800640594660495,0.044919329264520025,0.5899976139147075,0.1087018311814942,2.7975781169558873,-7.234349978660719,0.5576273174511472,0.006685044117566529,-0.03763992511763038,0.05605535295159329,0.16776784578829707
1.7921990952584543,-1.2938973532398625,13.923216079746915,0.013558119647608724,-0.23421639072647768,0.009393664679388559,1.0996532985016898,-0.17972713606515872,-1.5214980928556119,1.427990712659773,-4.4315987874171805,0.5604056744473435,-3.319674692216014,-5.3876005384708225,-0.1649220028226379,0.004203338192126442,-0.03572970986378997,0.05436636233458316,-0.12539012274875364
0.6096893892400403,-4.441500625273055,6.195601475102753,0.02712631957441298,-0.037954600769360726,0.0035468997687203114,-0.6414800087881193,0.940522691509508,-2.0392503359346112,0.44872147770236176,0.12149062209383574,0.8901193386374293,3.6308015148643893,-10.693453801379519,0.005737029752990839,0.004203338192126442,-0.032712090469304476,0.0324742593117535,-0.1198460044211895
0.6460251145671378,-3.6114325366709292,5.076263411083008,0.0058948975426403195,-0.0392355774272294,0.009371587074330672,0.0395805881261121,-0.23258521162183415,-3.6794066723991636,-0.16609537210412725,-0.3092951467513633,1.1433473745877503,-0.8971609011576648,-4.182033595309167,-0.27485655625823313,0.0074330985297026446,-0.038420257294977334,0.05652628584093939,-0.17465127613811174
-4.46690805161118,3.8089257266389525,0.9156054980199175,0.005478100746220004,-0.049540202817828234,0.009378291116479946,-0.5771134433807494,0.6135883206267032,-1.3240250481631646,-0.1453226748089316,0.08506409763376861,0.4837408869705848,-0.2561025318464935,6.136432433536744,-0.1173932452664339,0.009032919879575376,-0.0393836954425385,0.0636600781766326,-0.13496728062563207
-11.468536040147708,-4.819981203515612,6.413904832529565,-0.15851795490143847,-0.11519160906968196,0.009378291116479946,-0.06028920913791125,-0.06730975634570012,1.2223010559143312,0.10117168219612155,0.3267334929719844,0.4938023782329486,-0.6361567064107267,6.056353763644451,-0.15167030951954863,0.011389245184857217,-0.03770267219462788,0.06390412920168598,-0.11425354890252662
0.0279899958396332,1.2153896530149024,0.04781980817010598,0.00934818472386519,-0.09661962795856253,0.009393664679388559,0.7601119563032088,-2.4804113131229037,-3.8194827166351564,0.16934357260380986,-2.369058113032476,0.35768877305065155,-1.90786563670034,-6.771878388426242,-0.2352560631497475,0.003524022017197653,-0.033100092393639244,0.05668549016935891,0.17808590739503632
-0.6338129063390238,-0.847106896848014,0.0028130475230082478,-0.004968185259610018,-0.19347856490911827,0.009393664679388559,0.08969864137259614,-0.06198642622187641,2.3226767061554887,0.05147225695617559,-2.314773237275178,0.4635392924228699,-1.704223320510749,-13.16670454202495,-0.39939918725001944,0.006685044117566529,-0.033092919973907356,0.04137939407325944,-0.09044309652331334
1.162387278053493,-1.0897441828116499,-1.1933321384603688,0.0007511495326533787,-0.035046933207764,0.003524822163662426,0.010815307520126213,-0.2035233851390306,0.1140764547526588,0.05282641351598492,-0.08879525944739167,0.5651683155653088,-1.2166409350899614,6.4483431460893925,-0.382448203927318,0.006685044117566529,-0.038317001490422935,0.03352795462109992,-0.07819821177009995
0.7006081226725178,-4.794675166056025,-6.881332313669893,0.007626416575559702,-0.050651807230679,0.0035468997687203114,0.026198473155366445,-0.18802771395062598,-1.1426129034204981,-0.48670189922621393,0.8744228850398966,0.07135880749530106,-1.364888274372615,7.255132118932316,-0.3118835149872518,0.004203338192126442,-0.040101224756308285,0.033563722480291325,-0.08760281457430219
-0.4018299755772108,-0.9740570345979976,-1.6068897255839303,0.0019651128067776375,-0.035046933207764,0.003524822163662426,-0.011358272239035088,-0.5247009367937044,-0.3551967951808453,0.06080101915173874,0.5862640447843311,0.39035673341183424,-1.0956668156904477,7.35515833391364,-0.35709995425734,0.006685044117566529,-0.037537938866490574,0.034111329360473945,-0.0737411637541952
0.3391284023712413,1.048810106907712,-4.353844458715571,-0.1618622009619954,-0.20298134485635716,-1.6498845482696198,-0.28998046825137097,-0.13100995413929495,-2.230686957654614,0.06613584280292013,-2.7863804636157146,0.22957088762221683,-2.3094415468118035,-10.790585698717937,-0.12418658990410679,0.011389245184857217,-0.03547140428628609,0.029707528887923575,-0.09811358566118182
-0.10946548463939715,-2.265672298412877,-2.6106802551871353,0.0019651128067776375,-0.0606902476546359,0.0035315262058116985,-0.21307619435749262,-0.47333421929326003,-0.3118616672136903,0.06080101915173874,0.589805376074203,0.3009949707896532,-1.0946676120092436,6.732917598565471,-0.22161968088587405,0.011389245184857217,-0.037516423772832756,0.03405390691006468,-0.06462708794789503
0.20295502972379387,2.297846840518977,6.885882149275571,-0.004677195486242666,-0.06097447095184027,0.009378291116479946,0.08175313802699978,-0.08689859897566071,4.565146373789038,0.036214239886367385,0.22658965975976988,0.2784261997246943,0.20723150398289011,7.065772638219072,-0.14926943279265759,0.011389245184857217,-0.03407349375256118,0.051671690643714005,-0.11425354890252662
-0.4166191364156,-1.677846078770724,4.726153061007062,0.0058948975426403195,-0.06423850275249858,0.009378291116479946,-0.02649003835134699,-0.3048518074744862,-1.0767023743171473,0.0035050037463766706,0.34749772609605145,0.33173825316692573,-0.7897172544327186,2.599481745885908,-0.15092382429572876,0.011389245184857217,-0.03748256429860625,0.06465865890503768,-0.13590338042917402
0.9312614179663384,-4.460921095872876,4.280678308766472,0.0021980715566636577,-0.050651807230679,0.009393664679388559,0.02479486300743345,-0.04048683461022792,-0.15769185081542803,-0.1655371967872701,0.4321739047086664,-0.08742293418911494,-0.395560818617839,8.58131546655717,-0.23919735214713284,0.004203338192126442,-0.034714942504785136,0.04357116108211067,-0.0984367045874242
-0.37361260050260375,-0.23547007743721654,1.9335895235800704,0.0007987247595832279,-0.1780079628321781,0.0035468997687203114,-0.0594291674363375,-0.4751510479707911,-0.9118467263127846,0.11059739961672362,-1.0596048968470078,0.5921191643488432,-4.448324145204029,-10.19212104195438,-0.14472183073387113,0.006685044117566529,-0.03531496227830594,0.031509057858792926,-0.05734033607907077
1.0914575158310178,-1.520441149676601,8.483388202853936,0.0041766566857482455,-0.22525386138943795,0.009378291116479946,0.27281176056192313,-0.07431381778799798,11.781042082747,-0.0553670988987114,-2.8888175502200113,-0.04492718489366288,-3.231904403626076,-3.066815007377018,0.8806391480714918,0.011389245184857217,-0.03546241214570665,0.05440151673334594,0.14007525658891895
1.5802215504264243,2.9575141082938847,9.966820150123816,-0.004463907676842204,-0.12943654153150086,0.009393664679388559,-0.003789947409391203,0.008068654502887164,1.2887506921190397,-0.007136841051621304,0.5977174507097656,0.18063081020483412,-1.2536682044686773,8.788993124718502,0.8476374017942494,0.006685044117566529,-0.03564252040600711,0.05685711008997344,0.18426722331161396
-0.38465053443802566,1.0063669236946524,-17.05411592731125,0.0007987247595832279,-0.1795243289682359,0.0035315262058116985,0.11974297595154539,0.5133948900670529,-1.6182843840454157,0.12693442553985138,-1.0983868864902553,1.1753237649866213,-0.12634396374821943,-6.748780280143728,-0.0903170874875969,0.011389245184857217,-0.03390468578934794,0.03212585304652114,-0.09791689076146877
-13.724488732546302,21.49635134287684,25.176792209540743,-0.0024666627240391577,-0.027317224032332943,0.009378291116479946,0.08834385340865283,1.6746985139569925,-4.408401244223242,0.5948603262680671,-0.5703831288175889,-6.8791164677966945,4.149184055013654,-8.530746907530366,0.029194064243661843,0.012137299596993334,-0.03688911464912828,0.06764707658548161,7.640990629177767
-2.867877812749334,-4.429541785780088,14.280752400295599,0.0019651128067776375,-0.06129954067451906,0.0035315262058116985,0.07765663380462581,-0.19899816870594783,-0.6035572328657108,-0.2038553392261519,0.24197690907809608,0.34248338939968404,-0.700171315866814,8.836499304453971,0.2216345581387158,0.011389245184857217,-0.03123220677635024,0.03518421572074634,0.05543074622351976
-0.2789216552509201,0.1932204359500617,4.704763201618538,0.0019651128067776375,-0.03907236226586694,0.0035315262058116985,-0.31145584925209413,-0.3050150848884567,-2.530467564046255,0.1116304876866067,0.5653402107867396,1.56212418177779,2.3741584730067884,-12.711661048004549,-0.11833078809252502,0.006685044117566529,-0.035924709778395784,0.033406919744415293,0.07984391833210264
-0.6944509269913474,-1.0864699138932108,3.5975559120077505,0.0058948975426403195,-0.06423850275249858,0.009378291116479946,-0.02649003835134699,-0.08073923172953698,-1.226035999425706,-0.03251017912438561,0.35577350789208495,0.1838495892633636,-0.7915709830697094,6.052319220658592,-0.13559258514042985,0.011389245184857217,-0.03757031415546557,0.06465865890503768,-0.13590338042917402
0.807864859922888,2.0769278938937665,-8.185800768086448,0.0058948975426403195,-0.05521190359682966,0.009378291116479946,2.340325964236192,-0.2977972116052757,-0.7292053249945695,0.04948482243392457,-0.37674588735231523,0.4692875768889059,-0.8444419083018927,7.1750517817524395,0.46388953513562753,0.011389245184857217,-0.03798605702531484,0.05531823046882664,0.09011939888884427
-2.0040779020865793,14.69622739888785,1.976898580575328,0.0019651128067776375,-0.06097447095184027,0.0035315262058116985,-0.67141107618376,-0.3504030246581753,-1.3493563188576099,0.05639735137142964,0.26348128134689575,0.5302332007375518,-0.7779003019880442,6.951614949183122,-0.12873695084087036,0.011389245184857217,-0.03731681006442848,0.038584683655273254,-0.11413746403872456
1.2732676167200916,2.6128639064560573,-5.0734164664696895,-0.004463907676842204,-0.050651807230679,0.009393664679388559,0.015095770453839849,-0.055156607708469085,1.351920586947486,0.013098141198971841,0.27472931531850375,0.41327339128493046,-0.6819218529674466,8.792508238725103,0.8458194975429941,0.006685044117566529,-0.04222047153692691,0.03997826428235145,0.14684545822964823
0.5034935129997254,-3.9266298631508443,0.1838117913092562,0.013996149310973458,-0.061187120726887444,0.009393664679388559,-0.504376202881032,-0.538800368977613,-4.943598502154457,0.020783230573054423,0.33008548423565587,0.42067634193012926,-3.316150540619933,-12.171689246843567,0.34702495890073015,0.003524022017197653,-0.044325721853878154,0.05556426472284162,-0.10166982625767045
-0.3677948912923924,2.9902108108774184,7.248009834813466,-0.004677195486242666,-0.14852068576744615,0.009378291116479946,0.03330682665911311,-0.06429480645998469,8.502266938083181,0.11127042930996921,-0.205262489789532,0.4002338908225332,3.469241927325757,-4.19700818771142,0.18954184822065226,0.011389245184857217,-0.035904553959470696,0.06492263639039231,0.15103706543780926
0.7638337037547002,-2.387328607542393,18.266670075749968,0.0047285094954459105,-0.13306230604877523,0.009378291116479946,-0.8206618394004191,-0.13190905268856679,-2.4296816997077184,0.09973968114296329,1.8102543806691098,0.9348082358017463,-1.5056359598950042,-10.471161620171284,0.2687049021129155,0.011389245184857217,-0.0355060595695921,0.05849252984399821,0.12066853969098824
2.7602792455967773,-2.592640886125841,-7.13712227941504,0.007719729589256749,-0.05690842424047604,0.009393664679388559,-0.3537519881739607,-0.3425877244631429,-0.7181508705914216,0.0344397921737505,0.4519653660201042,0.08044048724824221,-0.679989481357119,5.758302345103825,1.7836024993491537,0.006685044117566529,-0.03799536951257312,0.05609035621277776,0.19030243557900273
-7.202976806498557,11.693333970658406,-7.651097670657796,0.0009522635360858183,-0.026174335288168052,0.0035315262058116985,0.3837724128426674,2.151709207146997,-1.48959690098631,0.3570687679751499,0.043752918253622784,0.581985396805812,-0.7068891026759316,3.717599460679824,0.5161703588283615,0.011389245184857217,-0.03510808373589995,0.03975065889611628,-0.16559557124145607
0.22314741926953638,0.19334747679931355,6.002918149729988,-0.004463907676842204,-0.12600536246180707,0.009393664679388559,0.031210921274081625,-0.10396220469262142,6.54800687983018,0.10450016569289088,-0.18590220215317751,0.3714905964392302,3.9395010367439056,-4.715291510875076,0.28312749820152466,0.006685044117566529,-0.03616030957194956,0.056822106828788965,0.14265048923699114
0.664290663424421,-0.850300497867007,-1.6361508500926736,-0.003463232212118408,-0.05561018738034307,0.009378291116479946,0.07625302365669281,-0.257766108296971,-0.2962488972555875,-0.11535882932736387,0.33263820551944967,0.22043931939867445,-0.731954068938741,8.333598790929297,0.42574805327174353,0.011389245184857217,-0.037830731036441446,0.03878948709710834,0.07993841445226048
1.8413494445388845,1.2141250457947312,5.2303953888448165,0.00660498882606711,-0.025882426761205987,0.009393664679388559,0.1598795847632004,-0.3901215635174014,-0.8319081358025503,0.006125151066730507,0.36146701629233696,0.5651948428920179,-0.7308756917513624,10.054026613749986,1.2620237240639733,0.004328718812284688,-0.03233892311350785,0.05739125149200596,0.20980031815522318
-11.468536040147708,-5.208009915428341,-8.576847944084843,-0.15851795490143847,-0.06097447095184027,0.009378291116479946,-0.08654144740534604,-0.06730975634570012,1.1526908683067312,0.05020316853537452,0.22551789177117915,0.4938023782329486,-0.7982255403805745,7.147231742657997,-2.239808366562804,0.011389245184857217,-0.04593157887871414,0.06390412920168598,-0.849926735776437
1.4110088339370224,-0.3221678019676074,3.421421765597979,-0.003249944402717946,-0.12859205939412008,0.009393664679388559,-0.3537519881739607,-0.11881220109388062,-0.6577658278836166,0.00039993917071597324,0.49442400154941846,-0.24581982545767223,-0.7800271753649101,7.859369308072249,0.4784484035797999,0.006685044117566529,-0.03774191223186137,0.056585798232726164,0.1925824414548012
2.9255770230456513,2.547155528091624,-11.783538639603355,-0.004463907676842204,-0.057752906377856794,0.009393664679388559,0.13138653555441632,0.000514196550368363,2.506010231209875,-0.010429425243016367,0.5977174507097656,0.277419049536971,-1.0369875835779077,4.099895553277595,0.8476374017942494,0.006685044117566529,-0.03731291055104522,0.0566864740517978,0.18727514979174964
0.04999966600789679,0.7883117211830163,2.6582989552944136,0.0047285094954459105,-0.22568191758820483,0.009378291116479946,-0.6844339075982139,-0.15436442168200917,-3.3498637535759763,0.09973968114296329,-2.7976968311470785,-0.13894806649330033,-2.3314490423473466,-8.003204682593823,0.25160781755866624,0.011389245184857217,-0.035509637644247034,0.062347163385370497,0.15166719151783697
1.7024071998567576,2.055118614454685,7.800020336167972,-0.004677195486242666,-0.14449525670934324,0.009378291116479946,0.10800537629443459,-0.06933325777150963,5.377861578320196,0.08998183577730337,-0.21344693893266864,0.4139506151490835,-0.9453379423118573,4.661289401938656,0.19202611354138852,0.011389245184857217,-0.035774175993061985,0.06495763965157679,0.16284487577215198
1.0910049677637832,1.39406615034303,4.194821158022483,-0.003249944402717946,-0.05083304405179526,0.009393664679388559,0.009595656083532916,-0.05086947008466113,2.7260657665523302,0.32142430162349606,0.2868983396483777,0.4197894019537829,-0.20341934857605778,9.712152963591468,0.14445231272264777,0.004203338192126442,-0.03592583227247306,0.04343565955012546,-0.09948052290667497
0.9306602759544652,-1.7374928420903948,-2.8042804621166617,0.02712631957441298,-0.03401355060377803,0.009393664679388559,0.04089817795581322,1.1977555880889688,-0.6791733126270174,-0.49381621414727417,0.3956296020162686,0.19488664239150694,-0.7817065096359003,8.122786618834892,-0.133095294363635,0.004203338192126442,-0.03734338750278167,0.03748255945015367,-0.0988673893643239
0.7264002334164211,-0.17100785319579956,-18.384649482199375,0.0019651128067776375,-0.11504455328139697,0.0035315262058116985,-0.000494905960858776,-1.0816265836931738,-2.368376468775778,-0.4103105595733282,-0.23373356435041007,-17.247382295119554,-2.686030579808565,-14.920088462984662,-0.16018812334965554,0.006685044117566529,-0.039374613318304656,0.03363013466381504,-1.4502113397378695
0.366833109335647,-2.2581262052206443,-13.488546103454773,0.0007987247595832279,-0.1780079628321781,0.003524822163662426,-2.398844576242386,-0.4758440506395667,-0.6984754119139248,0.09322272258617591,-2.8453332404287766,0.9579492908139812,-6.849981643209554,-8.402130597473116,-0.14472183073387113,0.006685044117566529,-0.035808009580761684,0.030837980212054476,-0.0942580973850095
1.591105648504427,14.060923769282036,-8.194156267944608,-0.14063374154117425,2.0215058334000475,0.009378291116479946,-0.11558963332876845,0.10848480124216912,-3.1059178403029883,0.12034502360567693,0.16072805897556508,0.1507778756875855,-1.9489600470986592,-8.383871185854849,0.12177589917827222,0.011389245184857217,-0.037738573328040675,-3.8155119135168647,0.2569639896168086
0.2821906923872674,0.4924212987450294,1.3700454969707623,0.0019651128067776375,-0.034238698444173085,0.009378291116479946,-0.030010116365262792,1.1092871238526427,-2.187809620442822,0.04007705073569096,0.5811753856508469,0.7297022101988211,2.1931139024420463,-8.566788393137067,-0.09983703808628679,0.006685044117566529,-0.0310223199751766,0.037407215276620207,0.06920672321869371
0.7454235901550949,-0.7582589176886481,17.49126774054453,0.0058948975426403195,-0.057995585015954754,0.009371587074330672,0.14698594311302823,-0.1827820342470116,-2.2137346901321573,-0.029602507921516124,0.6333665387465371,0.6442906680018087,3.615564929729188,-3.1829406432272993,0.20479043376060482,0.006685044117566529,-0.037731260836235535,0.05651502711235029,0.14235866964138227
-1.2825150112115464,1.0476573704433916,0.4166986655780595,0.004108453382927899,-0.15437113243298806,0.009378291116479946,1.9112203551846438,-0.07475378595801704,-1.4682147202568037,0.036687725102450566,0.38578871110043633,-0.17342747763011487,3.324985865527952,-9.464222583778128,0.08509447730818478,0.011389245184857217,-0.04166066944204207,0.06468634188272349,0.1531455670535345
1.1778815186438876,-0.2817979941556186,5.686076519800779,-0.004677195486242666,-0.035046933207764,0.009393664679388559,0.0025030747697788866,-0.11734114954409798,1.6457333556168492,0.036214239886367385,0.24681050834731635,0.2587141797001158,0.05221611729006349,7.03622609195776,-0.34294795761983404,0.006685044117566529,-0.03425672596618314,0.043535393222919265,-0.08506763076650345
0.7152423518501817,-0.024728496477247165,-6.99613581009583,0.0021784006161781,-0.050698772105820494,0.0035468997687203114,0.16668784193343913,-0.523716972843925,-0.4137247089088522,-0.16068551004030981,0.5231119258896464,0.4039372060957283,-1.3926853464747875,7.920345817417676,0.530074709521967,0.006685044117566529,-0.039104877337332374,0.033960405395791836,0.13469092588926726
3.118490427679569,3.074964475023723,-10.565792309957352,0.007719729589256749,-0.05376140083182156,0.009393664679388559,0.1619089511048036,-0.3526762999155891,-0.6806847175743891,-0.11640463506240223,0.46303198024357944,0.46029528681120513,-0.5668128144324908,4.55992177653381,-1.5753929083020612,0.006685044117566529,-0.037660980473900194,0.05606268732348593,-0.12177769292682099
-8.396890573159213,-8.055385454477076,-7.669394992241829,-0.0006092796186042112,-0.052266543841238064,0.009378291116479946,-0.8160297341886834,-0.8182362580391739,-0.19124697915282246,-0.18362399578930422,-0.7424806314577188,0.5975496590031133,-0.03457814372214342,-0.43236159646188316,-0.19839990691113393,0.012137299596993334,-0.03935868821549685,0.06367193659898454,-0.8089559453546425
-1.0880047268681143,2.354189235567625,-3.4214144024972195,0.0019651128067776375,-0.03704930497501666,0.0035315262058116985,1.1360265959060105,2.556407084817281,-0.31563945439061014,0.0550390155121581,0.38902582021432713,0.667619289803448,-1.3803905308698472,5.997528785580158,-0.22389499916476693,0.011389245184857217,-0.032366431320283565,0.03319833047757443,-0.0798083521892176
0.9733567623767043,0.5256334781855636,-3.176700549324738,0.0021784006161781,-0.05475597685952949,0.0035468997687203114,0.008072582654904946,-0.2538423018803367,-1.878510945967507,-0.19917257363428856,0.08514353085842497,0.6704357020301936,4.6135446351713165,-6.735694981667997,0.16975760283792207,0.006685044117566529,-0.040434274084155834,0.03233527342405254,0.08460111433708127
1.641431891628675,-3.9250386220069307,9.157993354721523,0.03266764854749163,-0.022686241032849608,0.009393664679388559,0.19208973072708713,2.6503509141899517,-0.5045693148645332,-0.015637301809265747,0.1840239761492457,0.06428106007133257,-0.16651764059999577,3.9252685469238995,0.7129097320447223,0.00441899833920029,-0.03438018238985161,0.05679702369791311,2.255994809263617
0.5970074925271368,-1.0643423472873106,-1.3699050685949712,-0.003463232212118408,-0.03522817002888027,0.009371587074330672,-0.002997039600528054,-0.23311050384261708,-0.48341291015669935,-0.10976690507941927,0.33146551903938903,0.38855890839810464,-0.768155720608331,8.040556643255082,-0.7290383400433547,0.006685044117566529,-0.0379181950807191,0.038868710574710835,-0.08513823318396685
1.641431891628675,-3.9250386220069307,9.157993354721523,0.03266764854749163,-0.022686241032849608,0.009393664679388559,0.19208973072708713,2.6503509141899517,-0.5045693148645332,-0.015637301809265747,0.1840239761492457,0.06428106007133257,-0.16651764059999577,3.9252685469238995,0.7129097320447223,0.00441899833920029,-0.03438018238985161,0.05679702369791311,2.255994809263617
1.0900385364074479,0.6906659931736936,-6.798339741009875,0.0021784006161781,-0.04858674940813111,0.0035468997687203114,0.02216112880667865,-0.523716972843925,-0.36061373948644515,-0.03525641016015658,1.0243025935752594,0.4348243715977983,-0.728729550890573,4.528456043432322,0.530074709521967,0.006685044117566529,-0.037574075811291664,0.033960405395791836,0.13129588052539395
0.7972794676153208,-0.46633135262724484,-8.51302232235478,0.0019651128067776375,-0.03029764827859039,0.0035468997687203114,-0.006068756777786535,1.198569079872015,-0.7189329821998242,0.0662380472651344,0.2462326743200994,0.7412362508056654,-1.115951851584113,7.556710017956105,-0.3593752725362328,0.006685044117566529,-0.038493677495903184,0.03349948039645898,-0.08549831554340315
0.9171115639643699,0.06648209367521107,0.9009369693050492,0.0007511495326533787,-0.035046933207764,0.009393664679388559,0.003906684917711879,-0.20833346375758185,2.3211680170171243,0.00996995851405472,0.2545850918992567,0.27217503585364256,-1.0461489067617693,6.264362642749294,-0.2599188312274214,0.006685044117566529,-0.038406658952348516,0.04203805342299964,-0.07423374075338143
1.0624807884182188,-1.964480360231996,-6.95554349966809,-0.004968185259610018,-0.23349690918216337,0.009393664679388559,0.3893798350357642,-0.04202454968501328,10.184438364831117,-0.40222845930477735,-3.8708496621754493,0.3994702354251408,-3.9227047647269235,-5.540830384699996,-0.32944967912497863,0.004203338192126442,-0.035765283759802945,0.054501863866568356,-0.12181218344946501
0.9690488039309387,-3.9849737986842326,-0.9640856757255856,0.0058948975426403195,-0.041417754542833474,0.009371587074330672,0.04730995389500601,-0.6335047439707466,-0.6640759357799039,-0.15395781951640977,-0.3250381977816662,0.6445421626416283,-0.1680918830107382,2.0068466001074077,-0.7766531968632419,0.0074330985297026446,-0.03824606102358449,0.056561289102123866,-0.18631992616946116
-2.303612900764528,-0.8676722518504649,-14.407955161346717,0.0019651128067776375,-0.14644085749896113,0.0035315262058116985,0.23050255981260492,-0.10376129263307057,-2.720464130095543,-0.08680301074533502,0.10258847348258542,-7.157472062217537,-5.676558575300586,-12.95984693128235,0.0664166682503336,0.011389245184857217,-0.03498871262334375,0.03588921508076352,0.05946177492423128
0.8772244142864952,0.5369922627015309,4.5540690953384635,0.0021784006161781,-0.04858674940813111,0.0035468997687203114,0.02216112880667865,-0.523716972843925,-0.2800941346673616,0.006925854576678627,1.0243025935752594,-0.07549022241814887,-0.16833460951429915,5.154613899794176,0.530074709521967,0.006685044117566529,-0.037574075811291664,0.033960405395791836,0.13129588052539395
0.42000138979112966,0.2858482566969604,-2.856359885591475,0.0021784006161781,-0.05051753528470423,0.0035468997687203114,-0.04517483485420893,-0.5104078911544008,-0.324269364650912,0.030968564076628916,0.5024373491004938,0.5199826063240247,-1.1435421664916634,7.0115921040389475,-0.42304526205947524,0.006685044117566529,-0.037496389703631325,0.03414709721966535,-0.08808345347690329
0.7997026366305339,0.09206334459785932,-7.416935341670405,0.0019651128067776375,-0.035788308313058806,0.0035315262058116985,0.07318130647943434,1.2259133668421196,-0.48344177322909193,0.0662380472651344,0.2509558818042171,0.7986242047880155,-1.126269272958165,7.457694197909235,-0.26098312830472936,0.011389245184857217,-0.038472039126974174,0.033442057946049715,-0.08034871075382147
-0.48117566934453837,-1.8849455483959754,2.559425293831238,0.0019651128067776375,-0.03907236226586694,0.003524822163662426,0.02037425663659327,-0.5029630799888481,-1.7295861605459544,0.07341746201276912,0.5859027999263537,0.6195416976499744,5.1466033926748,-6.5060758936859004,-0.11833078809252502,0.006685044117566529,-0.03756032991493299,0.03407632609928946,-0.0625083085695754
0.5774025250679662,-1.0111181306190475,0.34673226599954443,-0.003463232212118408,-0.03522817002888027,0.009371587074330672,-0.002997039600528054,-0.5374114794321013,-0.386649911730695,-0.05573768614087279,0.6486535883926564,0.3895667835152239,-0.6713927221823267,8.695439727353504,-0.23457058155744345,0.006685044117566529,-0.03858587831063907,0.038868710574710835,-0.08513823318396685
2.3138170657244785,-0.6518573927152864,-1.6641689840150595,0.03266764854749163,-0.057752906377856794,0.009393664679388559,-0.42445748181809095,-0.05172909560723833,-0.5619012938187563,-0.03279248762940185,1.0288126717105766,-0.22438701820450357,-0.6971888302067278,5.476126344264029,1.109780783125421,0.004203338192126442,-0.035428847677036954,0.05609035621277776,0.17994463977363273
-8.154112230432487,10.066544946996416,-4.881307706531852,0.00017945899672691646,-0.19472206463728162,0.0035315262058116985,0.1078356162652588,-0.36398697731595325,-0.9335944036498381,-2.2813859235741663,-3.966195010581433,-0.5148949344073711,-0.6026230687031789,-7.92877369961761,0.5442921578278331,0.011389245184857217,-0.03537868839111124,0.030350987623628253,0.0679502363657931
0.9479718595833013,3.4160384964156316,-0.5315443032414722,0.0021784006161781,-0.03387927865780326,0.011015638098219137,0.006523938906274429,1.2040985832002364,-0.500370160485662,-0.024363784139351703,0.24098457433188458,0.736432753928369,-0.40232575653254465,8.37705511991828,-0.22678791116336067,0.006685044117566529,-0.03527563050381042,0.037510190360272366,-0.10380507628282978
-1.1187971977378552,-4.151780835624719,-8.877266339190308,0.0021980715566636577,-0.050651807230679,0.009393664679388559,0.02479486300743345,0.09291778107757115,0.907889869204673,-0.15766794797967038,0.3562961816742825,-0.1486168963146297,-0.7709043599537105,6.950212476561836,-0.4813600337816959,0.004203338192126442,-0.04192876912765834,0.03997826428235145,0.14112971155428689
0.9719953950311199,0.12136592474196141,0.7942299217961194,0.0007511495326533787,-0.035046933207764,0.009393664679388559,0.003906684917711879,-0.20833346375758185,2.318107402392552,0.00996995851405472,0.2545850918992567,0.27217503585364256,-1.0461489067617693,6.264362642749294,-0.2599188312274214,0.006685044117566529,-0.038406658952348516,0.04203805342299964,-0.07423374075338143
0.3782185246678382,-0.0976431341180819,-0.5467173545531745,0.0007987247595832279,-0.1780079628321781,0.0035468997687203114,-0.2559688625987723,-0.4751510479707911,-0.9243658819876764,0.09322272258617591,-0.561333561480448,0.8369401825933481,-2.8888002867823865,-9.34894236439509,-0.14472183073387113,0.006685044117566529,-0.035808009580761684,0.030837980212054476,-0.09029362636829098
-1.7206615484693113,0.4098705413335416,12.083960284506949,0.0021784006161781,-0.05051753528470423,0.0035468997687203114,-0.12841571416150274,-0.19780379771186993,0.052538197359961854,0.06191979249519324,-1.887290415882941,0.8642460570640382,-0.7377668144161074,8.155404759678557,-0.42304526205947524,0.006685044117566529,-0.036081976440438895,0.03347769086479118,-0.09316788116942082
0.9262617033109152,-1.556506119607681,-5.223007745969674,0.0021784006161781,-0.03401355060377803,0.0035468997687203114,1.06936922833285,2.8490110872599206,-0.31215540107625755,-0.12343225958891181,0.31535053185300255,0.9112399162670798,-1.364839720600656,5.990402008393438,-0.10352813909298973,0.004203338192126442,-0.032723490093774066,0.033123072470956284,-0.11389550175553696
2.5211113634862863,3.245717198908645,4.673481186248119,0.007719729589256749,-0.0570896610615923,0.009393664679388559,0.11288647785299306,0.001017916204703095,-0.6424668869136569,0.16857443941290717,0.5041379293008588,0.3589525495027091,-1.1555088587986937,7.747937187520924,-0.5590213156459449,0.006685044117566529,-0.03740752319318847,0.056558129343434335,-0.12502422303257754
-0.053720902513394425,-4.344803840461036,7.577371888643102,-0.5594325530350474,0.9898952641983386,0.0035468997687203114,0.04211760756946527,0.01019460977645115,0.2446724171041192,-0.24335297424574273,-0.029459984727653085,0.3556126554028325,-0.4427062195498365,8.12439371750942,0.10543496004793068,-0.6369955613331552,-0.03541180525729509,0.0333502924439393,-0.06540218523562044
-0.49947321082700014,-0.9046889259069244,14.263208731384985,0.0047285094954459105,-0.20951255228505566,0.009378291116479946,0.3350621542558932,-0.09463889293591599,-2.7530973929242233,-0.18600042291661398,0.07203216889421064,1.1197910331571275,-2.255383555129339,-8.699561648164666,-0.21749167375274256,0.012137299596993334,-0.0356455538453765,0.06092412873640475,-0.27666988130847037
0.12305423553018072,-1.6193002013004953,-0.9780453538459961,-0.003463232212118408,-0.06097447095184027,0.009378291116479946,-0.28386522995833674,-0.22657815431250317,-1.3608987799097443,0.03897253587287828,0.3289700337622162,0.18792569354461552,-0.7523936982555449,7.659496195433344,0.2933853948503213,0.011389245184857217,-0.037568525015487,0.04703267688479744,0.13078529577456402
-0.17828393006272983,-7.693002888042644,-5.1033122571975795,0.004232123695959237,-0.09866371275527833,0.009378291116479946,0.3283873761775366,-2.1989462423791872,-3.71950804050079,0.06511844930476957,-2.3130797911143204,0.7397036953912962,-2.681697516906661,-13.932181409097433,0.1739907463294598,0.009032919879575376,-0.030370157099345083,0.06543658549550713,0.1363790262856635
1.7819578634852546,-2.807011953836743,-7.325690879521056,-0.004677195486242666,-0.14854535203885266,0.009378291116479946,-2.7221181196182593,-0.10143284713727936,5.5507877556701875,0.04006693339862901,0.48064790875368574,-0.09270038601830881,3.684461723364262,-6.01779711440829,0.22603491447882035,0.011389245184857217,-0.04425581630003666,0.056558280481012656,0.11377328443864121
0.15936998222061435,0.39144813179321303,3.683781526803035,-0.004463907676842204,-0.1334619705896038,0.009393664679388559,0.031210921274081625,-0.06528520022196271,6.054379748906733,0.009026698997318222,0.7113052754869644,0.5930613453642408,5.6775838661888525,-6.314857992877207,-0.19669595616506427,0.004203338192126442,-0.03582132599156806,0.0568292636524107,-0.108886708127408
2.410126871931528,-0.2464754268424674,14.748257432076969,0.007719729589256749,-0.027616110205463798,0.009393664679388559,0.15446145323384597,-0.22497831568922325,-3.5852541766034576,-0.13408924799743582,-0.2737410471319324,1.0855380796696705,-1.2509143261843754,-9.791509791479891,-0.43417727123066835,0.00441899833920029,-0.03799744760240336,0.056562053700130795,-0.18899356586081983
1.030248259809829,2.0495704562276837,-0.8806226164591917,0.0021784006161781,-0.050698772105820494,0.011015638098219137,0.010999266231465908,-0.21776289523660775,-1.6436223299824682,-0.05649801708222026,0.24768053322272784,0.2831010484215457,-0.306833593852707,8.28887387694432,0.2114318392452399,0.006685044117566529,-0.03745593625872574,0.03736100240775268,0.11852447471673924
-0.4893578676510574,-2.4891257298028147,-7.4948049844855955,0.0019651128067776375,-0.03907236226586694,0.0035468997687203114,-1.2660786326575326,-0.5022700773200725,-1.996651367375217,0.03894112749221503,0.6105496339659962,0.5242004737764201,7.361110402724731,-7.8433412969825005,-0.11833078809252502,0.006685044117566529,-0.039158873844912914,0.033981264837076426,-0.05854383755285688
-0.8624404170891042,22.44431245876085,4.341949179166598,-0.004797012043683862,-0.1741277070427964,0.009378291116479946,-0.5539586745203888,-0.1872717059087731,-1.623915650645866,1.5647901060328027,-0.6826486879947912,-0.6025508050715427,1.934339195926016,0.17892485101792674,0.40297128411280664,0.011389245184857217,-0.03382127390062247,0.06084226395757526,0.16852609035630076
0.48611634283952804,1.257696565669425,-3.675865857545421,0.0019651128067776375,-0.035046933207764,0.0035315262058116985,-0.34546842555760526,-0.5168792559944344,-0.3338468675592666,0.07233555387857594,0.26375815968718497,0.53464255432732,-0.8311240714625078,6.507904063527532,-0.35709995425734,0.006685044117566529,-0.03800473622132119,0.033029747220905674,-0.05408752319632899
0.9394400091346183,-2.255954418529231,-4.639654374260437,0.02712631957441298,-0.03401355060377803,0.0035468997687203114,1.103743467382389,2.8545246106478994,0.3598263665555259,-0.11455410064561974,0.5269285887261616,0.4425770338859551,-1.364839720600656,6.085031273718816,-0.09181976918732848,0.004203338192126442,-0.032723490093774066,0.033123072470956284,-0.10895781483703106
0.4953897527012072,-5.288336606090183,-11.619206488710415,-0.001939731239195071,-0.19450356730606616,0.009393664679388559,0.23202931730664406,-0.007338884199120693,4.255229914083299,-0.08700824018758331,-2.6286090759792,-0.11178957261049137,-5.8283162032769225,-12.16687505033059,0.6557794098545034,0.004203338192126442,-0.037322904826443286,0.053376677222996514,0.12406115977080649
2.1407642307273256,-0.5596545669709375,0.013312450192507642,0.007719729589256749,-0.0443560228254577,0.009393664679388559,0.16219081900273985,-0.6199159190047361,-0.621144433019737,-0.1328372296787552,-0.29882389490522954,0.5847715465320457,-0.23881565876814995,2.1710591121555245,-1.1788822787247948,0.0074330985297026446,-0.03785482203907325,0.05659705696131527,-0.20066221589216932
4.3955445322181985,-3.5487113007317275,15.646326029637098,0.0021784006161781,-0.11862618366060979,0.0035468997687203114,0.03481944565578732,-0.7322024069866273,-1.1302806093105262,-1.0702118436749817,-0.523819777941677,-17.5948574504894,-3.144894046868965,-14.770673150941539,-0.1543449653535347,0.006685044117566529,-0.03443684161408374,0.04083450914468284,-1.529119275704854
-8.804984757391718,7.866475509557015,13.738790470344924,-0.0024666627240391577,-0.02935789447585182,0.009378291116479946,0.17072379431110232,6.816096081491703,-0.8514517387115277,-0.2736387561036284,-0.24488262787984713,0.30113682466505154,0.35721369447752477,1.3409576289332645,0.19927482752983366,0.012137299596993334,-0.03791202682715304,0.054327431554429886,0.27770867511305125
1.0726501278057516,2.5626799072118005,9.98721704382345,-0.004677195486242666,-0.1339553569795495,0.009378291116479946,0.012942279707042913,-0.09048485913130305,1.7139124260132843,0.051837227675804454,0.6277418309523257,0.538219946235353,-1.0434895943919305,5.8002038137149485,-0.34440941005711756,0.006685044117566529,-0.036066729919377705,0.05682849905440377,-0.05731847634475203
1.1778815186438876,-0.2817979941556186,5.686076519800779,-0.004677195486242666,-0.035046933207764,0.009393664679388559,0.0025030747697788866,-0.11734114954409798,1.6457333556168492,0.036214239886367385,0.24681050834731635,0.2587141797001158,0.05221611729006349,7.03622609195776,-0.34294795761983404,0.006685044117566529,-0.03425672596618314,0.043535393222919265,-0.08506763076650345
1.0157027423715503,7.510891312003131,-7.2254232701042165,0.0007511495326533787,-0.0649999000099432,0.0035315262058116985,0.36257235636840596,-0.09202249743536445,12.200038452766611,0.040588096803732515,0.8005942907044449,0.5335830953755342,4.662427838126545,-5.9416844841724545,-0.1732032310888923,0.011389245184857217,-0.04198419596655271,0.035489988306955586,-0.07943330761433184
0.6874298168488149,-0.7524152023919823,-6.4989849803618815,0.0009644373420538415,-0.050651807230679,0.0035468997687203114,0.016499380601772844,-0.18698796646050533,1.1924162507088911,-0.49558005816950623,0.7297261390709425,0.6190559445123994,-1.364888274372615,7.1621196145143635,-0.32359188489291313,0.004203338192126442,-0.040101224756308285,0.033563722480291325,-0.09254050149280807
0.09227458232341332,-1.0591491545318068,-5.712381152990084,0.0019651128067776375,-0.03529270481217467,0.0035315262058116985,0.14651004970940987,-0.41743212071041247,-0.3697248766875341,-0.16449437846060705,0.5293451037916018,0.3694342612631711,-1.293875626949235,7.670616274392949,0.2944711548219862,0.011389245184857217,-0.038012190541303545,0.0339153435056298,0.04761962800197452
-7.081567527273128,-0.2998552907742589,12.311748416537252,-0.005238170778449219,-0.07797940757177214,0.009378291116479946,0.08383700041111776,-0.16626447935563896,2.5369956737915844,0.1515344770336719,0.2404389805631667,0.3358172532220376,-0.5904242320738934,2.646714362250949,0.23316130363901436,0.011389245184857217,-0.0363864572092628,0.05211209769410643,-0.010305811413503629
-0.4018299755772108,-0.9740570345979976,-1.6068897255839303,0.0019651128067776375,-0.035046933207764,0.003524822163662426,-0.011358272239035088,-0.5247009367937044,-0.3551967951808453,0.06080101915173874,0.5862640447843311,0.39035673341183424,-1.0956668156904477,7.35515833391364,-0.35709995425734,0.006685044117566529,-0.037537938866490574,0.034111329360473945,-0.0737411637541952
1.2893085443995755,0.4054877552046064,-0.7278826954526209,-0.004677195486242666,-0.03907236226586694,0.009393664679388559,-0.011581330448036255,-0.20989510361375768,7.825589873841397,0.04123027289513011,0.7183124758715951,0.33465621154627856,5.055591421694485,-4.865463248121003,-0.19514517568904108,0.006685044117566529,-0.038621597531059586,0.038969208845511555,-0.050247389478308646
1.150280493032909,-0.8915436576311477,-5.868026690216456,-0.005181473069010482,-0.1780724976154725,0.009378291116479946,0.09281095344323806,0.011223412054143622,5.868327714302168,0.08505045276450764,-1.9658298508263794,0.35834916302525116,-5.254965511300903,-11.916395430845773,0.8000479007040671,0.011389245184857217,-0.03741518925421389,0.05333161533283448,0.281858058154232
-0.7322975919621155,2.3513137454839512,-0.6666651901962455,0.0019651128067776375,-0.0606902476546359,0.0035315262058116985,-0.21307619435749262,-0.45075309743134195,-0.3413053644932324,0.06080101915173874,0.3398910957361574,0.3005830355426625,-1.086208133284819,6.79559706298353,-0.22161968088587405,0.011389245184857217,-0.03714771660185973,0.03594525263728098,-0.05399630391058398
1.3980799660689416,-0.47774397468171564,16.00378674188882,-0.15366141153416268,6.395242879865884,0.009393664679388559,0.2603519194711183,0.17643960821514415,5.2778615685383405,0.09276754454692775,0.27533657474869994,0.5283043802271767,-4.354826902708079,-8.375988238505743,0.5233096359496912,-1.007886511890176,-0.03407058999626322,0.0545814468024922,-0.09123412782821289
-0.9589074357791497,-5.193028116027406,-5.5634538707412675,-0.004463907676842204,-0.13526444028751075,0.009393664679388559,0.03614774982577305,0.23257400983576743,0.58281964469033,-0.47955821429647444,-0.37229587299615235,-8.459732938986749,-3.0977052522690043,-13.909625246415972,-0.19473240696472738,0.006685044117566529,-0.037278491705584095,0.043701815349466704,-0.7729848868070112
-0.19462493409326473,2.1161596854370215,33.650570106713715,0.0047285094954459105,-0.06998946845740944,0.009378291116479946,0.34042241652325916,1.599627362698074,-2.9724672130041276,0.5676321303649998,0.8373144170426189,0.9383939506339882,1.4178309958495203,-10.66894114167475,0.26950198866204644,0.012137299596993334,-0.030611482912853753,0.05770023729439677,4.343552048664598
0.29174761671784405,-4.303989906560165,4.609315382027527,-0.005181473069010482,-0.31197035503170767,0.009378291116479946,0.2470356500070655,-0.03553522605699547,5.170646259956183,0.08473523804679842,-2.984032844464396,0.3725288965605006,-3.9128341188088975,-8.694865229138317,0.36413727592691525,0.011389245184857217,-0.033795600075323465,0.0627658726427256,0.09126763608339684
1.634151066526962,-2.3612960111105923,0.5192142144387173,0.013558119647608724,-0.23421639072647768,0.009393664679388559,1.0996532985016898,-0.10550259009407292,-2.5033532995606067,1.0308679652756887,-4.9089192356939835,-0.3896469998539367,-3.2237495139988,-11.45164385809666,-0.15927110961766153,0.004203338192126442,-0.03578550066231068,0.05436636233458316,-0.12539012274875364
0.44687399001122285,-2.4325379668102762,1.1638976025604832,0.00478015677945068,-0.03869141351942366,0.009393664679388559,0.04947404698065796,-0.13896190551152446,-0.8139280425691726,-0.13095904032255518,0.07830124619738338,0.4682922122655098,-0.01066272088451949,5.678849662915394,-0.4846640043123501,0.004328718812284688,-0.0382237762059574,0.05642133435911728,-0.1039795496222951
0.3602623590516595,3.3752268984004763,5.112985059911913,0.0019651128067776375,-0.0367442094585265,0.003524822163662426,0.13742634654955652,-0.5078886226002223,-2.406500128975478,-0.098331549321272,1.462968750926021,-0.4065303727242385,-0.7510139381925056,-8.150945070516284,0.15159847858029407,0.006685044117566529,-0.036549796456902935,0.03388963427541595,0.023422031502279332
1.6050016166421686,0.5323088366973854,5.37592444698708,0.006056955742575668,-0.10111688082311221,0.009393664679388559,0.40815174747533906,1.0361643338627529,-3.3680263928512244,-0.2834387844955784,-1.139419264548199,0.8386552013507019,-0.9485258131307991,-9.814954250341893,-0.44430706875400827,0.004328718812284688,-0.03599250480041001,0.05659567189011043,-0.10675286714460397
-2.2826986530261117,2.600648362924199,1.5525153134788843,0.0019651128067776375,-0.06521291252666551,0.0035315262058116985,-1.6069739160158858,-0.3473837841694594,-2.4992557758911116,-0.19579067459057148,0.11223574527905114,0.6896929198710214,3.787801235040155,-7.665147013002155,0.0664166682503336,0.011389245184857217,-0.03699337838350435,0.03926595504782627,0.06289283508968402
-2.090917514875568,4.825903773015493,-8.686781736421812,-0.02420344157175429,-0.20298134485635716,0.0035315262058116985,-1.5234635242569392,-0.317506252415761,-0.20246897962876093,0.10721165123518306,-2.5554392535135992,0.9008104439217506,-7.024060944660546,-11.389445797005516,0.42972016187718265,0.011389245184857217,-0.03499724613689129,0.031309483557511564,-0.11900525074891957
1.054584798083137,-19.062091076462366,-7.6416482348697325,0.013996149310973458,-0.04207563202272724,0.009393664679388559,-0.5447088816966789,0.46375566601779655,-5.477148390065242,-0.5154277755798818,0.6729725621327306,0.025934100922471982,1.5526578015087,-17.048435898976344,-0.26323761294021375,0.0027787443463817016,-0.03977281381400229,0.060423336995889476,-0.08321878084477972
-0.8872254998425373,-5.148617458979105,-7.14194010204523,0.0019651128067776375,-0.06129954067451906,0.0035315262058116985,0.14651004970940987,-0.38857014626082864,-0.5469158033112261,-0.16449437846060705,0.5586852689860788,0.3647846382886199,-1.439398187673705,7.430994018911243,0.16210849640056407,0.011389245184857217,-0.03766319123895707,0.03575856081340747,0.07159719739604775
0.37109413882318915,1.4487674134270603,9.078900755724693,0.0019651128067776375,-0.034238698444173085,0.003524822163662426,0.6025448496355064,2.805935123074852,-1.6463310084254077,0.05439959173702343,0.38204697917111696,1.249942857937801,6.553525133809728,-4.206227876206072,-0.11941254840920275,0.006685044117566529,-0.03286964358945637,0.033052301350580404,-0.10609879397220455
0.002201388397123115,-8.508547632320193,-19.923723093586702,0.009348184723865192,-0.09661962795856253,0.009393664679388559,0.5567509702022545,-2.7781742530245324,-3.8500594137740896,0.16934357260380986,-2.600761731354391,0.21501566789907234,-1.90786563670034,-11.288429882990565,0.3750065086911962,0.0042325440058483925,-0.03976798078491393,0.057336055933903785,0.17808590739503632
-1.114036333802771,0.012612661559220126,16.832738688626378,0.0019651128067776375,-0.03029764827859039,0.0035468997687203114,0.0008398658246277977,2.414495813414402,-0.361085716956688,0.0550390155121581,0.21693523451652152,0.6186894847094485,-0.7779169037583294,8.307102088854299,-0.3593752725362328,0.006685044117566529,-0.03357019613562517,0.03453239603664142,-0.099931348660893
-1.0189964142657466,5.028196192483683,-0.7996142845650004,0.002211182795061694,-0.06097447095184027,0.0035315262058116985,0.43421492403790884,-0.311662715089555,-0.8706351158376804,0.07478994780074588,0.35544619355809354,0.3020708026430966,-1.0824800271616095,6.2756406351424445,-0.044920351315602014,0.011389245184857217,-0.03687260257392959,0.036468843787161635,-0.10076442374081368
-0.4574330431798984,-0.5878049034072078,8.61462567849455,-0.004677195486242666,-0.14449525670934324,0.009378291116479946,0.10800537629443459,-0.07368849343135293,4.402048739772176,0.08998183577730337,-0.20751434829704243,0.4139506151490835,-0.9414380495565167,4.661963838641839,0.19202611354138852,0.011389245184857217,-0.03581435100430131,0.06495763965157679,0.17290891194569033
0.8180658022454071,-1.7756670717418468,-18.446209283083782,0.0058948975426403195,-0.037044800522954335,0.009371587074330672,-3.0191953226854524,1.8945949382490497,-0.7535802984950599,0.06257869929623873,-0.34335526661063065,0.5452437947710876,-0.7454322640967463,7.19393821065173,1.1622733146952362,0.006685044117566529,-0.03502371186460359,0.05541305851867818,0.16326049538924636
-0.0984425359361125,-2.264328217036649,-2.608839806622997,0.0019651128067776375,-0.05542895055922681,0.0035315262058116985,-0.21307619435749262,-0.4742103083608233,-0.32690588998204423,0.06080101915173874,0.5905956865794566,0.3052326585172139,-1.1069374286159672,6.736610953036229,-0.22161968088587405,0.011389245184857217,-0.037516423772832756,0.03405390691006468,-0.06462708794789503
-8.051603168776413,7.248874509308341,12.361781367180564,0.0013458470439213256,-0.03733352827222102,0.0035315262058116985,-0.2853429073086743,1.7663368321218715,-0.3945368310496137,0.11752179814886594,0.3126520432493063,0.6822999322202501,-1.0553735507798672,8.34233219945908,-0.13675914860907262,0.011389245184857217,-0.034879200383055566,0.0385290558730683,-0.10420182300099051
-9.058425861871532,-5.6546196349211915,-0.4671476675295098,-0.4529588910515816,6.7546458582221875,0.009378291116479946,0.039750834543389374,-0.09534793810482473,-2.3007520278065416,-0.07160919952648459,-0.4077906216898243,0.21730953118939303,-1.4812142741377043,-7.112178412682191,0.02297044042049449,-1.729589358963689,-0.03431731642863837,0.061519427530846715,-0.15175159634905616
0.08818092792595453,0.6386149540903634,-2.74668709652064,0.0019651128067776375,-0.033180682114485285,0.0035315262058116985,0.08881849637983859,-0.41743212071041247,-0.34844090092086727,0.0031169861563813913,0.7183958335935614,-0.19887198323927666,0.5858574908104146,5.77872365495723,0.2944711548219862,0.011389245184857217,-0.03710326306371314,0.0339153435056298,0.044224582638101195
1.2840358551936142,1.9326562565032774,5.490357728688423,0.02712631957441298,-0.04872102135410588,0.0035468997687203114,0.03474659742353583,-0.6088993915126042,-0.4641741756499325,-0.2788602864664253,1.4534262262815756,-0.06117995573347971,-0.02004299384134542,6.259407938107636,-0.3136331625686342,0.004203338192126442,-0.037982527733594416,0.033960405395791836,0.13120547442979083
0.7605432716396022,2.0147861543485166,0.7959444886370354,-0.003249944402717946,-0.05083304405179526,0.009393664679388559,0.009595656083532916,-0.5193350158233244,-0.31849313835986026,0.9812854540434444,0.45855917479642705,0.4207972770709022,-0.6299413314026109,8.745265133330587,-0.14252834599040345,0.004203338192126442,-0.03774343056220345,0.03890447843390224,-0.09948052290667497
1.3787709750507022,2.1188149849244664,7.642305328009385,-0.004463907676842204,-0.12211420534967889,0.009393664679388559,0.04134800872127468,0.008068654502887164,1.5402079011165206,0.06406665485971885,-0.16002073944451345,0.5241882539978426,-1.1974461314158646,7.166689548183634,0.8458194975429941,0.006685044117566529,-0.0356327698361521,0.05685711008997344,0.1645223357448722
1.2177890518250056,-1.1182784618891455,10.96415918093209,-0.005181473069010482,-0.20029646651049576,0.009378291116479946,0.27605692722582104,-0.035628330784629285,6.573918635552963,0.13601896642525466,0.7993593895592501,0.35834916302525116,-3.726279576447961,-7.318601905075829,0.38899710207350513,0.011389245184857217,-0.033811329323776326,0.05462028119096022,0.06729006668932357
1.4709183265009909,-0.8276268719259473,6.5984252838659785,-0.004677195486242666,-0.1392586258853407,0.009378291116479946,-0.00798998064992382,-0.11033571586104708,1.6736041085747,0.015485755674568108,0.4702255108511827,-0.16144790287296765,-1.0477789908771868,5.9865499760225775,0.3262066762140657,0.011389245184857217,-0.03769912161610683,0.056593283742197124,0.14108055608294087
-6.030630550061494,1.6818225992485647,11.463211952865853,0.006592841509409643,-0.046057787917640564,0.009378291116479946,-0.5792775364664013,-0.5864780246302298,-1.0644211918862345,-0.18362399578930422,-0.3288831315910799,0.5608862618926853,-0.09791527469772993,4.063726763668569,-0.19839990691113393,0.012137299596993334,-0.04009807728739101,0.06380003291963919,-0.8089559453546425
1.1698959912304883,0.9521712075988829,12.73788256469883,0.007626416575559702,-0.050651807230679,0.0035468997687203114,0.03310709575778078,0.4107408706785604,2.5854348383762984,0.11111758675437462,0.26028990942384816,0.4081861726832768,-1.2572064524172677,7.159220449611384,0.049435662955166826,0.004203338192126442,-0.03321568106200986,0.033563722480291325,-0.08760281457430219
-3.8621222230004535,5.070736934676659,-8.610964574040803,-0.0040242075043249595,-0.05889022799234518,0.009378291116479946,-0.0015676722959651807,-0.3006612835474029,-4.197364140725781,-0.8308354954909153,0.5098973767861746,0.044035344910993215,0.8266676974475825,-10.642024011174726,0.25453664187952746,0.011389245184857217,-0.039521869254676885,0.04497224139665485,-0.16974893891809817
-0.39487756333095764,0.604342933632367,8.7698335860543,0.0047285094954459105,-0.1858426233591685,0.009378291116479946,-0.8291290613806829,-0.10097769267281932,-3.942933448954707,0.09973968114296329,-2.1123200249667065,-0.06481477614955129,-1.4700623642232902,-9.5748425733134,0.2380284559105365,0.011389245184857217,-0.03531140664274451,0.06363265767406695,0.21559498720183806
0.9312614179663384,-4.460921095872876,4.280678308766472,0.0021980715566636577,-0.050651807230679,0.009393664679388559,0.02479486300743345,-0.04048683461022792,-0.15769185081542803,-0.1655371967872701,0.4321739047086664,-0.08742293418911494,-0.395560818617839,8.58131546655717,-0.23919735214713284,0.004203338192126442,-0.034714942504785136,0.04357116108211067,-0.0984367045874242
0.4202877139783029,-8.565251244963108,8.893426142536775,0.013558119647608724,-0.09309234464945156,0.009393664679388559,1.1098346089692197,0.03830626878188182,-3.000819980513627,-0.4736542665108611,-0.3518616359812256,0.7193734495373562,-0.11370826487405546,-7.694623026583566,-0.3748761971541759,0.00441899833920029,-0.03553231387332966,0.05768022469582471,-0.950824345182528
0.9253619842897964,-3.954263204761397,-9.608975507347543,0.007626416575559702,-0.050651807230679,0.0035468997687203114,0.0019815273525775777,-0.12938745439283295,4.270006704917185,0.3101020693104587,0.3620922067929467,0.38189753897494466,-1.2111523139017437,5.776304574555983,-0.008763891610046665,0.004203338192126442,-0.042503577142702004,0.033563722480291325,-0.08760281457430219
-0.7059696659062317,-0.2590952626066002,13.309212835168807,0.0058948975426403195,-0.04794598799561249,0.009378291116479946,0.07543261596834434,-0.1929475086505744,-4.27820652528713,-0.16609537210412725,-0.33491075231191975,1.063534434528367,-1.5556831801038646,-9.53450907943138,-0.16957407592327176,0.012137299596993334,-0.037537907145493266,0.06466258326173413,-0.5597314006178356
0.9468940182921168,1.692269484863103,5.733059269128141,-0.004463907676842204,-0.05051753528470423,0.009393664679388559,0.015095770453839849,-0.04833947599454232,1.2590200894424388,0.010299058968782894,0.2734163769127453,0.49393844292150235,-0.21994713315225325,8.855724946985148,-0.5726981632981727,0.006685044117566529,-0.034714942504785136,0.04357116108211067,-0.10337439150593009
0.9690488039309387,-3.9849737986842326,-0.9640856757255856,0.0058948975426403195,-0.041417754542833474,0.009371587074330672,0.04730995389500601,-0.6335047439707466,-0.6640759357799039,-0.15395781951640977,-0.3250381977816662,0.6445421626416283,-0.1680918830107382,2.0068466001074077,-0.7766531968632419,0.0074330985297026446,-0.03824606102358449,0.056561289102123866,-0.18631992616946116
1.2196672559287418,-3.531536609781044,-2.197165202668298,0.007626416575559702,-0.050651807230679,0.009393664679388559,0.0019815273525775777,-0.3650699812960446,0.9166486835917285,-1.1550773723494754,0.5298344454834087,0.08608491541162415,-0.7864031143366359,7.926862482345169,0.32992630181615684,0.004203338192126442,-0.03209593067207174,0.042073821282191046,-0.08760281457430219
1.1274274676188591,-1.053333620577345,5.97059511407093,-0.004677195486242666,-0.035046933207764,0.009371587074330672,0.0025030747697788866,-0.11918108676075997,1.5321820263023724,0.036214239886367385,0.2472020740363088,0.41130406138473136,0.05221611729006349,7.456442798210151,-0.34294795761983404,0.006685044117566529,-0.03425672596618314,0.043535393222919265,-0.08903210178322196
-3.3608544964041767,12.066968447260844,-9.595628610202988,-0.003630623996489452,-0.05638510465591533,0.009378291116479946,0.005447393112747261,-0.17826252067944817,-3.094046389693373,0.35555552574779514,-0.012481235222413607,-0.03488415641327165,-4.265784009171991,-11.051955075549786,0.05358690385587772,0.011389245184857217,-0.03910221725814766,0.07480441901159526,-0.6793229100325637
-0.5595164048676099,-2.3874972609716183,-5.540438068156013,0.0019651128067776375,-0.05542895055922681,0.0035315262058116985,-0.29631707366478643,-0.4742103083608233,-0.30555596236046556,0.05639735137142964,0.08398706284936144,0.5333950566116689,-0.8008994200071075,6.22092194993255,-0.22161968088587405,0.011389245184857217,-0.03802464633843953,0.031249427359498913,-0.07980194111311971
0.32098425422439086,-6.121042792436907,3.986100632378204,-0.004677195486242666,-0.1512512156013217,0.009378291116479946,-0.00798998064992382,-0.07688771572402846,2.161603138987683,0.015485755674568108,0.46514730096069085,-0.16609752584751894,-1.107266381190634,5.657096636150176,0.19384401779264362,0.011389245184857217,-0.03765858390596564,0.06478700361340115,0.12418142129853006
-0.0984425359361125,-2.264328217036649,-2.608839806622997,0.0019651128067776375,-0.05542895055922681,0.0035315262058116985,-0.21307619435749262,-0.4742103083608233,-0.32690588998204423,0.06080101915173874,0.5905956865794566,0.3052326585172139,-1.1069374286159672,6.736610953036229,-0.22161968088587405,0.011389245184857217,-0.037516423772832756,0.03405390691006468,-0.06462708794789503
0.9393265960827312,-1.8927103864785457,0.28848812075557595,-0.004677195486242666,-0.0606902476546359,0.009378291116479946,0.08175313802699978,0.10796568574763898,1.7898339928891023,0.039013322116556344,0.24011589797676788,0.41043884980169254,-1.0489256670796063,8.154525220924674,0.7354395705933727,0.011389245184857217,-0.039578725046855084,0.055475253922247024,0.36267145162661585
-3.669675049871123,8.259998535464616,6.001554357388905,-0.0039792515194733424,-0.06097447095184027,0.009378291116479946,-0.08654144740534604,-0.005414244625775802,3.244346087694563,0.05020316853537452,0.23887344062677923,0.2784261997246943,0.20868978741818503,6.8622705852265025,-0.15167030951954869,0.011389245184857217,-0.03278318160559147,0.05077413704043458,-0.11605536176984042
0.657119736166103,-2.935581090886391,-5.637291419421222,0.02712631957441298,-0.050651807230679,0.0035468997687203114,-0.199121207805633,-0.5025552497700864,0.3402548597510595,-0.10581448146889647,0.45991889713121853,0.17935481326301414,-0.8069094818087945,6.487970902319517,-0.08954445090843564,0.004203338192126442,-0.03800461226923809,0.03306551508009708,-0.09832061972362212
-0.391980491923596,-3.5916404290146544,-18.511104203795917,0.0019651128067776375,-0.03704930497501666,0.0035315262058116985,0.40837871288452116,1.6009457490527346,-0.28619575711106815,0.0550390155121581,0.0994451766571822,0.5648336950571824,-1.0459950026860023,5.232727726265844,-0.22389499916476693,0.011389245184857217,-0.03707328494339205,0.03130698475035812,-0.09478174387131134
2.5086658832236326,3.7833365103481493,5.516869631118249,0.007719729589256749,-0.05793414319897307,0.009393664679388559,0.11288647785299306,0.004801334174176325,-0.6502192116154613,1.1231826299725454,0.6065941152317522,0.3589525495027091,-1.0106322850111482,7.560290910312476,-0.23722887440056656,0.004203338192126442,-0.03740752319318847,0.056558129343434335,-0.12502422303257754
1.0234832747883682,4.030335381248609,2.4336565105496164,-0.003249944402717946,-0.050651807230679,0.009393664679388559,-0.11596387045505306,0.1661680259262265,-0.4052265119299278,0.013057354955293777,0.3008877247382782,0.5076635405356096,-0.3829596745296505,11.96849017085002,1.2272383947869214,0.006685044117566529,-0.03924912657047108,0.055467768412776064,0.1965122325953629
-2.172811048261351,-0.269036299354471,-1.7882074052286017,0.002211182795061694,-0.06115570777295653,0.0035315262058116985,-0.2530920301335712,-0.22811733621609137,-0.23535977298028649,-0.19416055473350152,0.5334908041768128,0.3936931824033808,-1.2834060432277947,7.58967206960332,0.05927005823467622,0.011389245184857217,-0.038185255970241805,0.034732910889473376,0.15456024171906824
2.9768605004400266,0.5088792943861256,16.727999739426338,0.0002468719498855635,-0.1780079628321781,0.0035468997687203114,0.0785095558364682,-0.07805272805000558,5.5605818948507935,0.14412381785425488,-2.102010382465849,0.48566189412171545,-6.076874899837862,-10.038370828894784,-0.38357387759296424,0.006685044117566529,-0.025035100675581727,0.03133618761224872,-0.06396373748274688
-1.5880769676085191,-1.0020609759288577,-8.301165857012762,0.0019651128067776375,-0.03704930497501666,0.0035315262058116985,0.07318130647943434,1.221815398728958,-0.4256664290391577,0.0662380472651344,0.24515023136449118,0.794386517060455,-1.017202721483481,8.195772825885156,-0.26098312830472936,0.011389245184857217,-0.0388007579448099,0.03533340367326602,-0.08034871075382147
1.058878346647992,0.6203271005236171,-1.057778397160538,-0.004677195486242666,-0.035046933207764,0.009371587074330672,-0.013309958560391896,-0.2325686300989,2.00454928890291,0.05495152462370265,0.26030141424399766,0.24296909429688843,-1.6039287870441747,6.377580554085744,1.1332099254756904,0.006685044117566529,-0.03779155225439188,0.0389970552830743,0.11915627620693496
0.6568266951749164,0.7494434619383928,-11.968531473378764,0.0019651128067776375,-0.11504455328139697,0.0035315262058116985,2.413910548795581,-0.8185312429455611,-1.2946677840615786,-0.43582865500984835,-0.38824550515485323,-13.773940045552212,-4.499319304907262,-10.205248928831349,-0.11941254840920275,0.006685044117566529,-0.03582165926966241,0.033217958879120935,-1.3127478073954797
-1.729563317914237,0.9117672157698409,-15.298760168016058,0.0019651128067776375,-0.14572137595464685,0.0035315262058116985,-1.7235392286217273,0.23001158772445007,-2.0234905122158997,-0.4399065946498967,-0.6366507811329499,-10.68082102179605,-6.075765513644123,-12.61616620029599,-0.0628442845295731,0.011389245184857217,-0.034992623051475796,0.03327142735407127,-0.9572790247328902
-6.120046145524373,3.416865577220679,10.371862168692642,-0.0040242075043249595,-0.08049906658360978,0.009378291116479946,0.0788122624057466,-0.19051358345185407,-1.870251648530382,0.23631507594639467,0.13474444260342705,-0.2553643916397397,-1.302046664655014,-5.329428564928606,-0.08928946714160473,0.011389245184857217,-0.03649456051829813,0.055275341326897376,0.2680191077124663
2.5121526214666443,1.170013790222558,4.227216364613758,0.03266764854749163,-0.05793414319897307,0.009393664679388559,0.14968889227263907,0.003761586684055693,-0.2363363793359637,1.1135529541883247,0.823445601023085,-0.11805626801183289,-1.0106322850111482,7.509891553317462,-0.22552050449490527,0.004203338192126442,-0.03740752319318847,0.056558129343434335,-0.11607638895987567
-0.6338129063390238,-0.847106896848014,0.0028130475230082478,-0.004968185259610018,-0.19347856490911827,0.009393664679388559,0.08969864137259614,-0.06198642622187641,2.3226767061554887,0.05147225695617559,-2.314773237275178,0.4635392924228699,-1.704223320510749,-13.16670454202495,-0.39939918725001944,0.006685044117566529,-0.033092919973907356,0.04137939407325944,-0.09044309652331334
-2.5477909255257516,-0.3387943982706234,-9.193457520495148,0.0019651128067776375,-0.06115570777295653,0.0035315262058116985,0.14651004970940987,-0.39292538192067195,-1.8434312837827505,-0.16449437846060705,0.541132126960278,0.366272405389054,-1.2848643266630897,7.753168855503595,0.16210849640056407,0.011389245184857217,-0.03746496023745454,0.03575856081340747,0.14307750209008538
1.104183753195512,-1.0639367224050895,-3.6321908991637613,0.008016790674530073,-0.18061689009809012,0.0035468997687203114,0.7937566989325187,-0.31210197282913105,-1.5143540055029039,-0.42022347506702273,-6.203642526456243,-0.4906618481590246,1.9446454573608054,-13.207555315251872,-0.002068083024030669,0.004203338192126442,-0.03573199946454652,0.027439327358140825,0.08698483007367219
1.3787709750507022,2.1188149849244664,7.642305328009385,-0.004463907676842204,-0.12211420534967889,0.009393664679388559,0.04134800872127468,0.008068654502887164,1.5402079011165206,0.06406665485971885,-0.16002073944451345,0.5241882539978426,-1.1974461314158646,7.166689548183634,0.8458194975429941,0.006685044117566529,-0.0356327698361521,0.05685711008997344,0.1645223357448722
0.7343979739940518,-4.1783972520913695,-7.104135798867652,0.0007511495326533787,-0.06471567671273883,0.0035315262058116985,0.0031072706210562187,-0.1321424182416777,7.907314001426675,0.040588096803732515,0.914042488212573,0.5314678704522086,4.723591686268999,-6.319121163385783,-0.19472978627701704,0.011389245184857217,-0.04236444324075455,0.03532687463672248,-0.045097784688726966
2.386081969602404,4.953595981303693,-9.425240457842305,-0.005181473069010482,-0.20298134485635716,0.009378291116479946,0.09281095344323806,-0.03639705644102038,7.020022519557517,0.07738743787376011,-2.0553599841048666,0.2552276147715461,-0.37717602669398914,-10.581096768870285,-0.2885233287641073,0.011389245184857217,-0.03982675395183734,0.045894183658725364,-0.09717824165204106
0.30010831274349503,-1.2803374536729197,0.3314734683074607,0.0021784006161781,-0.050651807230679,0.0035468997687203114,0.06812398100093194,-0.5015155022799657,-0.31102552594109506,-0.11377287642377243,0.010967976860043005,0.6718850648884276,-0.9414659956217818,7.074672277882586,-0.10125282081409687,0.004203338192126442,-0.037496389703631325,0.037594433453055597,-0.08808345347690329
1.5776627419825136,1.0862556464415447,5.9850730723786345,0.03266764854749163,-0.06199134795268207,0.009393664679388559,0.17251794321827837,-0.13496992129256954,-2.916176591874441,0.5570358649127756,0.8397410958875888,-0.3351168033907826,4.3022490494061145,-8.64236725836801,-0.13288006697631546,0.004203338192126442,-0.037550148756518575,0.05652312608224987,-0.1292549159345219
1.6107318967527249,3.521506254372535,16.11987262478234,-0.004463907676842204,-0.12943654153150086,0.009393664679388559,-0.003789947409391203,0.008068654502887164,1.2320628129978748,-0.007136841051621304,0.5977174507097656,0.1685289903371131,-1.2124465458821638,9.839221092202248,0.8476374017942494,0.006685044117566529,-0.029867206608859297,0.05685711008997344,0.18183972465533105
5.925607738810003,-2.347702217042899,23.97886993614982,0.02712631957441298,-0.03401355060377803,0.0035468997687203114,0.04780680055822755,2.3434818992424122,0.3598263665555259,-0.11455410064561974,0.3544830006219818,0.4276357301001212,-0.7519542195320412,8.606071141646776,-0.09181976918732848,0.004203338192126442,-0.03353690936921362,0.040703854877326785,-0.11330042248181375
0.6059174640958791,-3.62730080673043,-5.955955955732704,0.004232123695959237,-0.09468101245483991,0.009378291116479946,0.3283873761775366,-2.632230466624332,-3.848326425956477,0.06511844930476957,-1.860397874906531,0.6929805572345981,-2.125720972956005,-9.46160154992446,0.2046671925318387,0.009032919879575376,-0.03197325696173958,0.056640428279196874,0.11240145689159016
2.0642091383643875,9.474958469178944,3.001850746616278,0.013996149310973458,-0.04087450370162023,0.009393664679388559,0.1855280526625135,-0.7335645814970199,-0.5146723643857376,0.2728224662410277,-0.04012912273147231,0.08072918602615795,0.00917683055192057,2.0023740880285885,0.016754433426728013,0.003524022017197653,-0.03783253722144615,0.056457102218308686,-0.11333847628901987
-3.4085369872570013,8.831243092016429,7.925410333340431,-0.0039792515194733424,-0.15034570337488512,0.009378291116479946,-0.06028920913791125,0.014612992632458733,3.0315844421983074,0.04988795381766529,0.3765347852086337,0.4542604062727181,-1.0009875254917575,6.739867655174601,-0.15167030951954863,0.011389245184857217,-0.034565476287803945,0.06406724287191909,-0.11917023005446138
1.0778894815599263,-1.7228550660027464,6.929764598760375,-0.005181473069010482,-0.22592186452821475,0.009371587074330672,0.2603519194711183,-0.07154042148350057,7.462742626126685,0.1283559515345071,-2.3552277065135017,0.5167943123872387,-2.6968905666545924,-8.146439244097799,-0.3379317340163982,0.006685044117566529,-0.03392230487327879,0.05463673204555258,-0.0787620985125874
0.6149539527581211,-1.8753178280835772,17.65287133165703,0.0047285094954459105,-0.062374244749281445,0.009371587074330672,0.2952902496141874,1.5019212785024185,-3.012718426246773,0.6179134762343845,-0.8890104229765039,0.9495364748083517,1.0437813289538627,-7.035286159767799,0.40392937787900657,0.0074330985297026446,-0.031223469023160512,0.057757659744806046,0.9631381762655516
0.41446596669584995,-0.06674067163598052,-0.8303345522714451,0.0007987247595832279,-0.1780079628321781,0.0035315262058116985,-0.3091654026039114,-0.4671796878228681,-0.6984754119139248,0.3065586268194095,-1.9244808753659877,0.9010468602739861,-2.8870521922098105,-9.4292630514391,-0.14472183073387113,0.006685044117566529,-0.03576278073338726,0.030837980212054476,-0.06370638700306333
-12.055884007538639,5.509815184285882,-9.689938418918617,-0.0006092796186042112,-0.052898072947329365,0.009378291116479946,-0.16325480503468798,-1.0806955032926846,-1.1605376048541722,0.411487501365829,-0.39962383142458147,-0.012654336235071242,0.024262583881015924,-4.377395261851912,0.2858657781200359,0.011389245184857217,-0.036263704527566276,0.06253425211646074,-0.10079406759323345
2.5121526214666443,1.170013790222558,4.227216364613758,0.03266764854749163,-0.05793414319897307,0.009393664679388559,0.14968889227263907,0.003761586684055693,-0.2363363793359637,1.1135529541883247,0.823445601023085,-0.11805626801183289,-1.0106322850111482,7.509891553317462,-0.22552050449490527,0.004203338192126442,-0.03740752319318847,0.056558129343434335,-0.11607638895987567
1.697418389378795,5.020419435267943,7.649882148147461,0.00655334154206234,-0.17095012040337326,0.009393664679388559,0.24171850422375257,1.215819525510852,-3.496248141856346,0.0721813069801808,1.676048370792116,1.1623936578254968,-3.4073445225623256,-14.794443043364755,0.6779576573414723,0.006685044117566529,-0.03282563227578216,0.05872062200096215,0.16959306245714278
0.5774025250679662,-1.0111181306190475,0.34673226599954443,-0.003463232212118408,-0.03522817002888027,0.009371587074330672,-0.002997039600528054,-0.5374114794321013,-0.386649911730695,-0.05573768614087279,0.6486535883926564,0.3895667835152239,-0.6713927221823267,8.695439727353504,-0.23457058155744345,0.006685044117566529,-0.03858587831063907,0.038868710574710835,-0.08513823318396685
0.7921245569822546,3.1003592989883613,1.4997762946630253,0.0021980715566636577,-0.050651807230679,0.009393664679388559,0.0005779172046445848,-0.26716696851798016,0.759775334114581,-0.13935163698969844,1.1078130096560244,0.007479424447177514,0.5100230183217441,8.29280989942634,0.670139026565075,0.004203338192126442,-0.032889459735469105,0.04357116108211067,-0.0984367045874242
-0.891383808531214,-4.674292105425391,-2.552176337510349,-0.004463907676842204,-0.13539871223348554,0.009393664679388559,0.03614774982577305,0.04105264173110784,3.250856437974736,-0.4026075009562058,-0.37222503081788827,-6.9916009441556,-10.055440621518326,-11.59507248488407,0.4902896144581412,0.006685044117566529,-0.03494276019813271,0.039163477409621755,1.020386828483674
0.5679503768197712,13.114366802252553,4.072567851824152,0.02712631957441298,-0.13539871223348554,0.0035468997687203114,1.2594229320961163,0.20616890928474185,-1.6149428760229818,0.37400678810067145,1.1051055691033393,-2.5078309953840106,-4.653483751691446,-14.422024389804312,0.015327180977949039,0.004203338192126442,-0.029300338177112098,0.0342777514870214,-0.18646364930768408
3.147092592997164,1.1631584491417677,21.798891761836124,0.007719729589256749,-0.005434982284303191,0.009393664679388559,0.15771549167754836,3.488540879729919,-0.6760744159606209,0.09819412040735151,-0.2271915615886201,0.40065857702151914,-0.14305891824888264,6.931970195333614,1.3648982640600087,0.0074330985297026446,-0.03526927916100566,0.05679702369791311,0.30164676862761997
0.04242435516835631,0.9827668575020243,-0.3421965833569858,-0.004463907676842204,-0.05467723628878193,0.009393664679388559,0.0010113652360247446,-0.19421766894354503,6.568211700749862,-0.006032353492973392,0.5286096279643585,0.5718417959591676,6.874216441835644,-5.864375573569338,-0.18198701447826154,0.004203338192126442,-0.037747579074561236,0.03900497670470296,-0.06855415021773528
-0.9768474114988278,-3.595972030969271,-8.231815641451327,0.004232123695959237,-0.09756572413381864,0.009378291116479946,0.3283873761775366,-2.414449977533857,-4.535819827922939,0.06511844930476957,-1.7401775635099956,0.6941363965690853,-2.6046656910363475,-11.29461177025053,0.1739907463294598,0.009032919879575376,-0.03174150575673666,0.06478601973096226,0.2003068219696646
-0.7322975919621155,2.3513137454839512,-0.6666651901962455,0.0019651128067776375,-0.0606902476546359,0.0035315262058116985,-0.21307619435749262,-0.45075309743134195,-0.3413053644932324,0.06080101915173874,0.3398910957361574,0.3005830355426625,-1.086208133284819,6.79559706298353,-0.22161968088587405,0.011389245184857217,-0.03714771660185973,0.03594525263728098,-0.05399630391058398
0.2845484252234265,-0.5129230347189517,7.220614653960297,0.0058948975426403195,-0.0498001434284296,0.009378291116479946,0.07543261596834434,-0.22551941972002973,-3.437624483472112,-0.16609537210412725,-0.21436892044452313,1.058140907466319,0.0668826776639253,-4.535780589137218,-0.1911006311113965,0.012137299596993334,-0.0377842152220988,0.056468863390530116,0.17626415876090093
1.5267905921686404,0.26869188003789823,15.288589417529476,-0.004463907676842204,-0.12859205939412008,0.009393664679388559,-0.003789947409391203,-0.10268428492921891,1.5383502624270946,0.0037333096057891044,0.4656655971611384,-0.02394854597449196,-1.0562989678328607,7.411869673871757,0.5061420033237464,0.006685044117566529,-0.030283711485794007,0.05685711008997344,0.18426722331161396
-4.802737570727757,2.834383594784944,-1.2651540742923846,0.0009522635360858183,-0.049815277967787286,0.0035315262058116985,-0.09767892807581989,-0.48364448768334306,-0.6317187491981138,0.3628307716147306,0.2699816275893613,0.21494914254502612,-0.641236024874783,2.112131077497213,0.5184456771072543,0.011389245184857217,-0.037644391609177735,0.037363605469238295,-0.13978352296282248
0.14967269539794784,0.036942454015358554,13.827492919486145,0.021697974555516933,-0.12613963440778186,0.009393664679388559,-0.22879592024249318,-0.0785057573579446,-1.6541275072246506,0.638546199399591,0.40353201102559505,-0.3155266169262297,4.180005259644245,-7.645675852665107,-0.045619879114395086,0.004203338192126442,-0.035427114561014814,0.05672143100971733,0.11024311563791327
0.6683440346459716,-2.5259836871109056,7.055319470123919,0.0047285094954459105,-0.19186810663952564,0.009371587074330672,-0.6746389787572282,-0.13948401129747184,-3.378383675491806,0.31307558537619684,-3.478937750063696,-0.06553406268783342,-1.535993104485625,-10.947413930143997,0.40313229132987566,0.006685044117566529,-0.03555738848760682,0.0554963602532722,0.18027318598389408
0.4687565583868581,-1.3449600953646477,1.439841228501303,0.0058948975426403195,-0.052266543841238064,0.009378291116479946,0.2528012441046683,-0.5977143300977564,-1.5965150794560483,-0.15395781951640977,-0.3499173977663174,0.5608862618926853,-0.10593754721353535,1.417784313176684,-0.24968215429402263,0.012137299596993334,-0.037375349658187916,0.06469758652291861,-0.571400050649185
1.2257384266765374,-5.0188020151492525,6.906768128765119,0.0021980715566636577,-0.12943654153150086,0.009393664679388559,0.05104710127486826,0.02273842760112827,-0.058019279972053715,-0.19304416473740096,0.7679629611524935,0.03139326978749995,-1.23464360006723,7.214030472026801,-0.24065880458441638,0.004203338192126442,-0.03571691614564262,0.056864266913595175,-0.10155157287204516
-0.8383302876198805,-4.839068812289869,-23.877997360052916,0.0021784006161781,-0.11862618366060979,0.0035468997687203114,0.03481944565578732,-1.0615469824591426,-1.7772594147002696,-1.0348569474761082,-0.63439279097679,-16.55613297649334,-0.702490818120339,-10.981397907611392,-0.1543449653535347,0.006685044117566529,-0.04006383248791689,0.032650118905112754,-1.4993821231836681
1.2497445558397038,2.1932441403922214,-1.7937653868721761,-0.003249944402717946,-0.05083304405179526,0.009393664679388559,0.009595656083532916,-0.22323714779465925,-0.4320285009770199,-0.09423823948970927,0.36646131235593216,0.3404448117834643,-0.7545604727368006,8.980383067191383,1.4632325468171865,0.006685044117566529,-0.037452560356572365,0.03888267740670901,0.12613300816106923
1.5779358692290275,-2.254046070427642,-3.734280667127953,0.0009644373420538415,-0.050651807230679,0.0035468997687203114,0.023408003204187178,-0.1803379506252921,0.025023097037778587,-0.16401653911997588,-0.16383460222243573,0.6901875616524905,-1.3293137576993999,6.494298716071398,-0.12660107048407493,0.004203338192126442,-0.03827545232756368,0.033563722480291325,-0.09254050149280807
0.8150798723100174,-9.419010868589158,2.1657148057689275,0.03266764854749163,-0.042308117655828384,0.009393664679388559,-0.4909110221211595,-0.1929600087741597,-4.338157809525295,-0.03431371322923316,-0.028002928319655927,0.7198700950816727,-4.100977700645205,-9.209633698318022,-0.2633378612035491,0.00441899833920029,-0.044348006671505256,0.056562053700130795,-0.180045731788118
0.48643324948331496,-2.149799169986045,-12.594565776046284,0.0019651128067776375,-0.12179620997782324,0.0035315262058116985,0.037931757726429184,-0.8486020908462255,-1.6877769853431577,-0.446431175916788,-0.6196296013012303,-13.984004225506977,-0.5826441130194945,-15.12790759659132,-0.08545260003437562,0.011389245184857217,-0.03815226472993473,0.03255692859551208,-1.47592575765466
-4.511648580665064,6.809086982395465,-22.912406589993005,-0.0024666627240391577,-0.05701927791480204,0.009378291116479946,-0.3081228299547988,-1.164524683877514,-0.5863104135669412,0.19632594452206487,-0.4388524845504599,0.6607739796038851,-0.22124039326257297,1.9838153446901758,-0.2910895811073438,0.009032919879575376,-0.040045109752055885,0.05838321917071308,-0.10825002396239261
-2.3610492349607872,-0.40785692074587043,15.028917656272188,0.0007511495326533787,-0.0606902476546359,0.0035315262058116985,0.08315674817493278,-0.18651280231787729,1.7527828842546431,0.07905534991476669,0.24243997746744295,0.35764707141778934,-1.2418118674723284,7.132251630936175,-0.2840560596958145,0.011389245184857217,-0.03123341227002928,0.03536187789790696,-0.05845335192648874
1.6385911022449695,1.1027030908362914,16.980262292121225,0.004680934268516061,-0.06408010231399791,0.009378291116479946,0.07851674645875835,-0.07286883244751854,16.81970455276619,0.06593895183518723,0.31586355688009304,0.1310634112760927,2.5015766257105096,-0.346517442848405,0.7587647243713713,0.011389245184857217,-0.037832115758567514,0.06554205262096474,0.17060150910958372
0.8179116025741662,-0.04741458800903148,-5.264620187340247,0.0021784006161781,-0.05051753528470423,0.0035468997687203114,-0.12841571416150274,-0.5104078911544008,-0.3029194370293333,0.02656489629631982,-0.08636317128415291,0.7481450044184796,-0.8807475168362986,6.4526597419817735,-0.42304526205947524,0.006685044117566529,-0.03800461226923809,0.03306551508009708,-0.103258306642128
1.1894955789490607,-4.105888998736588,15.138401966436845,0.0047285094954459105,-0.0867040946176724,0.009371587074330672,0.30530592271332774,-0.20435201022703361,-2.759094911388317,-0.32755815352708745,1.3402996055546414,1.1568781630954703,0.7278268926472463,-3.083887610560995,-0.30124759889957914,0.0074330985297026446,-0.03585195144640605,0.0575576930082082,0.022835982612232013
0.925665300658993,-1.4579949935205831,-3.5205175233520163,0.02712631957441298,-0.03401355060377803,0.009393664679388559,0.04089817795581322,1.1977555880889688,-0.6169772997639089,-0.49381621414727417,0.38896576836974384,0.19488664239150694,-0.7357982954518397,8.223479702835133,0.1067128999876789,0.004203338192126442,-0.037578502204082806,0.037510190360272366,-0.0988673893643239
1.1443855945316037,5.726178490154737,0.17700042512842792,0.0021980715566636577,-0.21418344653430738,0.009393664679388559,-0.2081470841522812,0.328471936344073,4.295193903299964,-0.4920581718170959,0.9475335254674918,-1.6272898776115186,-3.8563746233517255,-11.162562316937983,-0.007520031658609656,0.004203338192126442,-0.03162564208481647,0.05699492118095121,-0.6108389342611519
-0.6944509269913474,-1.0864699138932108,3.5975559120077505,0.0058948975426403195,-0.06423850275249858,0.009378291116479946,-0.02649003835134699,-0.08073923172953698,-1.226035999425706,-0.03251017912438561,0.35577350789208495,0.1838495892633636,-0.7915709830697094,6.052319220658592,-0.13559258514042985,0.011389245184857217,-0.03757031415546557,0.06465865890503768,-0.13590338042917402
0.08440379789767667,-0.5340673353872876,-11.783300487578535,0.0021980715566636577,-0.05467723628878193,0.009393664679388559,-0.6728680421329665,0.05850768576858714,7.708987757602687,0.3780216814204406,1.1173395350776862,0.004614150861082024,-2.1652267089237096,-11.674042157919532,-0.007520031658609663,0.004203338192126442,-0.04169936235093768,0.043536157820926194,-0.07445035331235142
1.0477081465197124,-3.3414756944972583,-3.1454651502893647,-0.001939731239195071,-0.19450356730606616,0.009393664679388559,0.21350235051939137,-0.04559493631743738,3.804169214502166,-0.06134679668173902,-6.266804953805372,-0.046638388203495584,0.023655219621340706,-12.298312610457797,-0.13559764829916407,0.004203338192126442,-0.032939539280959454,0.04137939407325944,-0.08550540960480744
0.7961659330593156,2.797607994588567,-13.508419207620095,0.0002468719498855635,-0.20298134485635716,0.0035315262058116985,0.09421456359117106,-0.07245147782294106,5.333979850937954,0.05050098041004985,-5.612174881329931,0.5042445509981475,-4.449042061121922,-10.10767380916535,-0.3012808477294467,0.011389245184857217,-0.04114897352505639,0.03317011088905576,-0.08634435163891904
-5.346843217136746,5.992260832318829,-3.4662943110180926,0.0009522635360858183,-0.049815277967787286,0.0035315262058116985,-0.37314783662157713,-0.48364448768334306,-0.6834331854096725,0.24829125296217183,0.5556785041708011,0.2666265031665765,-1.0549545252084025,6.939148371207903,0.5184456771072543,0.011389245184857217,-0.03820829080882099,0.03726854420702525,-0.13978352296282248
0.363446879412796,0.7264574642342991,-7.2032573712241685,0.0007987247595832279,-0.1780079628321781,0.003524822163662426,-1.865236128693293,-0.2902309422953208,-0.6984754119139248,0.09322272258617591,-1.1897427367951818,1.019776139410341,-5.693864626058222,-11.044467960302688,-0.14472183073387113,0.006685044117566529,-0.03582520827689229,0.030837980212054476,-0.0942580973850095
0.3745542001408824,-0.7831540612060189,10.61525092057232,0.0007987247595832279,-0.1780079628321781,0.0035315262058116985,-0.3091654026039114,-0.14839648381713302,0.8382775836167558,0.3004869133363373,0.10114109036527451,1.2240575861842735,-1.8893122724397022,-10.483394437074942,-0.14472183073387113,0.006685044117566529,-0.027868560137682144,0.031250155996748574,-0.03831184212666
-0.06842975966038567,-2.968764815880566,-7.741989124166999,0.02712631957441298,-0.03401355060377803,0.0035468997687203114,0.04780680055822755,-2.214630974228376,-0.9891309243393391,-0.03296317311749616,0.4088174750295729,0.6416724909015056,-1.153785581397167,6.461429485183299,0.04287784434907457,0.004203338192126442,-0.038179219165306685,0.033535248255650386,-0.0988673893643239
-0.06643551184616582,1.039982079637787,-15.508118362733597,0.0007987247595832279,-0.1780079628321781,0.0035315262058116985,-0.9332110227658658,-0.4671796878228681,-0.9048085464044843,0.28945696932940307,-4.478720294597849,0.5569654144511308,-6.766137578299662,-16.037281912176777,-0.14472183073387113,0.006685044117566529,-0.03583363263057478,0.0274951900606099,-0.03075309671384314
-0.0984425359361125,-2.264328217036649,-2.608839806622997,0.0019651128067776375,-0.05542895055922681,0.0035315262058116985,-0.21307619435749262,-0.4742103083608233,-0.32690588998204423,0.06080101915173874,0.5905956865794566,0.3052326585172139,-1.1069374286159672,6.736610953036229,-0.22161968088587405,0.011389245184857217,-0.037516423772832756,0.03405390691006468,-0.06462708794789503
-6.819761559422739,2.663959584891254,-9.729911358524946,0.0013458470439213256,-0.06097447095184027,0.0035315262058116985,0.5931014957649102,-0.15281121316640275,0.16623284158439555,0.07038628002043677,0.3993354375677477,0.5598681418873297,-1.8918554283539886,6.102891333127988,-0.044920351315602014,0.011389245184857217,-0.03831100229905885,0.03489607374863511,-0.11593927690603836
0.07888593190503675,0.03849938180442566,-4.957763894985009,0.0019651128067776375,-0.05561018738034307,0.0035315262058116985,0.14651004970940987,-0.4763699517996181,-0.37339956318412576,-0.16449437846060705,0.5276718395796907,0.3694342612631711,-1.310637850843783,7.617530555990908,0.2944711548219862,0.011389245184857217,-0.03803189840993008,0.033867215086191164,0.08849633218045852
2.0542838602482534,0.65125750921749,19.06719215640685,0.0047285094954459105,-0.0867040946176724,0.009378291116479946,0.2970421903320988,-0.19568764741033498,-2.759094911388317,-0.47281537492753245,0.05317479028489199,1.0766759130457775,0.7305281787712892,-3.07158317501108,-0.30124759889957914,0.0074330985297026446,-0.03520245451071578,0.0575576930082082,0.7783428684632523
0.36589683295644787,-0.050036123141817324,4.893929874320391,0.0058948975426403195,-0.05062114599986909,0.009378291116479946,0.2528012441046683,-0.7250188133586163,-1.594397194955213,-0.15630345510838764,-0.1929492462117026,0.5090166859057783,-0.10593754721353535,2.445528457555494,-0.24968215429402263,0.012137299596993334,-0.037834382484493355,0.06478435035134372,-0.9521123141869292
-2.4696091104336575,0.1306148094048843,1.8745659368221217,0.02712631957441298,-0.050651807230679,0.0035468997687203114,-0.199121207805633,0.35206476768753003,-0.3252995383040557,-0.22179694736552177,-1.3037467359756365,0.380936546453792,-0.7277251934279456,5.971336135442018,0.07478391262514494,0.004203338192126442,-0.0356103837167281,0.03347769086479118,-0.08823019425091494
0.7803808825258103,-0.6892597953332775,-8.310300923818867,0.0019651128067776375,-0.03029764827859039,0.003524822163662426,-0.006068756777786535,1.2083258111677087,-0.6873781503213591,0.0662380472651344,0.24662424000909186,0.8938261324902806,-1.115951851584113,7.422171183684957,-0.5563660869450712,0.006685044117566529,-0.038493677495903184,0.03349948039645898,-0.08946278656012166
1.1662643978873615,-1.357280422576641,-4.7674247716967315,-0.003463232212118408,-0.06115570777295653,0.009378291116479946,0.07625302365669281,-0.08885677537540941,-1.4004381348456156,-0.10976690507941927,0.2352940300994509,0.2607437285513805,-0.2145985640419785,7.8856197544016355,-0.12392118312267948,0.011389245184857217,-0.04204132844420422,0.04795044913559135,-0.10402867007881506
-6.4203068514008885,-0.6957681277646226,10.452679326504196,-0.005238170778449219,-0.07212896090623024,0.009378291116479946,0.08383700041111776,-0.16626447935563896,2.636685399152504,0.2028182054121282,-0.3319724187817054,0.32682895505101306,-0.5342021590210807,1.982131766088714,0.23316130363901436,0.011389245184857217,-0.03683539891068403,0.05211209769410643,-0.010305811413503629
-0.78561714760658,-5.033787394992992,-11.90028493957785,0.0019651128067776375,-0.035046933207764,0.0035468997687203114,-0.4816195662757847,-0.5228609995770425,-0.4113551427662687,0.026324684631184612,0.5898513354270908,0.29501550953827993,-1.464456178257842,9.13671376099551,-0.35709995425734,0.006685044117566529,-0.03913648279647051,0.0340162680982609,-0.06977669273747669
5.43779462075088,-3.8443765822423437,21.46134733079488,0.02712631957441298,-0.037954600769360726,0.0035468997687203114,0.0406948809865325,-0.9172058778961443,-2.3676831863318584,0.06379588260586964,0.23851840506701152,0.9480932853184423,2.735480038355676,-10.621565982092797,-0.028739515648570732,0.004203338192126442,-0.03334331660054628,0.04066885161614231,-0.1198460044211895
-0.19701914216663163,-0.9935531022061851,-4.882360760153766,0.0019651128067776375,-0.03029764827859039,0.0035315262058116985,-0.021881790107957322,1.2758820836053528,-1.4056491637736475,0.021406873442904425,0.9072610479066404,0.617140452091194,-0.3517491196072864,7.834412016287424,-0.5563660869450712,0.006685044117566529,-0.03263929534297885,0.03349189531895301,-0.05463429283703078
0.8929532356636384,-2.9712880204346352,-7.5685315846867915,-0.004677195486242666,-0.05542895055922681,0.009378291116479946,0.08175313802699978,-0.09626351040971584,1.873647155589997,0.036214239886367385,0.24738164865710213,0.49494023586010893,-0.8995455140371875,6.86016403912469,-2.3302902198809172,0.011389245184857217,-0.044313713260648625,0.0567710766039945,-0.8155912128508321
-0.5006863671489188,4.84376051580272,10.969803747058284,-0.005181473069010482,-0.21642980172751383,0.009378291116479946,0.27605692722582104,-0.0371757771107033,8.637669608813706,0.13601896642525466,0.9195797009557858,0.3691999539626611,-3.3237986191222335,-7.181775511724193,0.35832065587112616,0.011389245184857217,-0.03358761850396593,0.0627658726427256,0.15519543176739786
1.0143762788965225,-0.9722595942250152,-7.632266897225765,-0.004677195486242666,-0.03907236226586694,0.009371587074330672,-0.012984940595969247,-0.10400109833351384,6.905768021807517,0.06747455426744277,0.3194550198610262,0.408438787798636,-0.5557223750248672,-10.498745368774761,-0.20985411737584378,0.006685044117566529,-0.03658278615146003,0.04350038996173479,-0.06504575050814917
-1.4159135163637144,0.3707872992447005,9.098019553307408,0.0058948975426403195,-0.0498001434284296,0.009378291116479946,0.07543261596834434,-0.22551941972002973,-3.440394463878765,-0.16609537210412725,-0.21938426037899542,1.058140907466319,0.06283415982659482,-5.114682188375721,-0.1911006311113965,0.012137299596993334,-0.0377832925146676,0.06466258326173413,0.17626415876090093
0.3347745091914291,-4.817221951190528,-27.484702134959093,0.0058948975426403195,-0.06599615811193983,0.009378291116479946,-0.2571689735588129,-0.309006540049761,-1.7768946856728582,0.04948482243392457,-0.39802224421589893,0.4536410929047723,-0.8430851226348005,7.747975115744554,0.33152687671420533,0.011389245184857217,-0.037760959985789634,0.06048811589847362,0.1755132368034169
1.437827467439809,-0.2686612501286777,12.444741500524863,-0.004463907676842204,-0.05051753528470423,0.009393664679388559,0.015095770453839849,-0.12285461108611288,1.8913560652020802,0.023968291856382246,0.23634629479197714,0.22349677295411116,-1.0413291070219002,6.755831436038795,0.5043240990724912,0.006685044117566529,-0.025495096765903745,0.0555684442318477,0.14684545822964823
1.7906803721652793,2.3116130027304354,3.006014692278446,0.0058948975426403195,-0.041417754542833474,0.009378291116479946,0.03149692056483524,-0.6256830631714766,-0.6640759357799039,-0.17492450851762875,-0.05112367920925471,0.5643399125919358,-0.16539059688669536,1.997551995275752,-0.7766531968632419,0.0074330985297026446,-0.03760036772449251,0.056561289102123866,0.7305664443096471
1.0070497512804297,-2.248091254219319,6.940926154722278,-0.004677195486242666,-0.1339553569795495,0.009371587074330672,0.028755313037213688,-0.09830653993057314,1.7153738784505679,0.03589902516865815,0.4893222974580355,0.5514825795439773,-1.0461908805159734,6.195322049062048,-0.34294795761983404,0.006685044117566529,-0.03610815513015386,0.05682849905440377,-0.09214697006784292
0.7600034865409044,-0.9967889291484263,0.05578271719764522,0.0058948975426403195,-0.058060119799249146,0.009378291116479946,-0.12188370295005585,-0.18269072780444348,-3.976524726864313,0.06255974353900876,0.46362649443383513,-0.10295814737841381,2.422204818959499,-5.990157746546441,0.24703672999482917,0.011389245184857217,-0.0380326366585589,0.05601029106143126,0.08069654790100422
1.084578779239063,6.547478339838446,-5.683386671399207,0.007626416575559702,-0.050651807230679,0.0035468997687203114,0.0019815273525775777,-0.3650699812960446,3.288581080335674,-0.6803250193039786,1.505717128714454,0.21690393231156044,-0.9824751460249536,7.13411216862717,-0.008763891610046665,0.004203338192126442,-0.03843008768046862,0.033563722480291325,-0.08760281457430219
0.5289107441697268,0.8722101378969765,-1.2432968840225955,0.0058948975426403195,-0.06405726593138232,0.009378291116479946,-0.02971727829874749,-0.30923669730543357,-1.6710965878805184,0.04948482243392457,0.3324633082186035,0.06593810585477283,-0.6610217172480188,5.240163949171207,0.4197943776151708,0.011389245184857217,-0.03771235368262695,0.06419088577438112,0.18862497560628239
2.0064601557053052,-2.2440786029355144,-6.08037741998223,-0.004677195486242666,-0.0606902476546359,0.009378291116479946,0.08175313802699978,-0.12193240609919939,1.5704421003194242,0.039013322116556344,0.24011589797676788,0.19424938274073145,-0.45370841939642326,6.808883286107053,0.3243887719628107,0.011389245184857217,-0.04215421108544833,0.039885073972750776,0.10065086452083948
1.743531398151702,0.2125471507095524,6.210970574404876,0.007719729589256749,-0.04217384570985361,0.009393664679388559,0.15446145323384597,-0.23008558354848285,-3.55275858919,-0.14706965989763615,-0.2825284000407259,1.0855380796696705,-0.4773506449347173,-4.092098509146116,-0.5088028856750691,0.0074330985297026446,-0.03799744760240336,0.056562053700130795,-0.18899356586081983
0.3761182841548043,-1.1888101648954,-10.274452688848998,0.0019651128067776375,-0.12057785453817926,0.0035315262058116985,0.23050255981260492,-0.1534858228172178,-1.3322798906873443,-0.08680301074533502,0.10002569031075084,-7.198511331042437,-5.7385565015073965,-12.816530594135072,0.09709311445271268,0.011389245184857217,-0.03554863328917848,0.03404599777298585,-0.03599609916387964
1.2452752846185704,-2.2784843866897164,-13.779765075340219,-0.004677195486242666,-0.06471567671273883,0.009378291116479946,0.0017036604731232251,-0.10086719819157833,3.047704662065912,0.07513756915819034,0.23276118015769606,0.1697278788718646,1.3236561895391472,-8.694382955208834,0.17810625373531322,0.011389245184857217,-0.0400724168573033,0.04343581068770378,-0.07094904478474297
1.961572274184422,-0.4430066207881249,5.522547528769843,0.007719729589256749,-0.04459882506206066,0.009393664679388559,0.15446145323384597,-0.26054289662404584,-3.550640704689165,-0.14941529548961402,-0.11897278853821099,1.0627982432960723,-0.4773506449347173,-6.005444282799207,-0.5088028856750691,0.0074330985297026446,-0.037852212340392974,0.056648817528555905,-1.708454002849981
-0.5595164048676099,-2.3874972609716183,-5.540438068156013,0.0019651128067776375,-0.05542895055922681,0.0035315262058116985,-0.29631707366478643,-0.4742103083608233,-0.30555596236046556,0.05639735137142964,0.08398706284936144,0.5333950566116689,-0.8008994200071075,6.22092194993255,-0.22161968088587405,0.011389245184857217,-0.03802464633843953,0.031249427359498913,-0.07980194111311971
-5.4772521298682895,1.8472629263852196,-4.414085567471507,0.006592841509409643,-0.052266543841238064,0.009378291116479946,-0.5792775364664013,-0.5864780246302298,-1.0644211918862345,-0.18362399578930422,-0.3288831315910799,0.5608862618926853,-0.09791527469772993,0.4159247292992854,-0.19839990691113393,0.012137299596993334,-0.04009807728739101,0.06380003291963919,-0.8089559453546425
2.1407642307273256,-0.5596545669709375,0.013312450192507642,0.007719729589256749,-0.0443560228254577,0.009393664679388559,0.16219081900273985,-0.6199159190047361,-0.621144433019737,-0.1328372296787552,-0.29882389490522954,0.5847715465320457,-0.23881565876814995,2.1710591121555245,-1.1788822787247948,0.0074330985297026446,-0.03785482203907325,0.05659705696131527,-0.20066221589216932
-2.858660755272417,13.208279616393842,19.140338200956947,-0.0006092796186042112,-0.055417731959166994,0.009378291116479946,-0.30409667174097377,-0.3490378982673757,-2.0540556423299168,0.3552107993385705,-0.24103944955222706,0.5660875359022741,-1.7044178290401004,7.410640560011514,-0.045020036412429104,0.011389245184857217,-0.036035448854301065,0.06299902770524196,0.12908552514357788
0.42849347868215043,-2.6894919761384086,-4.079762807791597,0.0021784006161781,-0.05467723628878193,0.0035468997687203114,-0.09668318528587445,-0.4865926426498598,-2.0599168952715137,-0.08920862505924262,-0.0773846193991363,1.1621569377859329,3.0329202961745727,-7.298552659127346,-0.07863759059245616,0.004203338192126442,-0.03799543260961777,0.0330305118189126,-0.10980388858150374
1.2237131408708075,-0.46584050699723334,7.181362067400205,-0.004463907676842204,-0.12943654153150086,0.009393664679388559,0.04134800872127468,0.02377817509124891,1.3823943553823557,-0.1980050495231677,0.6179927862653661,0.6044990972445059,-1.23464360006723,7.645787212864139,-0.25090572205279416,0.004203338192126442,-0.03571691614564262,0.056864266913595175,-0.10648925979055104
-2.5341922902621166,2.151274142435827,-12.92756740694217,0.004634617343492679,-0.06267174720260275,0.0035315262058116985,-0.048467587687360036,-0.296934572439551,-3.52285860282424,-0.052287853189515995,0.7437903354624262,-0.5678258778953941,-3.68154207088735,-11.207188481137974,0.0664166682503336,0.011389245184857217,-0.03896227682318917,0.03575857490180143,0.07098052935479358
0.46812683975853286,-5.244698009022376,-7.39910962449324,-0.001939731239195071,-0.19450356730606616,0.009393664679388559,0.23202931730664406,-0.007338884199120693,4.368452948931458,-0.08700824018758331,-2.639277279326386,-0.22189114677069666,-8.694989479906603,-7.906208543279122,0.12180379971928974,0.004203338192126442,-0.03778759924285438,0.041372237249637706,0.09016397068191027
0.9392056515385115,6.868839384428886,-1.8802625251862264,0.021697974555516933,-0.050651807230679,0.009393664679388559,-0.1380447878809852,-0.39026713031696864,-0.3082683522822476,-0.13836850882543295,1.7398650324744525,-0.04580099219770165,-1.081323497100419,8.642954757536813,-0.13919320699977653,0.004203338192126442,-0.02958981058483197,0.03895394835038729,-0.09906408426403696
0.7399067866166454,-1.9803785976827888,0.2906181806328374,0.00478015677945068,-0.060242958042523394,0.009378291116479946,0.21319424711527385,0.8633879184027893,-3.8895616732741813,0.26159959154432005,-0.06831282104484898,-9.309245623584976,0.4759265734919247,-5.512019809192467,-0.18396969669582638,0.004328718812284688,-0.035731305548042845,0.05774917580615004,-1.564646743447414
-0.053720902513394425,-4.344803840461036,7.577371888643102,-0.5594325530350474,0.9898952641983386,0.0035468997687203114,0.04211760756946527,0.01019460977645115,0.2446724171041192,-0.24335297424574273,-0.029459984727653085,0.3556126554028325,-0.4427062195498365,8.12439371750942,0.10543496004793068,-0.6369955613331552,-0.03541180525729509,0.0333502924439393,-0.06540218523562044
-3.1826983259483903,-0.6189935666903719,0.11044676577614675,0.0019651128067776375,-0.0649999000099432,0.0035315262058116985,-0.017809498712258176,-0.34296740826518574,-2.739931602277386,0.07341746201276912,0.31892759912110225,0.5350987275707969,5.107283250827733,-3.8860326707953368,-0.0628442845295731,0.011389245184857217,-0.03696023786471214,0.035910249376096506,-0.0877297556888801
1.1271651713709374,2.9542670913783793,-0.6347896556923415,-0.17463280854984808,6.7778631562835905,0.009378291116479946,-0.33078579459751684,0.09011118805357737,-1.9323145777800752,0.05646261673292528,0.012004689606844459,0.22835703236017363,2.109093528763624,-9.457336620852663,0.10472431200329044,0.011389245184857217,-0.03706633165732864,-6.0104338842171,-0.10568424521810921
1.0232842571114351,5.2863036604730524,0.2895689905590517,0.021697974555516933,-0.054890248805504256,0.009393664679388559,-0.645612125450448,-0.10250820328268939,-2.8169783582104113,0.3259556929357201,1.267667971595111,-0.17348035650760427,0.2272731428930508,-13.388720084182843,0.034571545560570384,0.004203338192126442,-0.03171801415561701,0.038869475172717764,0.041740656457304175
0.9020703278240242,4.212295927991753,4.792867462032704,0.0058948975426403195,-0.06329885392174588,0.009378291116479946,-0.12188370295005585,-0.21571212826863195,-4.157675830138161,0.06255974353900876,0.4612168246460187,-0.10295814737841381,2.4899485987745926,-6.403025543777869,0.24703672999482917,0.011389245184857217,-0.03803965416519972,0.055962162641992615,0.12157325207948828
0.3952480059620051,-1.1423244255416465,-2.2696572949058376,-0.003463232212118408,-0.12051331975488486,0.009378291116479946,0.006974412527413337,0.10791000284307328,-1.0400237766339964,0.4509919195039858,0.38817465108158633,-4.011428290433814,-2.361686125284491,-12.36678250895303,-0.098755277769609,0.006685044117566529,-0.03608089584773786,0.03899936484206689,-0.7017147533790709
1.1589123685640783,-1.2074508177716248,-5.491059528601697,0.0007511495326533787,-0.05542895055922681,0.0035315262058116985,0.08315674817493278,-0.20331999741214524,2.5480549008357594,0.07905534991476669,0.24751818735793482,0.5933660382015636,-1.55048027361364,6.251084433575009,-0.2840560596958145,0.011389245184857217,-0.040144797065562954,0.03347053217069065,-0.06908413596379978
0.8494547253972292,1.2803770784856219,0.5123329384106722,0.0019651128067776375,-0.035046933207764,0.0035315262058116985,-0.34546842555760526,-0.20427516255190345,1.2037910656288426,0.06626384039550376,0.3235353014593205,0.6949626278151829,-0.688143369042317,7.226333923852372,-0.35709995425734,0.006685044117566529,-0.03648925258996418,0.033441923005599776,-0.043997097723621814
-2.859700247415569,5.774631929061883,3.412889981008951,0.002211182795061694,-0.06097447095184027,0.0035315262058116985,0.54751373989305,-0.311662715089555,-0.7582389547166327,0.07478994780074588,0.18300774601620812,0.45397326120749987,-1.0824800271616095,6.268184017223915,-0.044920351315602014,0.011389245184857217,-0.03687260257392959,0.039916180020551875,-0.10076442374081368
0.5579401815660333,-2.6710588314579886,-8.316438580214829,0.0007511495326533787,-0.0606902476546359,0.0035315262058116985,0.09006537077734711,-0.22288321093447552,1.2311965049257516,0.05282641351598492,0.11671767012780154,0.5969983548611824,-1.1758145576825352,5.294736307497442,-0.2469679305558521,0.011389245184857217,-0.0422002202585036,0.03347053217069065,-0.06908413596379978
-0.07405709466321958,-1.3989838075348096,6.79329314995609,0.00934818472386519,-0.1021418832200601,0.009393664679388559,0.7457651056039746,1.016786734589613,-3.828010216033775,0.010191136239639444,-2.453319822225912,0.4273460415804181,0.09224939436484528,-12.678195330756003,0.3206339162593841,0.003524022017197653,-0.036849755863887945,0.05659567189011043,-0.09780503307190215
1.158539565489646,-0.49546400364042226,0.7333849217132142,-0.004416332449912355,-0.289311198824506,0.009393664679388559,-0.9505891309315149,-0.13540306472206554,-2.9833239391333906,0.04729528411671441,-3.049655029224411,-0.6285133132925583,-3.126183869042459,-11.908467637013365,0.2139276610552733,0.006685044117566529,-0.03554277538134646,0.05439403122387499,0.2060118743083783
-0.6752280172849915,-1.9026121874308664,-2.1341011710700983,0.0007987247595832279,-0.20365127727905,0.0035315262058116985,-0.29643266537750657,-0.4011315443334226,-0.6318772746137722,0.09322272258617592,-1.0509291044381102,0.8954169168597027,-2.5157312934528626,-8.983564184518677,-0.11076188235904384,0.011389245184857217,-0.03577000048851988,0.02905766035064771,-0.08942080491985406
-1.2694111957007372,1.0249880193966123,7.007063240797545,0.0058948975426403195,-0.05250934607784102,0.009378291116479946,0.05975579901538316,-0.12504590061242674,-3.8877153412652823,-0.16844100769610512,-0.18901717570482934,1.01166485854146,-1.5556831801038646,-5.2384547781541055,-0.16957407592327176,0.012137299596993334,-0.03803493522664536,0.06474934709015925,-1.0833054477256436
0.7264002334164211,-0.17100785319579956,-18.384649482199375,0.0019651128067776375,-0.11504455328139697,0.0035315262058116985,-0.000494905960858776,-1.0816265836931738,-2.368376468775778,-0.4103105595733282,-0.23373356435041007,-17.247382295119554,-2.686030579808565,-14.920088462984662,-0.16018812334965554,0.006685044117566529,-0.039374613318304656,0.03363013466381504,-1.4502113397378695
-0.0789255454137395,1.2646130436954843,6.884971008140105,0.012351842374496987,-0.028673409107332383,0.009378291116479946,0.18760069416503392,-1.7463273044990169,-0.9019491951570605,0.03204033198431498,0.3135985529024769,0.4624902932357593,-0.7104413009261906,9.351400918866611,0.22745825749726606,0.009032919879575376,-0.03279781170712528,0.06533303317328382,0.2296696339850242
0.5458185435270779,1.2094016660411018,13.745619856329297,0.0019651128067776375,-0.03029764827859039,0.0035468997687203114,0.0008398658246277977,2.2609980214344687,-0.37253937364051154,0.0662380472651344,0.1564170234952949,0.7591632587707816,-0.6636177327278256,10.656535444341584,-0.3593752725362328,0.006685044117566529,-0.02841008381383768,0.03349948039645898,-0.08549831554340315
-0.6106969581297939,-5.507782426769583,-0.8152661976931159,0.00258844565563403,-0.30518054433580744,0.009393664679388559,-2.374494988073344,-0.12031653527635801,-3.283284920071285,-0.3374149931861496,-7.321172968672184,-0.8951816754630378,-3.2909197608191727,-11.829694906193184,-0.043461529597710415,0.004203338192126442,-0.036500766460845276,0.05439403122387499,0.1956540785030083
0.9769859580390011,-2.415587163544777,-0.40772700966494113,0.0007511495326533787,-0.05542895055922681,0.009378291116479946,0.08315674817493278,-0.23040931583725216,2.03147472735137,0.00996995851405472,0.25930829938337446,0.33598991870914696,-1.0909699558655863,6.289481230275548,-0.23896476217396684,0.011389245184857217,-0.03839306096861203,0.04198063097259036,-0.06908413596379978
2.826654688256967,0.2794018363046411,18.134855418793993,0.00655334154206234,-0.0719117955447412,0.009393664679388559,0.4184348471031503,1.4940400963714835,-2.908801298801621,0.5582122951214027,-0.5152458660670916,0.9604740469679022,1.0272750729446858,-7.067531963109398,0.6065543272437794,0.0074330985297026446,-0.032661402493707734,0.05779342760399745,1.5444385459579346
-1.166225733584956,0.19129658793594373,-5.353556233528285,0.0010447947478672847,-0.2037008264006715,0.0035315262058116985,0.07787627254364991,-0.25732562381124024,-0.8101442159195935,-0.272417448584182,-3.3740006912872356,0.6167000343772682,-5.450340854935732,-11.350119143571654,-0.5271641306709391,0.011389245184857217,-0.0359421650441012,0.028211832851822383,0.11381613993138971
0.521509283247495,-1.791325739652923,-9.401717284898108,0.0007987247595832279,-0.17344260469450246,0.0035315262058116985,0.09263811825991189,1.0159383790410028,-0.8859574039771357,0.33043352901073175,-3.129887058289517,1.5837146553677037,-2.7177075207251713,-10.773047473966573,-0.1865791659910016,0.006685044117566529,-0.03621558705731133,0.03130771338760778,-0.04894903724006898
-0.7518417253837931,-1.2696076711820108,-8.484232356113308,0.0019651128067776375,-0.06097447095184027,0.0035315262058116985,-0.29631707366478643,-0.1445329526753924,-1.2225702004849899,0.050325637888357456,0.11549569260894875,0.6915089771159324,-0.6854696541434228,5.838475968684248,-0.12873695084087036,0.011389245184857217,-0.0426203589836029,0.03527584628240681,-0.0977160283415609
0.8767405068834203,-2.158864107660677,-2.1634039933330755,0.0007511495326533787,-0.059454379617329745,0.0035315262058116985,0.010015893223470549,-0.12603499652883143,7.806533434627995,0.06541930292053669,-0.012947077403454443,0.6696870582752324,6.458111589255959,-3.116360851675507,-0.18076073763712985,0.011389245184857217,-0.03835900830342866,0.03343552890950618,-0.045097784688726966
1.3542755529344765,7.493384589572713,4.752794742441448,0.007626416575559702,-0.050651807230679,0.009393664679388559,0.0019815273525775777,-1.4253644386385018,0.5498839534044284,-0.6796828432125809,1.0243191252643247,0.1242394737384021,-1.0336719120786078,6.734547207315359,0.32992630181615684,0.004203338192126442,-0.02755166321454714,0.045396373462991385,-0.08760281457430219
-1.5040126835547722,-1.9543619536879728,3.5797495775574686,0.0021980715566636577,-0.12943654153150086,0.009393664679388559,-0.01830780065858648,-0.31926775246800326,0.6203658252032124,-0.4212925138095347,0.8251343943154652,-0.2269615749539926,-1.0085173945684807,6.751434910752181,-0.6801959462644311,0.004203338192126442,-0.036140873504359225,0.05685711008997344,0.17390942750624397
1.0886375218045259,-0.21949610235761835,-1.1229817076945,0.0009644373420538415,-0.054542964342807164,0.0035468997687203114,0.007919987838439077,-0.12627451667007517,7.700214079441557,0.043861614488522625,-0.09981656547231106,1.025064653977975,6.7803910514345835,-3.554764682080493,-0.2496531029562889,0.006685044117566529,-0.03830962203187682,0.03352871921910685,-0.06855415021773528
2.0625700447247786,1.2623106300318747,-24.44772638569091,0.007719729589256749,-0.05808563709615949,0.009393664679388559,0.002419092353924148,-0.34235756720747035,-0.8239489683837609,0.0344397921737505,-0.3829790652542706,0.4681434742982413,-0.8620528867439007,8.719005413402444,1.3632217137492453,0.006685044117566529,-0.0380439758157358,0.05238758633687027,0.17719069677613714
0.5257028140414601,-0.14499015120526446,-7.777845367436106,-0.004677195486242666,-0.035046933207764,0.009371587074330672,-0.013309958560391896,-0.12735006719921604,1.602842281148161,0.05495152462370265,0.17879290573190423,0.2421558057441818,-0.4939704848032091,7.5869987857622885,0.4861649748148633,0.006685044117566529,-0.04521320692573907,0.03994249642316004,0.11915627620693496
0.6870213124291866,0.20651924628173404,-1.2672193199724244,0.0021784006161781,-0.05475597685952949,0.0035468997687203114,0.41620500334268434,-0.5083454815349137,-1.9501908055934372,-0.19407668380143772,0.5146690673576259,0.6526748147614306,6.562266218666659,-6.514992209812238,0.16975760283792207,0.006685044117566529,-0.03918388777198748,0.03392540213460735,0.05450625888886587
-3.524146590519241,16.017290058342912,-15.228330713820283,-0.000214124511108591,-0.14336390516683017,0.0035315262058116985,-0.7935357251412947,-0.3898111962334264,-0.5914981901509136,1.4529552232614609,-3.5812924780815694,0.4541950058471225,-4.440376774609969,-10.89844536148901,0.31760730086756045,0.011389245184857217,-0.03218411975704111,0.030126881016377886,-0.12687287254902202
0.7803808825258103,-1.3010513574569844,-7.639570994737613,0.0019651128067776375,-0.03029764827859039,0.003524822163662426,-0.006068756777786535,1.2083258111677087,-0.6439445360294723,0.0662380472651344,0.24662424000909186,0.8938261324902806,-1.1888546493547731,7.392702000206184,-0.5563660869450712,0.006685044117566529,-0.038493677495903184,0.03349948039645898,-0.08946278656012166
0.47068747073316564,-1.1939999198171016,-2.042679454580237,0.0010120125689836907,-0.19450356730606616,0.0035468997687203114,-0.28978542521394607,-0.45712531145136315,-0.5772381220188937,-0.09738009459267867,-0.3015458603526608,1.1471237959457457,-2.385116425529926,-9.28948997136629,-0.1050286332338022,0.004203338192126442,-0.035795116743552034,0.03087374807124588,-0.1059390953957354
0.5142322600672088,-5.315395314011717,5.285318394853833,-0.004677195486242666,-0.15527664465942465,0.009378291116479946,0.004285549440357759,-0.06265425540627687,5.591099755491207,0.04006693339862901,0.489160930421013,0.4035628334203728,4.538771342941923,-5.275579439753368,0.19535846827644138,0.011389245184857217,-0.03611253553082823,0.06492263639039231,0.07955676074377162
1.8388592222422273,4.528944674518895,-1.7871339817692578,0.03266764854749163,-0.04449029477143246,0.009393664679388559,0.17477628761959696,-0.9169920996058554,-0.5303593711266626,-0.007364936032423818,0.1432589028711927,0.22557041573893571,0.6449589164169709,5.2080789001208725,-0.057032609688710496,0.00441899833920029,-0.03626687875291272,0.05659705696131527,-0.19171438181946748
0.2349934262092695,-2.6436564855306943,3.9023901226672906,0.0019651128067776375,-0.033180682114485285,0.0035315262058116985,0.08881849637983859,-0.41743212071041247,-0.20295417581810538,-0.039065278580453826,1.1639555604897882,-0.10999316725070638,-0.3983656609524068,4.446353574011288,0.2944711548219862,0.011389245184857217,-0.03751603374559952,0.0339153435056298,0.044224582638101195
-8.97481733208666,14.845362909090644,12.000553311097503,-0.0017240203817938515,-0.04805413324676898,0.009378291116479946,-0.6726260391181593,4.234008236738566,-0.40799937562692823,-0.12026313248323633,-0.02493154914017105,0.4436115706702135,-1.0066976921825244,8.310779470647612,-0.157509108657786,0.005140483503712616,-0.03552782451351621,0.060304338091562486,-0.13496728062563207
-0.49469799370088885,0.1597024986328598,8.719216950466706,-0.004677195486242666,-0.14449525670934324,0.009378291116479946,0.10800537629443459,-0.07368849343135293,4.402048739772176,0.08998183577730337,-0.20751434829704243,0.4139506151490835,-0.9414380495565167,4.721464026574921,0.19202611354138852,0.011389245184857217,-0.03578021218957,0.06495763965157679,0.17290891194569033
0.8979347693725358,-2.4172557028765627,1.1772031358526098,0.004680934268516061,-0.05403469074114621,0.009378291116479946,-0.00798998064992382,-0.07397621337082136,2.7041882961851043,-0.10303324027376864,0.4606680349774772,0.046174088577673814,-0.9922156832577452,2.0314185616368827,0.389513396511278,0.011389245184857217,-0.03767137336228776,0.05664141216163577,0.10020385190445677
0.6613225868686713,2.2622305727731975,-4.014678653933321,0.0019651128067776375,-0.14615663420175679,0.0035315262058116985,0.04680468636263435,-0.014651247456153146,-1.1072050213140283,-0.021952469216583427,-0.6338386204139111,-7.252443717101905,-4.321150413164323,-11.434335437052288,0.09709311445271268,0.011389245184857217,-0.033774360300649696,0.0324077406429924,0.9903782973430255
1.222251688433524,-0.5863248808274025,7.67933263273093,-0.004463907676842204,-0.12943654153150086,0.009393664679388559,0.04134800872127468,0.02377817509124891,1.380932902945072,-0.1980050495231677,0.6179927862653661,0.6127546468981171,-1.23464360006723,7.264429829021815,-0.2523671744900777,0.004203338192126442,-0.03571691614564262,0.056864266913595175,-0.10648925979055104
-0.13211560187105323,-0.5653723133639902,-15.28909197363642,0.0058948975426403195,-0.06877316353387727,0.009378291116479946,0.07515074807040804,-0.242077409485914,-3.7140798791585365,-0.1456661375846474,0.4510777547261737,0.2734905672162082,1.7452956997207043,-5.194168136255431,-0.21921806535531832,0.011389245184857217,-0.038152600866646576,0.0641282136239048,-0.10086907033514785
1.1999038483742956,0.42746409457001106,-4.9526378017732835,0.02712631957441298,-0.03401355060377803,0.0035468997687203114,1.0795265215796,3.2711315914854935,-0.481654089541012,0.2161719795816436,0.5922937141190002,0.5154058945120459,-1.1040507018985413,7.632923021489402,0.18166910419269927,0.004203338192126442,-0.03876306365022635,0.033123072470956284,-0.10895781483703106
0.994031479326152,0.15716726864893713,6.133475355914311,-0.003463232212118408,-0.1392586258853407,0.009378291116479946,-0.02971727829874749,-0.11890917407319002,-0.644488798088763,0.015444969430890043,0.49898391523946267,-0.20027751903633725,-0.6657247543703453,7.800906123177435,0.2985130764701193,0.011389245184857217,-0.03770370131006695,0.056492607923125486,0.14638784774599245
-2.5937239250785935,9.89250162687744,-22.138243299322674,0.03266764854749163,-0.08003521613353604,0.009393664679388559,-0.04209511604387553,0.05584109048955211,-3.5275543634266047,0.6764252127079502,-0.032656052029588364,-3.309763173212771,0.40800175537802796,-4.503254655217939,-0.42246890132500703,0.003524022017197653,-0.038125254923059695,0.05168262141942268,-1.2137147048302461
0.32043455658987635,-0.6536686298821507,-7.070093428094279,0.0019651128067776375,-0.04099035514059935,0.009378291116479946,0.0015079247196108296,1.006092460231055,-2.863473921301401,0.024138848228544656,0.2468890845286655,0.45730646931879637,1.4338580204241085,-10.519650615781957,-0.07137421510746968,0.011389245184857217,-0.03880703706036495,0.03738199678948722,0.043492305301903005
-0.09939784032349312,-1.8210369027877682,-2.6986172948695537,0.0019651128067776375,-0.05542895055922681,0.0035315262058116985,-0.21307619435749262,-0.41379880774402916,-0.33066946399193303,0.06080101915173874,0.590894116433536,0.3052326585172139,-1.1069374286159672,6.818647209636157,-0.22161968088587405,0.011389245184857217,-0.037480703439340866,0.03405390691006468,-0.06462708794789503
1.5304014258014706,5.209077033407331,7.892400204093173,0.03266764854749163,-0.14321929292497765,0.009393664679388559,-0.06509428045188767,0.2298909292725148,-2.4882515054855796,1.9479550884420902,0.6304660582042068,3.4435621677982557,-3.2586780018026023,-10.501622715501174,-0.13288006697631546,0.004203338192126442,-0.03494025603169081,0.056688783610790376,-1.5182594366009114
0.24292267558116218,0.021623626146681584,5.883914223679241,0.0019651128067776375,-0.058759461778062766,0.0035315262058116985,0.08881849637983859,-0.47549386273205474,-0.2547543337426353,0.0031169861563813913,1.1075371673344783,-0.11464279022525767,-0.28588387312809327,4.523642916251657,0.2944711548219862,0.011389245184857217,-0.037163456368598094,0.033867215086191164,0.08510128681658521
6.541592214167528,-1.648253918121347,22.113645740401942,0.0021784006161781,-0.03401355060377803,0.0035468997687203114,0.013432561508688759,2.3379683758544325,-0.31215540107625755,-0.12343225958891181,0.14290494374882282,0.8962986124812459,-0.7519542195320412,8.231567994750003,-0.10352813909298973,0.004203338192126442,-0.03353690936921362,0.040703854877326785,-0.11823810940031963
-0.00426146823294526,2.148678236609373,6.203772196141933,-0.004463907676842204,-0.09428957211676493,0.009393664679388559,0.031210921274081625,-0.0657276733357364,12.446580185104132,0.600571438843853,0.47257975306961053,0.6031360646871148,4.173786496917637,-6.521274829088977,-0.19669595616506427,0.004203338192126442,-0.03581157542171305,0.0568292636524107,-0.0793880402308573
0.311203109155508,-0.1470140176679593,-0.9089170593341661,0.0019651128067776375,-0.035788308313058806,0.0035315262058116985,0.08008992908184867,1.792064784128881,-0.11483669210706891,0.05256103711923398,0.11283214612928152,0.6083993234830342,-1.0068262369935508,7.008479100117,-0.22389499916476693,0.011389245184857217,-0.03351283743320427,0.03241607226333731,-0.09478174387131134
-0.188009180941301,1.0233366508905135,-22.94818311912838,0.0019651128067776375,-0.034238698444173085,0.0035315262058116985,0.1314211658588469,1.0663391049168909,-3.323068946756483,0.10569269044304314,0.3355795072743214,1.2109351012508407,0.4715795929074961,-7.67876088853654,-0.11941254840920275,0.006685044117566529,-0.03927118327430498,0.03244869351738082,0.06920672321869371
0.2630617065988204,0.5719394035226414,2.2357879308560706,0.0021784006161781,-0.054542964342807164,0.0035468997687203114,-0.013442305978580645,-0.4997592312422039,-1.81086016091335,0.05185977358075506,0.5026285480767171,0.7654334609770256,5.328107393696652,-5.905627691912314,-0.15326320503685692,0.006685044117566529,-0.037487210044010996,0.03411209395848087,-0.07685059829228354
-1.114036333802771,-0.01587590960315957,16.63861549557367,0.0019651128067776375,-0.03029764827859039,0.0035468997687203114,0.0008398658246277977,2.414495813414402,-0.361085716956688,0.0550390155121581,0.21693523451652152,0.6186894847094485,-0.7779169037583294,8.307102088854299,-0.3593752725362328,0.006685044117566529,-0.03357019613562517,0.03453239603664142,-0.099931348660893
0.4275025748823884,-2.4557800065228106,5.255246806088826,-0.004677195486242666,-0.0606902476546359,0.009378291116479946,0.08175313802699978,-0.11511527438527269,1.314273550552846,0.036214239886367385,0.2457280653917082,0.275326369624294,0.1919491234560834,7.571493457513169,-0.24215216283766125,0.011389245184857217,-0.03430368477309028,0.051671690643714005,-0.0799180259769218
-1.531158329284141,-7.546398358321938,0.5417724187721354,0.0028944901088036414,-0.15437113243298806,0.009378291116479946,-0.2128327911195203,-0.013845594730076342,5.142153140902389,0.04006693339862901,0.37635239123660813,0.45464266188533997,3.848786063903211,-6.087112796429224,0.19535846827644138,0.011389245184857217,-0.039182548071373606,0.06495765373997076,0.16251980506679212
0.09227458232341332,-1.0591491545318068,-5.712381152990084,0.0019651128067776375,-0.03529270481217467,0.0035315262058116985,0.14651004970940987,-0.41743212071041247,-0.3697248766875341,-0.16449437846060705,0.5293451037916018,0.3694342612631711,-1.293875626949235,7.670616274392949,0.2944711548219862,0.011389245184857217,-0.038012190541303545,0.0339153435056298,0.04761962800197452
-1.8325560648411074,3.431261545171321,9.78962883430535,0.0007987247595832279,-0.20298134485635716,0.0035315262058116985,-0.29643266537750657,-0.19729128992810074,-1.4780064956109282,0.13287222278341493,-1.438060650181688,1.5315017313101442,-1.849591914103992,-12.796331751702839,-0.08923532717091912,0.011389245184857217,-0.028969328187352705,0.03308407927355562,-0.09361070587251627
-5.7659299652863,-5.834648392084662,-3.471280054251606,-0.0006092796186042112,-0.05062114599986909,0.009378291116479946,-0.1526347756617794,-0.8970195603422825,-1.2916303047524134,-0.2864644102804626,-0.7377015066108827,0.5456800830162063,-0.10426632224063553,1.8126278844499772,-0.2596373405343,0.012137299596993334,-0.038521355926261054,0.06375870042740964,-1.0576459278284445
-7.1770170868219,-0.9788839119606251,-0.6726563266182912,-0.1491122499197499,-0.20938329365219488,0.009378291116479946,0.05629144122726816,-0.08327528707333796,-2.1975531457726203,-0.11371527149581512,-2.504498289727317,0.002097170762341402,-2.868289051120577,-8.846653065437556,0.016000547229975043,0.011389245184857217,-0.037202395741232165,0.06140622462267398,-0.1474041121746396
-8.879507276202869,8.116912285804517,-8.580256997347727,0.0013458470439213256,-0.05920190237339691,0.0035315262058116985,0.06656519324812138,-0.3470303139127572,-0.33903628269668507,-0.5898746687342816,-0.08210462433142786,0.3317987864940033,-0.7498774780507923,4.393153543383811,0.21121295983721908,0.011389245184857217,-0.0410714087677596,0.04511651992395479,0.12865921869654004
-0.7782868447366483,-2.374851192133815,-1.545431521318814,0.004232123695959237,-0.09756572413381864,0.009378291116479946,0.3283873761775366,-2.0806880290451746,-4.289632600563164,0.06511844930476957,-2.216201250505071,0.7451385772307876,-2.6046656910363475,-15.228227598263553,0.1739907463294598,0.009032919879575376,-0.030068369709013235,0.06563035072541107,0.2003068219696646
1.163179463414769,-1.201383452607411,-3.0981178714404596,0.0019651128067776375,-0.03733352827222102,0.0035315262058116985,0.08008992908184867,1.5347179777717135,-1.2751024209852944,0.06037469711236471,0.0920908067425561,0.6517292685571743,-0.40078790284022864,7.798302107309398,-0.13101226911976324,0.011389245184857217,-0.0342210867973629,0.03431762005537234,-0.10835322345496988
-0.27747786882828573,-0.7942250738311989,-3.452354657482553,-0.004968185259610018,-0.19450356730606616,0.009393664679388559,0.08969864137259614,-0.11140494927124284,4.2912936332950355,0.059135271846923146,-2.96549025914991,0.36132216455302396,-9.638682991040252,-11.177650164719042,0.6590684221086148,0.006685044117566529,-0.03581796588430709,0.029879593989402663,0.09587971735727167
-0.6391586590291759,-0.5977354493393698,0.5312899015334469,-0.7143913401426685,1.534596236389083,0.009378291116479946,0.05312899797441896,1.3216304041409919,3.7778796138375372,0.03733148602022594,-0.08889198125143342,0.532821434487599,-0.6506338867282602,0.4830466619459887,0.7958571660420528,-0.6557336950158049,-0.03433973160033245,0.06472149206241744,-0.10209718735068694
0.1856334738602568,-1.2374166381063838,7.615722970689533,0.0058948975426403195,-0.15000110850617293,0.009378291116479946,0.2064100535584719,0.19376231580473846,-2.7012590887983787,0.5187757650318277,0.3418851101141278,-1.7436918448178496,-2.977770900229175,-9.147641148069185,-0.12986474802859008,0.011389245184857217,-0.035313387999646555,0.0565955933011897,-1.8949058931348697
-0.5705393535708946,-2.388841342347848,-5.542278516720148,0.0019651128067776375,-0.0606902476546359,0.0035315262058116985,-0.29631707366478643,-0.47333421929326003,-0.29051173959211163,0.05639735137142964,0.08319675234410781,0.5291573688841081,-0.7886296034003838,6.217228595461791,-0.22161968088587405,0.011389245184857217,-0.03802464633843953,0.031249427359498913,-0.07980194111311971
2.4221776784284703,2.567827468159649,3.507131122913502,0.007719729589256749,-0.0380229484130235,0.009393664679388559,-0.5889625745133906,1.916450328211507,0.1265063437638781,0.03308145631447894,-0.39898367226773646,0.5475491281938754,-0.8077535858850106,9.027764855000658,1.3648982640600087,0.006685044117566529,-0.03507946604821113,0.05772421809487781,0.19094967741195962
1.2620676502798434,-2.748400190440324,18.564062363904643,0.004680934268516061,-0.11104103342948733,0.009378291116479946,-0.15177810782229761,0.22427637686855165,11.954012474774467,-0.05426676424050002,-0.2701491202802393,-5.354633941069834,-2.865751881815827,-3.243437852048506,-0.7013171126547435,0.006685044117566529,-0.03553953189798913,0.05779203529837256,-1.4552303965448687
-0.5103309176517427,-2.970053565771793,6.072610251998445,0.0019651128067776375,-0.059187517976829654,0.0035315262058116985,0.08881849637983859,-0.38857014626082864,-0.413285229069735,0.0031169861563813913,1.13934090724612,-0.11464279022525767,-0.4332872757447813,4.399486331654984,0.16210849640056407,0.011389245184857217,-0.037167034443253026,0.03575856081340747,0.06820215203217445
1.9187421922170171,-0.4237020249375618,6.499521682416907,0.007719729589256749,-0.042308117655828384,0.009393664679388559,0.15446145323384597,-0.22497831568922325,-3.5852541766034576,-0.13408924799743582,-0.2737410471319324,1.0855380796696705,-1.2509143261843754,-4.002421162713424,-0.43417727123066835,0.00441899833920029,-0.03799744760240336,0.056562053700130795,-0.18899356586081983
-3.5022692753482922,-2.305854891051059,-38.49276646016425,0.0058948975426403195,-0.05452168133543488,0.009378291116479946,0.03575016053763366,-1.0868319309294845,-0.7468708790118098,-0.17492450851762875,-0.10869042210076574,0.5819256557760842,-0.2819688536147365,1.5806364763727374,-0.7766531968632419,0.004328718812284688,-0.04094233585829244,0.051516199292875244,-0.07311552691592273
-0.25130659058638705,-2.6458569342439255,3.9194251813493883,0.0021980715566636577,-0.12943654153150086,0.009393664679388559,0.05104710127486826,0.5151164850538802,0.9631455223942365,-0.1879739981599901,0.8052245726444268,0.12160352580287219,-1.1561539856837444,6.964020780171422,0.5313477667214502,0.004203338192126442,-0.03669842392174973,0.056864266913595175,-0.10155157287204516
0.7052267853742593,1.288748184490909,0.6754783773135339,0.008016790674530073,-0.19450356730606616,0.0035468997687203114,-1.6304504030484805,-0.28977303344476035,-1.7899009274628477,0.5866780476222723,-10.730633963231526,0.2716185143046675,-4.00545071881692,-12.877843664459284,-0.011063861663397007,0.004203338192126442,-0.031222428626390603,0.02762601918201435,-0.07290770559984237
4.157192035905545,-3.0999511422901747,-28.24033919273466,0.0058948975426403195,-0.05673505461759767,0.009378291116479946,0.2528012441046683,-1.0914351089252197,-0.7140114262212391,-0.15395781951640977,-0.20763514746626863,0.5773961732233902,-0.36509573715297694,2.8853021167670008,-0.3425648843390262,0.009032919879575376,-0.039468161111486655,0.06211957238206072,-0.09882994483271342
0.8929532356636384,-2.72458823583141,7.28089226461812,-0.004677195486242666,-0.10334285225526345,0.009378291116479946,0.10800537629443459,-0.09626351040971584,1.943257343197597,0.08718275354711441,0.34859724985790735,0.49494023586010893,-0.73747668006734,5.002440689335628,-0.24215216283766125,0.011389245184857217,-0.03608480657656237,0.0567710766039945,-0.0799180259769218
0.5289107441697268,0.8722101378969765,-1.2432968840225955,0.0058948975426403195,-0.06405726593138232,0.009378291116479946,-0.02971727829874749,-0.30923669730543357,-1.6710965878805184,0.04948482243392457,0.3324633082186035,0.06593810585477283,-0.6610217172480188,5.240163949171207,0.4197943776151708,0.011389245184857217,-0.03771235368262695,0.06419088577438112,0.18862497560628239
-0.04169987941853796,-2.5350024286200568,-0.17059896787603362,0.0019651128067776375,-0.05542895055922681,0.0035315262058116985,-0.09977737850235179,-0.4742103083608233,-0.3001101047442596,0.06080101915173874,0.1725308580847639,0.4571351170816171,-1.1069374286159672,6.7291543351177,-0.22161968088587405,0.011389245184857217,-0.037516423772832756,0.03432785699549537,-0.06462708794789503
-0.13325294045187533,1.067626969478597,3.0050373771665413,0.0019651128067776375,-0.03907236226586694,0.0035315262058116985,-0.22821496994480034,-0.49429871717214957,-1.7295861605459544,0.08935566451991542,0.7700055385593026,0.5356651204710052,5.1414772191184825,-6.063991989701742,-0.11833078809252502,0.006685044117566529,-0.03752145945050888,0.03407632609928946,-0.027679814846484508
-0.6926761410001708,-2.2363016702341287,0.7097775150037011,-0.003463232212118408,-0.06115570777295653,0.009378291116479946,0.07625302365669281,-0.5285546298179343,-1.2807590094954289,-0.05573768614087279,0.6309623487001919,0.2625648922212065,-0.6694589471919021,7.6813599701983035,-0.1207337824589851,0.011389245184857217,-0.03835743028840496,0.04700500799550561,-0.11035968030327153
0.9239898760608839,2.0213623868957704,5.16362330388257,-0.004677195486242666,-0.06097447095184027,0.009378291116479946,0.08175313802699978,-0.08254336331581741,4.459437634132276,0.036214239886367385,0.23253909360846395,0.2784261997246943,0.1920360416989729,7.169852785169364,-0.14926943279265759,0.011389245184857217,-0.03406745755605317,0.051671690643714005,-0.10792253867807014
0.9623517266277068,-0.29513708725856586,1.5184787584883739,-0.003463232212118408,-0.1392586258853407,0.009378291116479946,1.5386773491639327,-0.11890917407319002,-0.3621565869557402,0.018737553622285127,0.49898391523946267,-0.07924068408441715,-0.8209689788960731,8.294142788667997,0.2985130764701193,0.011389245184857217,-0.04159425311470812,0.056492607923125486,0.13632183730065744
-1.7113110848059934,-6.3798860253019525,-2.5249960356335643,0.0028944901088036414,-0.15034570337488512,0.009378291116479946,-0.24231981779697542,0.00793487133169165,1.8040885706801486,0.03869810739884711,0.36513968282885123,0.4683593862118901,-0.9976601226093298,6.2407062855206705,0.19384401779264362,0.011389245184857217,-0.03905820630147291,0.06499265700115524,0.1843916515746732
0.566348353171709,-0.8823434614078253,-2.9871955603929816,0.0019651128067776375,-0.05561018738034307,0.009378291116479946,0.07765663380462581,-0.24114241748818985,-1.16801836057454,-0.06132961038881738,0.252367756978871,0.24296906688498215,-0.4987007486156033,7.885958109912827,0.23728217472772054,0.011389245184857217,-0.04064714668118204,0.03726054080601551,0.07232988100793052
0.0644847202216793,-3.416061635964928,8.14519673414037,-0.003463232212118408,-0.15034570337488512,0.009378291116479946,-0.3452187755721189,-0.07790671598365258,-1.3702621422702443,0.038657321155169046,0.38512286983197747,0.4217606480931236,-0.8980862150343061,7.143503512923497,0.16615041804869726,0.011389245184857217,-0.03578850625687712,0.06485696383250515,0.16352158212628712
0.9593230560751181,2.431179045059801,-1.8327682152612714,0.0021784006161781,-0.03387927865780326,0.009393664679388559,0.006523938906274429,1.2040985832002364,-1.2554459776582219,-0.019804333890428762,0.24111188439798345,0.6395623237508778,-0.5996365392030842,8.248190291648596,-0.23183330116314813,0.006685044117566529,-0.037578502204082806,0.03748255945015367,-0.10380507628282978
1.7028214467077638,-2.2274737563059213,2.458090820225997,-0.004677195486242666,-0.22926682798355633,0.009378291116479946,0.19348475846024238,0.0672809710264038,4.018909119324012,-0.027361035982057424,0.3296108584688955,-7.226608772878706,-3.8155226852622937,-8.628864451616998,0.22603491447882035,0.011389245184857217,-0.03352087987714845,0.056894574047728796,1.0216448304157328
0.5794768490289771,-4.884041700276618,-22.577809394822292,0.007626416575559702,-0.050651807230679,0.0035468997687203114,0.026198473155366445,0.041004797117372566,-1.0165386683143778,0.10604742017696384,0.31284394875671934,0.2594631461007582,-1.4022165554700599,5.961122049295135,-0.3118835149872518,0.004203338192126442,-0.050435542805091896,0.033563722480291325,-0.08760281457430219
0.9287188447328447,8.566005996221937,2.3595842080008955,0.02712631957441298,-0.05467723628878193,0.0035468997687203114,0.9201618610070664,-0.1567546409651894,-2.293588943759386,0.5881572293094102,1.41298319891403,0.7034576743389107,7.08507615932626,-6.663065281827411,0.015327180977949039,0.004203338192126442,-0.027978615685420274,0.0330305118189126,-0.10486620166299783
0.09593594324364489,-0.8270753450458868,-9.125842866808735,0.00478015677945068,-0.024834541708456455,0.009378291116479946,0.22296283935932898,-4.788679584708729,-0.8046489342534728,0.03204033198431498,0.33178149923453737,0.16208208866246224,-0.888627067367795,9.532710088727079,0.3999367793100403,0.005140483503712616,-0.03404981980612603,0.05715242437193999,0.12272902026793032
1.5447080643562772,-0.47678959027380635,10.11611290450051,-0.004677195486242666,-0.1340198917628439,0.009378291116479946,-0.04087829419005847,-0.06642175541830257,1.6719761288836121,0.01877833986596319,0.47189877506309374,-0.0055813080095547755,-1.0377347978393845,5.755046990226243,0.3262066762140657,0.011389245184857217,-0.03600098321724967,0.05681204819981141,0.09719592542432116
-2.168556772659153,0.2195932177751401,5.073789109499309,-0.0006092796186042112,-0.06829570750620757,0.009378291116479946,-0.35348294893535154,-0.04894493587254275,-4.348623464997366,-0.20267031200895919,-0.1481500491504668,0.07002967773662974,3.461988985793879,-7.326851251287831,-0.0857704547054324,0.011389245184857217,-0.038381849829692,0.06359800571991914,-0.1508837202711341
6.4430064279839305,3.781668256560506,27.941424834680227,0.02712631957441298,-0.03401355060377803,0.0035468997687203114,0.023589854755438684,3.2527209903589904,-0.481654089541012,0.2161719795816436,0.41984812601482074,0.500464590726212,-0.49116520082992615,10.016113459334248,0.18166910419269927,0.004203338192126442,-0.0308049111900248,0.040703854877326785,-0.11330042248181375
1.1135031384213239,-9.494492440752397,-13.238350625332924,-0.001939731239195071,-0.19450356730606616,0.009393664679388559,0.21350235051939137,-0.04559493631743738,3.3635215883752783,-0.910419772160152,-4.145979983622602,-0.05195720935958804,-0.23277576932352648,-11.959052157350413,-0.13559764829916407,0.004203338192126442,-0.04148810757655224,0.03779365409712197,-0.08550540960480744
1.5755751846839448,-2.6469444538899807,-3.539118119000798,0.007719729589256749,-0.060933853298578984,0.009393664679388559,-0.39031897371324004,-0.2239055723631543,-3.9702994278166006,0.055789479921930424,0.45794576036608053,-0.09114288734001723,2.502850777931987,-6.673006997676691,0.48622398735345407,0.006685044117566529,-0.03806305500750237,0.05605535295159329,0.16776784578829707
0.6972280720310504,-3.6464853805002333,-5.764154069841452,-0.001939731239195071,-0.19450356730606616,0.009393664679388559,0.21350235051939137,-0.08686566606031623,5.389656741583116,-0.05368378179099141,-4.182165168167908,-0.13011540531702448,-8.978999656798312,-9.586652228351403,0.38112335785366314,0.004203338192126442,-0.03521269772286165,0.029879593989402663,0.09016397068191027
-0.14265000802660924,-4.922400577668986,4.506437353863997,-0.003463232212118408,-0.1512512156013217,0.009378291116479946,-0.02971727829874749,-0.0854611739361714,-0.8183528572128383,0.015444969430890043,0.4939057053489709,-0.20492714201088855,-0.7948329101972428,7.44838735944924,0.16615041804869726,0.011389245184857217,-0.03766316359992576,0.0646863277943295,0.12948871296158165
0.831596312834125,-2.880660852683068,-15.725096379009743,0.02712631957441298,-0.03401355060377803,0.0035468997687203114,0.37609558436090007,-0.8547789690019583,-0.6669852877150484,0.017187497025559648,0.24871816450943812,0.42486018443791856,-1.0288667838736243,5.500926074448569,0.04287784434907457,0.004203338192126442,-0.03678046498172455,0.033123072470956284,-0.11330042248181375
1.624279890924247,1.5261884890811406,1.7587483401230533,0.00655334154206234,-0.23421639072647768,0.009393664679388559,0.41000547735353193,-0.10511097467427422,-2.8186332709852118,1.0404976410599092,-3.721718125749498,0.11412296420723404,-3.2237495139988,-11.531135316771323,-0.1709794795233228,0.004203338192126442,-0.03578550066231068,0.05436636233458316,-0.1343379568214555
1.743531398151702,0.2125471507095524,6.210970574404876,0.007719729589256749,-0.04217384570985361,0.009393664679388559,0.15446145323384597,-0.23008558354848285,-3.55275858919,-0.14706965989763615,-0.2825284000407259,1.0855380796696705,-0.4773506449347173,-4.092098509146116,-0.5088028856750691,0.0074330985297026446,-0.03799744760240336,0.056562053700130795,-0.18899356586081983
-1.1191878763931216,-1.1490744550350314,2.845138649559622,-0.17919526984937278,-0.059454379617329745,-1.6498845482696198,-0.11201249484438776,-0.8035301473052153,-2.032101146132226,0.026296116329404862,0.36066088448095557,0.6038811654784499,2.3508295717587955,-9.311641144725263,0.08899127307637691,0.011389245184857217,11.891794734137305,0.049380156226631104,0.05518691907407328
-7.356054867334867,10.806783678800006,-9.237992128331216,0.0009522635360858183,-0.049815277967787286,0.0035315262058116985,-0.4154117958135939,-0.2980313793390971,-1.480475160782501,0.3584271038344215,0.35180915891712683,0.4446123026870574,-1.583468985802005,4.671085333425997,0.5184456771072543,0.011389245184857217,-0.03838202759284419,0.036573503175484336,-0.15495837612804714
-0.024200156242426735,-0.057376856283665366,12.07284537188247,0.0019651128067776375,-0.056913214293266984,0.0035315262058116985,-0.759302207114381,-0.39121826892174427,-1.851383170091944,0.03894112749221502,1.2035508336064156,0.6458925671760776,2.117145722706985,-5.502002246153566,-0.08437083971769783,0.011389245184857217,-0.03632474966008437,0.03392384238666716,-0.04855998338645559
0.46456633613991294,-0.35648707949396113,-8.775081458583198,0.0021784006161781,-0.03401355060377803,0.0035468997687203114,0.006523938906274429,0.8439173643412397,-0.6207694302013432,-0.04691149863819908,0.17220238355240067,1.018845378577463,-1.2198063089865894,6.545910628453458,-0.300518953501828,0.004203338192126442,-0.038460390729491645,0.033535248255650386,-0.10380507628282978
-1.8135813690518798,14.706923738268221,10.538995434753339,-0.003630623996489452,-0.17952533636445508,0.009378291116479946,-0.3590312226955556,-0.5235272923295641,-2.6435030059386957,1.3142267721876277,-0.027975940560595113,6.284154967409053,1.0654425284375895,-3.0421303050045476,0.09897831882187738,0.011389245184857217,-0.03680422990969576,0.05770323323369286,3.011937745189128
0.8548054974996268,-0.10621840011985847,4.002221622839165,-0.003463232212118408,-0.1339553569795495,0.009371587074330672,0.18127288122242452,-0.12260343653369084,-0.6727797032875639,0.031383171938036344,0.4230188867357244,-0.22716079266760159,-0.7644741109072014,7.854624382746039,0.46028927932217195,0.006685044117566529,-0.03769442044470155,0.05655003037353476,0.16489325943208794
0.453009471162228,0.5897898715900247,12.55869948258594,0.0019651128067776375,-0.035046933207764,0.0035468997687203114,-0.09459915154632888,-0.9866393097164575,-0.37685535612155513,0.07655457428713917,0.169961663247876,0.630855950134545,-0.689891463614892,9.957933818493542,-0.35709995425734,0.006685044117566529,-0.03328355849208538,0.033441923005599776,-0.07486112042999418
-1.0285525289289534,14.934538398933512,-0.2539703326229225,-0.0017240203817938515,-0.018871036267638572,0.009378291116479946,0.043144399485207964,-2.4851951455739067,-4.7002258161788735,0.2697805162926765,-0.09756606770226607,0.6240180989622638,0.42494354977594784,-4.066370463510859,-0.035640731886545804,0.009032919879575376,-0.03426033015075675,0.05594427530826685,-0.13861682261611255
-1.7324057758549445,21.169181561922624,4.999965685660626,-0.0017240203817938515,-0.022921203943928985,0.009378291116479946,0.043144399485207964,-2.1130833339522592,-5.250464331642662,0.15282617141122687,-0.09756606770226607,0.6240180989622638,1.2346267756604716,-4.762833866010575,0.15262705407693627,0.009032919879575376,-0.03306434438344704,0.07083352023095707,0.12987813818420124
0.6556214089457009,-3.18420334217994,-17.315119509015176,0.0019651128067776375,-0.11504455328139697,0.003524822163662426,0.015318127369312009,-1.074513899741198,-2.368376468775778,-0.42624876208047446,-0.4740762397555695,-18.910866530394337,-2.688731865932608,-14.938541597075835,-0.16018812334965554,0.006685044117566529,-0.039419842165679085,0.03363013466381504,-1.4850398334609607
1.3787709750507022,2.1188149849244664,7.642305328009385,-0.004463907676842204,-0.12211420534967889,0.009393664679388559,0.04134800872127468,0.008068654502887164,1.5402079011165206,0.06406665485971885,-0.16002073944451345,0.5241882539978426,-1.1974461314158646,7.166689548183634,0.8458194975429941,0.006685044117566529,-0.0356327698361521,0.05685711008997344,0.1645223357448722
3.718385176300214,6.260543665609522,20.73050050118921,0.007626416575559702,-0.050651807230679,0.0035468997687203114,0.0019815273525775777,-0.1360374702280462,3.795523564851277,0.4153226016094524,0.9441381924312762,0.21690393231156044,-1.0198034271223981,6.636493837357586,-0.008763891610046665,0.004203338192126442,-0.025564186627590475,0.033563722480291325,-0.08760281457430219
0.8548054974996268,-0.10621840011985847,4.002221622839165,-0.003463232212118408,-0.1339553569795495,0.009371587074330672,0.18127288122242452,-0.12260343653369084,-0.6727797032875639,0.031383171938036344,0.4230188867357244,-0.22716079266760159,-0.7644741109072014,7.854624382746039,0.46028927932217195,0.006685044117566529,-0.03769442044470155,0.05655003037353476,0.16489325943208794
-0.19645526901479954,0.24302726459623722,5.151694186479446,-0.003463232212118408,-0.15437113243298806,0.009378291116479946,-0.12188370295005585,-0.12356244663421755,-3.9345641878767816,0.0333951409110555,0.37961348868378814,-0.5251424430625887,2.707935454647556,-8.021233920631296,0.08509447730818478,0.011389245184857217,-0.03753988880788244,0.06465132453314504,0.1683703916913753
0.9468610467651161,-1.1464959989669512,13.90666609789067,-0.003463232212118408,-0.14854535203885266,0.009378291116479946,-0.07430969318261625,-0.14992767704212573,-1.4874853231185672,0.036687725102450566,0.5028851496700794,-0.252841066054591,3.996327383779858,-9.042252722395556,0.11577092351056373,0.011389245184857217,-0.03126238539495263,0.05662824070011665,0.08950915617120765
-1.650893500672408,1.7765995119220979,14.560884812965917,0.0021784006161781,-0.050651807230679,0.0035468997687203114,-0.12841571416150274,-0.18891140883743493,0.044785872658157595,0.31132807251025885,-1.8785030629741477,0.8642460570640382,-0.7208431232467081,8.040789071740237,-0.10125282081409687,0.004203338192126442,-0.036081976440438895,0.03347769086479118,-0.09316788116942082
-0.7721180032531515,0.9496356735020769,6.75549861526905,0.0019651128067776375,-0.05542895055922681,0.0035315262058116985,-1.6234275544729917,-0.4742103083608233,-0.36170759082733195,0.026324684631184612,0.8447073002945501,0.4595159875826517,-1.5521286466711597,9.648673422235575,-0.22161968088587405,0.011389245184857217,-0.03738056473233399,0.033958845647851635,-0.059792838571075424
0.5382541178788416,4.828806909228745,-5.6320404249282445,-0.003463232212118408,-0.06115570777295653,0.009378291116479946,0.16089297298178845,-0.05284929721155065,-1.1273605839453753,-0.10976690507941927,0.23854807793202487,0.2607437285513805,-0.17379466223171064,8.241708363117446,-0.12392118312267948,0.011389245184857217,-0.04023064585238019,0.048113562805824454,-0.11035968030327153
-0.06104464851716536,-6.909587835215652,-11.328115781013974,0.0058948975426403195,-0.06496277815781891,0.009378291116479946,-0.02971727829874749,-0.6517953014374837,-0.707808686615207,-0.12056812714493598,0.49255301887693603,-0.04390242254089223,-1.0031441446543072,3.327026996933554,0.1888171005012206,0.011389245184857217,-0.037607372801405047,0.0646863277943295,0.12948871296158165
-2.0989342836427998,7.09020561654472,-2.7075644369975187,0.0019651128067776375,-0.06097447095184027,0.0035315262058116985,-0.5881701968764661,-0.3504030246581753,-1.810198023429797,0.06080101915173874,0.32922873123625324,0.3020708026430966,-1.0839383105969045,7.467303952286801,-0.12873695084087036,0.011389245184857217,-0.0368085874988217,0.036108366307514086,-0.09896261087349988
0.29900006026336107,1.5661921225212043,4.075843240347933,0.0019651128067776375,-0.03029764827859039,0.0035468997687203114,0.0008398658246277977,2.414495813414402,-0.361085716956688,0.0550390155121581,0.10781050879108446,0.5733673579475643,-0.9965088156194997,8.081405291965622,-0.3593752725362328,0.006685044117566529,-0.03357019613562517,0.032473494713746574,-0.099931348660893
-3.5778364640621527,-3.0264404068171036,-32.568289501617315,0.0058948975426403195,-0.03638768061407044,0.009378291116479946,0.2483259167794769,5.775368985770375,-0.7458005177204651,0.11323915066752559,-0.1982447792247534,0.4523464418000685,-0.2814391275100059,3.832794412992658,0.46556608544639067,0.009032919879575376,-0.03789609689356574,0.05159672354115308,0.12272902026793032
0.5648179609198507,-3.788329008796227,6.972099576086926,-0.004677195486242666,-0.14866451866900868,0.009378291116479946,0.03330682665911311,-0.06265425540627687,6.595617652031273,0.11127042930996921,-0.1877093477637312,0.38510405738011916,4.159227206364469,-4.181630307895599,0.18954184822065226,0.011389245184857217,-0.036102784960973223,0.06492263639039231,0.07955676074377162
1.3069418857052781,-2.557024936628635,-7.840024597193219,0.0021784006161781,-0.052349083481441495,0.0035468997687203114,0.012325822627703376,-0.5041756071464775,-2.749679723621699,-0.027023519176595692,0.8509984990501641,-0.5228609725349085,-2.136000709350616,-9.633985397608386,0.19857247552328347,0.006685044117566529,-0.03910825919583429,0.03392540213460735,0.051111213524992545
1.8388592222422273,4.528944674518895,-1.7871339817692578,0.03266764854749163,-0.04449029477143246,0.009393664679388559,0.17477628761959696,-0.9169920996058554,-0.5303593711266626,-0.007364936032423818,0.1432589028711927,0.22557041573893571,0.6449589164169709,5.2080789001208725,-0.057032609688710496,0.00441899833920029,-0.03626687875291272,0.05659705696131527,-0.19171438181946748
0.15037363399526257,5.007188327171841,4.22764083177669,0.0019651128067776375,-0.03928537478258926,0.003524822163662426,0.38330103482124817,-0.5078886226002223,-1.8269831589021834,-0.24183437072232752,0.8761686103793135,0.620384038009027,6.293996064926747,-6.548994274355007,0.15159847858029407,0.006685044117566529,-0.038126696949616415,0.03388963427541595,0.02681707686615266
1.9525688866321715,0.43986787396857235,9.206044609881664,-0.004677195486242666,-0.1380453208209468,0.009378291116479946,-0.01139126751260345,-0.06274736013391065,6.780300305365189,0.04006693339862901,0.48384788904675574,-0.03128668090067546,4.236055951784846,-4.899910415777071,0.22603491447882035,0.011389245184857217,-0.036139518517589904,0.05677704493862693,0.07532407891644012
-8.131181807175894,-0.4027936789859277,13.72893407257929,0.0001318837697970672,-0.05233493697962492,0.0035315262058116985,0.0036118795934923504,-0.011373104195730482,12.395368737184167,0.35284564330969587,0.23617585407060157,0.4464614352774634,4.932872053027158,-0.32161662425247295,-0.6033011655208719,0.011389245184857217,-0.03164647561653511,0.02307082739077492,-0.05451786381840619
-12.729774900729982,16.429819751777963,18.488365580048402,-0.0036330507712335675,-0.06329771341447504,0.009378291116479946,0.16754117451282102,2.462064225378849,-2.1770826992732775,0.5783014310542823,1.1631819264273615,0.8652363903836354,4.189235244592198,-2.4214766354903223,0.5214548154980735,0.012137299596993334,-0.03473121959797615,0.05356383769386861,-0.2663207859806372
1.9955936117125421,7.622742191935822,6.162555128571553,0.00660498882606711,-0.060297670680485034,0.009393664679388559,0.15662554631949796,-0.38740873975782136,-4.105218423795287,0.132595526628461,-0.09917487681735837,0.8944584397277726,-1.8341013341681236,-5.098131405978348,-0.3432904116682615,0.003524022017197653,-0.03797516278477627,0.05556426472284162,-0.11061766033037228
1.2314878530044442,-1.2755483196591952,5.989073345486274,-0.004677195486242666,-0.1379807860376524,0.009371587074330672,0.018618225590020677,-0.0975127570457153,6.850426440590848,0.05232368604076538,0.582082342845433,0.5911461413451938,4.262612783050869,-5.560514711558995,-0.20985411737584378,0.006685044117566529,-0.03624413568414204,0.056793495793219295,-0.09454441840469988
-0.5148515342512554,0.03704551622593129,5.2058166370673025,-0.003463232212118408,-0.15034570337488512,0.009378291116479946,-0.02971727829874749,-0.08981640959601468,-1.313712117551806,0.015444969430890043,0.3718936844832978,-0.19553940629747796,-0.6402990491866275,7.369740608397097,0.16615041804869726,0.011389245184857217,-0.03746493259842324,0.0646863277943295,0.20096901765561925
2.2771429685898106,-1.269264678329883,15.931630875754712,0.00655334154206234,-0.0896423629002966,0.009393664679388559,0.4201867878210616,-0.19950408030446706,-2.546509333982099,-0.30643756368943303,1.1498229462291065,1.1009375834811956,0.37977539034120406,-3.3413115464933947,-0.5351939283164151,0.0074330985297026446,-0.0360147896180371,0.0575934608673996,0.01115498460150609
-0.78561714760658,-5.033787394992992,-11.90028493957785,0.0019651128067776375,-0.035046933207764,0.0035468997687203114,-0.4816195662757847,-0.5228609995770425,-0.4113551427662687,0.026324684631184612,0.5898513354270908,0.29501550953827993,-1.464456178257842,9.13671376099551,-0.35709995425734,0.006685044117566529,-0.03913648279647051,0.0340162680982609,-0.06977669273747669
0.1068854678338503,5.235216417081024,-1.3414342009544602,0.0019651128067776375,-0.03522817002888027,0.003524822163662426,0.20596961274371353,-0.5282124289570281,-0.4016904683829268,-0.2105380745923631,0.8851639127455347,0.3716464293433247,-1.2959335409335344,7.9426490080213386,0.5119155852643389,0.006685044117566529,-0.03802274081983587,0.03392463753660043,0.107001743866554
1.1655851499597873,1.2842583719561265,6.815776195138831,-0.003249944402717946,-0.12859205939412008,0.009393664679388559,-0.1773174160688352,-0.11125774314136178,-0.4032261642832745,0.023612290894994954,0.5046249276334781,0.4231844368991839,-0.917053979143406,8.764389451465755,0.47469219768585597,0.006685044117566529,-0.03607152208682328,0.0567564342709018,0.16519904209900735
1.828781910445256,-2.1572957490491875,4.935247205983375,0.02712631957441298,-0.037954600769360726,0.0035468997687203114,0.0406948809865325,0.5744950822916507,-1.902490033974304,0.213418645592988,0.3859863909995369,1.460584196039402,2.3955652560924166,-11.302629852246906,-0.0680109810034727,0.004203338192126442,-0.03075042575105462,0.03350024499446591,0.024973626691400602
1.0900581392121014,3.565008246761295,9.006559600960886,0.0021980715566636577,-0.12943654153150086,0.009393664679388559,0.026830155472079377,-0.20394170630662392,0.9795171995804735,0.4246861349067058,1.073395848137031,0.11758099860738293,-0.2728376900748343,6.2729330901638845,0.670139026565075,0.004203338192126442,-0.03420723514996472,0.056864266913595175,-0.10155157287204516
0.9404199396249575,-1.9409746882612826,8.341188309155845,0.0058948975426403195,-0.05415139277896808,0.009371587074330672,-0.0019943872547407387,-0.16874549745734496,-0.4563232394135816,0.0035050037463766706,0.47256901921246264,0.5147678139855009,-0.8020511320807514,3.6402483378030457,-0.34460234912290527,0.006685044117566529,-0.03774297137917897,0.05652236148424293,-0.11068193330986938
1.357701461730443,0.5923058753517702,-0.026983620528896874,-0.004463907676842204,-0.05051753528470423,0.009393664679388559,0.015095770453839849,-0.22807317398579682,1.964070070559493,0.023968291856382246,0.3178548033040705,0.2243100615068178,-1.6257945616934715,6.510681737127585,1.1513690497333184,0.006685044117566529,-0.03622599450434774,0.03903282314226571,0.14684545822964823
1.0560750177091314,0.6228113285987182,-8.133560566812921,-0.005181473069010482,-0.1780079628321781,0.009371587074330672,0.06884221330730622,-0.08217043702315435,5.179558780146393,0.2983863569977412,-1.6554489036885884,0.35878571582145646,-5.25466654597716,-11.669679338374099,0.8447979802249326,0.006685044117566529,-0.03742954316934448,0.05334090936380511,0.21109135390861594
7.072169209165154,3.781668256560506,26.43694224642647,0.02712631957441298,-0.03401355060377803,0.0035468997687203114,0.023589854755438684,3.2527209903589904,-0.481654089541012,0.2161719795816436,0.41984812601482074,0.500464590726212,-0.49116520082992615,9.73623957776286,0.18166910419269927,0.004203338192126442,-0.0308049111900248,0.040703854877326785,-0.11330042248181375
0.8020729719770638,-2.5604634464304357,-6.996043777499751,0.0021784006161781,-0.03387927865780326,0.0035468997687203114,0.013432561508688759,1.8865010601182375,-0.28408206465951413,0.022728582044124167,0.02499286511459237,0.8286204972724817,-1.0443841664207145,7.086943022608539,-0.42532058033836806,0.006685044117566529,-0.03353690936921362,0.03250926257293798,-0.10957358489106292
1.1274274676188591,-1.053333620577345,5.97059511407093,-0.004677195486242666,-0.035046933207764,0.009371587074330672,0.0025030747697788866,-0.11918108676075997,1.5321820263023724,0.036214239886367385,0.2472020740363088,0.41130406138473136,0.05221611729006349,7.456442798210151,-0.34294795761983404,0.006685044117566529,-0.03425672596618314,0.043535393222919265,-0.08903210178322196
0.5943011101574769,-0.12704927943566144,0.28992946050273494,-0.003463232212118408,-0.03522817002888027,0.009393664679388559,-0.002997039600528054,-0.5355715422154393,-0.4182047436091601,-0.05573768614087279,0.648262022703664,0.23697690183060827,-0.6713927221823267,8.628914406603771,-0.23457058155744345,0.006685044117566529,-0.03858587831063907,0.038868710574710835,-0.08117376216724834
0.8505752243887266,0.005733331403526851,5.01112763182098,-0.20146548122029354,1.8497584444973245,0.0035315262058116985,0.09972894807503378,-0.104723827193687,-1.2242794675182367,-0.15250146415427493,-0.26215828905596317,0.5027414199267404,-0.7615238906081758,6.103912613095043,0.1650182419730802,0.011389245184857217,-0.03665914446400696,-5.681076051857022,-0.11785976445209254
2.774826130196384,5.429257709273883,5.219562964918458,0.00660498882606711,-0.027368496332265235,0.009393664679388559,0.1598795847632004,4.471263140757387,-0.8104206443311224,0.07702404468217446,0.540739432568563,0.5127833848194319,-0.18200959014395648,6.235552218354718,1.2620237240639733,0.004328718812284688,-0.03478591161565971,0.05654692049755715,0.20980031815522318
1.599832292412577,-0.07167523493348676,-2.1953487113718335,0.00660498882606711,-0.040143612230988626,0.009393664679388559,0.1643549120883919,1.0210470134859408,-0.788684468357566,-0.08477890815920536,0.07654754369664518,0.6393693452546163,-0.6723743370559845,5.8237010736318355,-0.8868930861739034,0.004328718812284688,-0.035188432200608896,0.056457102218308686,-0.12228631036172173
0.8491185941955082,-1.718901385869763,9.438676316191794,0.0021784006161781,-0.054890248805504256,0.0035468997687203114,2.422460441048076,-0.5041756071464775,-2.176036544941486,-0.08257030243530669,0.6192018076415527,0.841501618269831,7.10608817387296,-8.33515273679166,0.19857247552328347,0.006685044117566529,-0.03633100419973657,0.03392540213460735,0.05450625888886587
1.5638342016706333,3.5440808615151127,6.187220962763559,0.007719729589256749,-0.0611468658153013,0.009393664679388559,0.13571552879863233,-0.13968557373203047,-3.2975638367404816,-0.012574288602778573,0.5204334241653624,0.1438533353152617,4.938199341720491,-8.751124092252264,-0.21921405132637753,0.006685044117566529,-0.037550148756518575,0.05652312608224987,-0.13820275000722376
-9.17314091260385,-4.225368708994246,-5.08945857853415,-0.02425101679868414,-0.06097447095184027,0.0035315262058116985,-0.0858833493042102,-0.20145556177323642,0.7169165762440733,0.023316711071664248,0.717327239229732,0.3584504330612877,-1.0194078505354383,6.685863735387338,-0.19357420637770187,0.011389245184857217,-0.0415667165400176,0.034301210624394424,-0.1034196588894046
-5.444754633074419,8.425211566630258,12.028966329569972,-0.0018232428927284702,-0.05546530695997006,0.009378291116479946,0.6626341954162174,-0.74546511866187,16.744139278219205,0.3076440785440353,-0.1596890036939354,0.05247096918624869,0.03435810466428312,6.431342671838472,1.276601792616879,0.011389245184857217,-0.038325221098621534,0.058113505279656606,0.14967742671038162
1.4907328622009153,-0.3893732888874927,-6.594808804559419,0.0007511495326533787,-0.035046933207764,0.0035468997687203114,0.010815307520126213,-0.2016834479223686,1.5663050088871855,0.05282641351598492,0.11278477314893738,0.5374211597332385,-1.2166409350899614,5.1757163446053776,-0.382448203927318,0.006685044117566529,-0.042213818242240075,0.03352795462109992,-0.07423374075338143
0.22161460353469425,1.2057051852622789,1.8761312566166455,-0.004968185259610018,-0.19347856490911827,0.009393664679388559,0.09110225152052914,-0.9255473738845106,2.918936911866977,0.04376114113202091,-1.9805114176609713,0.2530472102169136,-4.231236661842461,-9.153293664983767,0.42339279853716055,0.006685044117566529,-0.03156736630156502,0.04319744963051845,0.08827118391294171
0.4967976077632938,-2.605297208378338,14.077866460932476,0.0047285094954459105,-0.08885228915375495,0.009371587074330672,-0.6661717567769645,-0.1390842063669866,-3.0432064553376894,0.7882364228600085,-0.9261847625409891,0.8649125824327516,0.7339865154041778,-5.3861806865280375,0.40313229132987566,0.0074330985297026446,-0.03560599479076951,0.05767212572592514,1.0115818376040286
0.5579756298977984,-3.2365921087247194,-0.30759349008265063,0.0058948975426403195,-0.05945466168475921,0.009378291116479946,-0.02649003835134699,-0.1098319962067124,-0.6553424941564744,-0.03251017912438561,0.4822552682195473,0.17911147652450432,-0.8069155864697228,6.623048580213568,-0.22847531518543354,0.011389245184857217,-0.03777712380877067,0.05646493903383366,-0.10156785750356918
1.451816817070906,2.5315966358991218,3.198043253639079,0.02712631957441298,-0.050651807230679,0.0035468997687203114,-0.06725575228014115,-0.5859568705405234,-0.45676696162100977,0.22931526653867604,0.891116730760486,0.0893468145999899,-1.223747331818035,7.713034380584193,0.21357517246876961,0.004203338192126442,-0.03371502904358086,0.034421047305096035,-0.08800535397023045
1.457557085727206,3.9198518185572158,4.417551456475666,0.02712631957441298,-0.04872102135410588,0.0035468997687203114,0.03474659742353583,-0.6088993915126042,-0.5819661965236579,0.49901517160354214,1.4586115542257598,-0.06600143873551884,0.20533381076008947,6.5001025272813875,-0.3136331625686342,0.004203338192126442,-0.03794682457013716,0.033960405395791836,0.13120547442979083
-1.5438861739044267,5.10433894547661,6.242552816152904,0.0019651128067776375,-0.0649999000099432,0.0035315262058116985,-1.80325486134673,-0.3337788474746199,-3.2241868382870176,0.03894112749221502,0.7629579007927426,0.6893820566362352,7.63273704428964,-7.935295477674965,-0.0628442845295731,0.011389245184857217,-0.035638440189125674,0.03597830178411657,-0.08289550631206048
0.5570203255104177,-2.9962366696957092,-0.600306853549082,0.0058948975426403195,-0.05945466168475921,0.009378291116479946,-0.02649003835134699,-0.07284613376085046,-0.6591060681663633,-0.03251017912438561,0.4825536980736266,0.17911147652450432,-0.8069155864697228,6.642805370414824,-0.22847531518543354,0.011389245184857217,-0.03774140347527878,0.05646493903383366,-0.10156785750356918
0.3782185246678382,-0.0976431341180819,-0.5467173545531745,0.0007987247595832279,-0.1780079628321781,0.0035468997687203114,-0.2559688625987723,-0.4751510479707911,-0.9243658819876764,0.09322272258617591,-0.561333561480448,0.8369401825933481,-2.8888002867823865,-9.34894236439509,-0.14472183073387113,0.006685044117566529,-0.035808009580761684,0.030837980212054476,-0.09029362636829098
1.2716642276269354,-0.07501670625059854,1.6443617299964906,-0.5627035568398319,3.8941821389296716,0.009393664679388559,1.3712225109437126,0.7549069496767344,-0.20776913509424935,-0.4517307055235167,0.688358892110959,-0.20073492673133775,-0.6513239990630213,7.5496269517702155,0.31671381244345354,-0.6369955613331552,-0.03955332405913781,0.056585798232726164,-0.11340762977479
1.270973118922315,0.43321740764380057,-5.155622351573196,-0.15366141153416268,7.725230658075761,0.009393664679388559,0.2744989699280303,0.17023292755359698,11.490105053228197,0.018271464444192524,-0.8900025334371688,0.3541337490692421,-3.056376304917314,-3.042201655145838,0.5291262560054805,-1.007886511890176,-0.035716591896425016,0.05441081076431657,-0.1142415238925376
-0.4018299755772108,-0.9740570345979976,-1.6068897255839303,0.0019651128067776375,-0.035046933207764,0.003524822163662426,-0.011358272239035088,-0.5247009367937044,-0.3551967951808453,0.06080101915173874,0.5862640447843311,0.39035673341183424,-1.0956668156904477,7.35515833391364,-0.35709995425734,0.006685044117566529,-0.037537938866490574,0.034111329360473945,-0.0737411637541952
-0.33446399855191933,5.356408231794614,1.7718396777467276,0.0058948975426403195,-0.06423850275249858,0.009378291116479946,0.058149910973748664,-0.04037651790583498,-1.3247851297794702,-0.03251017912438561,0.362055814989279,0.1838495892633636,-0.7842642874476345,6.516291775111967,-0.13559258514042985,0.011389245184857217,-0.03572163630879491,0.06482177257527078,-0.13590338042917402
2.0834549642225046,-0.27344925908727796,5.156487129184291,-0.004463907676842204,-0.12859205939412008,0.009393664679388559,0.13138653555441632,-0.11023874288173763,1.6276786780823693,0.00044072541439403807,0.4656655971611384,-0.17981514083790484,-1.0150773092463472,6.427667209932394,0.5061420033237464,0.006685044117566529,-0.03772941542797991,0.0566864740517978,0.18727514979174964
4.955405367823517,-3.5957748962972933,-28.87714751531821,0.0058948975426403195,-0.051473757522188586,0.009378291116479946,0.25705448407746684,-1.0923111979927829,-0.7185799738130085,-0.15395781951640977,-0.2018294970265427,0.5816338609509508,-0.3353536836393929,2.0038146631037588,-0.3425648843390262,0.009032919879575376,-0.03947673880260129,0.0539258525108567,-0.09882994483271342
0.5294207979508067,-0.40649430559228467,-9.736200214305,0.0019651128067776375,-0.035046933207764,0.0035468997687203114,-0.3290911399768092,-0.3372478912327965,-0.3654016994377316,0.05639735137142964,0.10905691943089929,0.4720366386942581,-1.2532232483773775,7.49582460841411,-0.35709995425734,0.006685044117566529,-0.038063360128227954,0.033029747220905674,-0.08495154590270136
0.8772244142864952,0.5369922627015309,4.5540690953384635,0.0021784006161781,-0.04858674940813111,0.0035468997687203114,0.02216112880667865,-0.523716972843925,-0.2800941346673616,0.006925854576678627,1.0243025935752594,-0.07549022241814887,-0.16833460951429915,5.154613899794176,0.530074709521967,0.006685044117566529,-0.037574075811291664,0.033960405395791836,0.13129588052539395
1.9142250687064124,-0.5204046805448795,-5.89905652523678,-0.004677195486242666,-0.059454379617329745,0.009378291116479946,0.0017036604731232251,-0.10140979231394529,14.857898376823654,0.07513756915819034,0.23161181732709774,0.38938309988512315,6.092914067957755,-5.233717761495927,0.6312690930535932,0.011389245184857217,-0.03974868577000573,0.05544025066106255,0.06772127421528702
-0.26649193937632176,-0.36426289987000665,-16.284592918821986,-0.003463232212118408,-0.03928537478258926,0.009393664679388559,-0.012832345779503377,-0.1583351999209147,-2.210430706842204,-0.16035303738965143,0.2453538401401267,0.03717062420685174,-0.41138353822305984,-13.64701124844193,-0.1134642194564117,0.006685044117566529,-0.04551404602345914,0.0397791484536121,0.05510973027822493
0.32088107982959596,-4.61938824926789,-8.65161769298218,0.0058948975426403195,-0.05820859753267707,0.009393664679388559,0.020834663690898435,-0.29367816791947865,-3.5788062699534593,-0.017195592769954714,0.49382755559993335,-0.23953881069279528,3.2481198594422502,-5.180203101814765,-0.1633974912977326,0.006685044117566529,-0.038001133789056014,0.05648735822305846,-0.11989598926779711
1.0903647794640332,2.0917341108930407,2.8728801064608165,-0.003249944402717946,-0.03387927865780326,0.009393664679388559,0.005120328758341435,0.42294597260249656,2.782902005587177,0.00643994748188389,0.27947028057850193,0.6170325762645703,-0.6362281356290532,9.355860193306738,-0.18831542234403395,0.006685044117566529,-0.032943798116874486,0.043542686857469724,-0.1146389662959518
0.3102359400590345,-2.2379852933174993,3.0542806013429518,0.0058948975426403195,-0.03469864244668142,0.009378291116479946,0.2483259167794769,4.066449559650088,-0.6645623764843153,0.11323915066752559,-0.011412668733755812,0.3828911226290129,-0.24188787293718025,5.212067201545636,0.46556608544639067,0.012137299596993334,-0.036635828046123725,0.05670383338831243,0.6621814024543106
-0.036824738320139126,-0.2522828522753452,6.933176556695126,0.0058948975426403195,-0.021573821196805676,0.009371587074330672,0.02702159323964378,4.177118401628222,-0.6928532816831166,0.1299893039565104,0.21739874844570886,0.3896098463273005,-0.12655266223970588,4.616267537028621,1.1622733146952362,0.0074330985297026446,-0.03502371186460359,0.05676125583872171,1.5409205816780909
0.08849907265978581,-0.7749851757097039,0.12783852195797496,0.00478015677945068,-0.024770006925162055,0.009371587074330672,0.029185686325295737,1.9997966635971,-0.8682776940327429,0.03929803202319847,0.44549163728309804,0.3643340473921073,-0.4626734306959197,8.125187960343526,0.7179033762286975,0.004328718812284688,-0.03514666230898689,0.056511152638365744,0.18211113613250993
-13.561110159524125,11.39541514536302,3.1184692632080013,-0.003680625998163417,-0.049569812717558615,0.009378291116479946,0.8476783835687381,-0.514305334300838,7.630534486820809,-0.10897947318708039,0.13232802100302543,0.06720971374943796,-0.3236543263494855,-2.5474150154453965,0.45451608267007393,0.011389245184857217,-0.03920624646873988,0.07046394423599295,-0.106101359256285
2.019371569861319,3.600750144368243,-2.4058280268744445,0.00660498882606711,-0.040740231755645465,0.009393664679388559,0.1643549120883919,-1.0841936250957305,-0.7574658626683323,-0.11163272807163228,-0.12425772459065546,0.5842399871160675,-0.15398541037411104,3.8724288264478943,-0.8868930861739034,0.004328718812284688,-0.03783253722144615,0.056457102218308686,-0.12228631036172173
0.6200870368811051,-0.4154668196565252,-4.4273391155694,0.0021784006161781,-0.054890248805504256,0.0035468997687203114,-1.6090698214009174,-0.5041756071464775,-2.108066022948189,-0.17052634057765118,-0.18901595754935252,0.8381560774042935,3.7825924801501607,-8.110620008232159,0.19857247552328347,0.006685044117566529,-0.03764594859759447,0.029972176160259722,0.05450625888886587
-1.9823598479795785,3.628659594386855,-1.4851831747948399,0.0019651128067776375,-0.06471567671273883,0.0035315262058116985,-0.10105037801955197,-0.405669451820786,-1.4872004015909897,0.05604278498222142,0.07781120252498676,0.9263873225402136,3.0380153987272185,-6.932954286868255,-0.08437083971769783,0.011389245184857217,-0.03766669143182145,0.03310576982553074,-0.0757167390151844
-2.1709183235921623,-8.792016192235803,-7.502039339296135,0.00478015677945068,-0.0288172420088949,0.009378291116479946,0.24921507762676393,-3.3718626516965244,-0.9916130431834426,0.03204033198431498,0.5265850337455847,0.19980442816973618,-0.7679921912459179,8.156675399593688,0.2675741208886182,0.012733388670896285,-0.03361508522141972,0.06529801582370537,0.14670658966200362
-0.194215572165929,0.5730513959806643,3.4569868843056426,0.0058948975426403195,-0.05198232054403369,0.009378291116479946,0.2528012441046683,-0.6302862411672117,-0.6217911196800305,-0.15395781951640977,-0.23439090583339298,0.5598104300392418,-0.2656356517345126,3.27826514568213,-0.3425648843390262,0.012137299596993334,-0.03761157687522502,0.06469758652291861,0.16459550872955145
0.5322403071021483,-0.42455600447493647,-1.4206579262898043,0.0019651128067776375,-0.03029764827859039,0.009371587074330672,-0.006068756777786535,1.2785262335566523,-1.336491516670543,0.006110847027155711,0.25847340159980065,0.5569279422141072,-0.546234116725107,8.14623847387202,-0.23684589983633628,0.006685044117566529,-0.03737667426919321,0.037446791590962265,-0.08946278656012166
0.6304524116319024,-4.372416207844572,0.5581778891547993,0.0058948975426403195,-0.039772356701464506,0.009371587074330672,0.04730995389500601,-0.7608092272316064,-0.6619580512790687,-0.15395781951640977,-0.1760586350924504,0.5926725866547213,-0.1680918830107382,3.1378649421116314,-0.7766531968632419,0.0074330985297026446,-0.03810082576157411,0.05664805293054897,-0.9236039396775897
-2.168556772659153,0.2195932177751401,5.073789109499309,-0.0006092796186042112,-0.06829570750620757,0.009378291116479946,-0.35348294893535154,-0.04894493587254275,-4.348623464997366,-0.20267031200895919,-0.1481500491504668,0.07002967773662974,3.461988985793879,-7.326851251287831,-0.0857704547054324,0.011389245184857217,-0.038381849829692,0.06359800571991914,-0.1508837202711341
-0.13325294045187533,1.067626969478597,3.0050373771665413,0.0019651128067776375,-0.03907236226586694,0.0035315262058116985,-0.22821496994480034,-0.49429871717214957,-1.7295861605459544,0.08935566451991542,0.7700055385593026,0.5356651204710052,5.1414772191184825,-6.063991989701742,-0.11833078809252502,0.006685044117566529,-0.03752145945050888,0.03407632609928946,-0.027679814846484508
0.1823023769849608,-4.537878327916688,-0.7127817608548195,0.0058948975426403195,-0.05820859753267707,0.009393664679388559,0.020834663690898435,-0.15805353929466331,-3.5788062699534593,-0.0701637212449064,0.49382755559993335,-0.1017639417099498,3.221547954742279,-7.586191802107033,-0.15774659809275624,0.006685044117566529,-0.03797295844909253,0.05648735822305846,-0.11989598926779711
-2.077360817808048,2.263390073438982,-5.887816697063984,0.004634617343492679,-0.06115570777295653,0.0035315262058116985,0.08362073400931497,-0.31130201715762745,-1.1770851155114568,-0.16449437846060705,0.5503356086415461,0.3936931824033808,-1.2848643266630897,7.965837122008088,0.16210849640056407,0.011389245184857217,-0.03815551872771797,0.035793578162985916,0.15456024171906824
0.08013674487617271,-0.8294450277272819,-4.0603737497357955,0.0019651128067776375,-0.03704930497501666,0.004869650528761424,0.07318130647943434,1.267861424372161,-0.5539942354193935,0.00546867093575812,0.2510629998579094,0.4233256972702486,-0.3474797578067449,7.885409345970886,-0.18651657979551464,0.011389245184857217,-0.035246741191151745,0.045610719921875736,-0.06971792671651042
0.8345380023434802,-1.4399051925152597,3.989008313697331,0.0007511495326533787,-0.03907236226586694,0.009371587074330672,-0.011581330448036255,-0.9499578972267243,7.012713948685486,0.04123027289513011,0.3272296034129666,0.4928853704927632,4.8037260520637535,-4.891133625406271,-0.19514517568904108,0.006685044117566529,-0.03391543894482425,0.045325602342615505,-0.05421186049502716
0.5097637790679173,0.41961900764490195,-5.231482130890711,-0.003463232212118408,-0.035046933207764,0.009371587074330672,-0.08726970148894132,-0.11619567236823862,-0.5222748152543621,0.05491073838002458,0.20122196603069567,0.39885555413914403,-0.2686514926410417,9.95829087930269,0.8675838720587904,0.006685044117566529,-0.0396193364223212,0.0567206664117104,0.3667941608303473
0.42000138979112966,0.2858482566969604,-2.856359885591475,0.0021784006161781,-0.05051753528470423,0.0035468997687203114,-0.04517483485420893,-0.5104078911544008,-0.324269364650912,0.030968564076628916,0.5024373491004938,0.5199826063240247,-1.1435421664916634,7.0115921040389475,-0.42304526205947524,0.006685044117566529,-0.037496389703631325,0.03414709721966535,-0.08808345347690329
-12.153915441437428,1.3791963424599838,5.024635598196136,0.002211182795061694,-0.05904368507526714,0.0035315262058116985,-0.3107835834631423,-0.22811733621609137,0.18938726501210287,-0.026549190116513043,0.9926365288997636,-0.10360497599357399,-0.27729513129887084,4.5581643823470595,0.05927005823467622,0.011389245184857217,-0.03787854309641402,0.034732910889473376,0.1511651963551949
0.2270117004557503,-3.935655318187542,-9.112373602238064,0.0021784006161781,-0.05467723628878193,0.0035468997687203114,-1.2998951952727065,-0.4865926426498598,-2.1037423068093593,-0.05368119194682446,0.5359018568799445,0.8180754919630786,6.91934704637245,-8.792632788373037,-0.07863759059245616,0.004203338192126442,-0.03908575397399093,0.03401703269626783,-0.07685059829228354
-0.7923225475179547,-1.3485874690343138,-3.866851327588938,0.0007987247595832279,-0.20365127727905,0.0035315262058116985,-0.2131917860702128,-0.4011315443334226,-0.6461539041766651,0.11059739961672363,-3.904401466578144,0.4986934400507941,-4.4462831716954945,-9.772142613596712,-0.11076188235904384,0.011389245184857217,-0.03527695318606413,0.02753282887241368,-0.05646751463063385
0.6870213124291866,0.20651924628173404,-1.2672193199724244,0.0021784006161781,-0.05475597685952949,0.0035468997687203114,0.41620500334268434,-0.5083454815349137,-1.9501908055934372,-0.19407668380143772,0.5146690673576259,0.6526748147614306,6.562266218666659,-6.514992209812238,0.16975760283792207,0.006685044117566529,-0.03918388777198748,0.03392540213460735,0.05450625888886587
0.979644953412168,-3.155890364112662,-1.0758738978342064,0.0058948975426403195,-0.041417754542833474,0.009393664679388559,0.04730995389500601,-0.6316648067540847,-0.6759318398700526,-0.15395781951640977,-0.32542976347065866,0.5454375871876104,-0.1680918830107382,1.9600202071459882,-0.7766531968632419,0.0074330985297026446,-0.03824606102358449,0.056561289102123866,-0.1823554551527427
-0.2490705594857905,1.0252711831071886,2.050955395871464,0.0019651128067776375,-0.034238698444173085,0.0035315262058116985,0.1314211658588469,1.23900520054628,-2.4600612718463712,0.09585588968068995,0.5968797973631075,1.7276623221345355,2.2747705472811544,-13.615988434689925,-0.11941254840920275,0.006685044117566529,-0.035384058450144334,0.033464477135274506,0.06920672321869371
-0.9007564117403792,0.8003990783088687,11.215570227096455,-0.004463907676842204,-0.21333896439692668,0.009393664679388559,0.19208784655744934,0.07796271750822595,3.420521218063562,-0.04240606624223151,0.3224567593068728,0.7828362030730597,-4.21581871267401,-10.050166884769785,0.28894411825731375,0.006685044117566529,-0.03359175812144417,0.056987764357329475,1.8403524386674792
1.1274274676188591,-1.053333620577345,5.97059511407093,-0.004677195486242666,-0.035046933207764,0.009371587074330672,0.0025030747697788866,-0.11918108676075997,1.5321820263023724,0.036214239886367385,0.2472020740363088,0.41130406138473136,0.05221611729006349,7.456442798210151,-0.34294795761983404,0.006685044117566529,-0.03425672596618314,0.043535393222919265,-0.08903210178322196
2.5211113634862863,3.245717198908645,4.673481186248119,0.007719729589256749,-0.0570896610615923,0.009393664679388559,0.11288647785299306,0.001017916204703095,-0.6424668869136569,0.16857443941290717,0.5041379293008588,0.3589525495027091,-1.1555088587986937,7.747937187520924,-0.5590213156459449,0.006685044117566529,-0.03740752319318847,0.056558129343434335,-0.12502422303257754
0.9391046068054224,-0.26968982321916607,3.0942540838833645,-0.004629620259312817,-0.29473903119322986,0.009378291116479946,-0.6844339075982139,-0.09653652201257001,-3.052594498443647,0.06234031437688851,-3.0643955660379514,-0.59574843698139,-2.9974761034613837,-11.74012596693704,0.15101845727677984,0.011389245184857217,-0.03550771045719408,0.05434896933371296,0.12996962799956222
0.6943427362159967,0.7257764368526001,-8.512638192136833,0.0021784006161781,-0.05051753528470423,0.0035468997687203114,-0.12841571416150274,-0.19780379771186993,-0.31437309371315697,0.02049318281324762,0.04633197735295597,0.9084650779063427,-0.7377668144161074,6.958044776922185,-0.42304526205947524,0.006685044117566529,-0.04292140770214387,0.03347769086479118,-0.09316788116942082
0.3881839041004202,-5.497382871847521,-4.854457691565752,0.0021784006161781,-0.037954600769360726,0.0035468997687203114,0.006320641936993712,1.4246562568796248,-1.9749892131828541,-0.11253028670020067,0.026607252719009822,1.2798632623604425,4.133553828294571,-7.16840480821248,-0.07971935090913394,0.004203338192126442,-0.033611998316473365,0.032484461376572224,-0.1161191668304387
-2.354105712647822,0.5967558184760614,-0.4628166553895113,0.0007987247595832279,-0.20298134485635716,0.0035315262058116985,-0.29643266537750657,-0.1066703357557316,-1.4780064956109282,0.13287222278341493,-1.2116133946175534,1.5315017313101442,-1.849591914103992,-8.914108312354548,-0.08923532717091912,0.011389245184857217,-0.03617566268805414,0.03308407927355562,-0.09361070587251627
0.7972794676153208,0.4262705884684835,-5.658640120836755,0.0019651128067776375,-0.03029764827859039,0.0035468997687203114,0.0008398658246277977,1.198569079872015,-0.6890309754071425,0.0662380472651344,0.25561159019845264,0.7591632587707816,-1.115951851584113,7.164038285125827,-0.3593752725362328,0.006685044117566529,-0.038493677495903184,0.03349948039645898,-0.08549831554340315
2.545906814005614,10.65298274437062,8.690819151509185,0.02712631957441298,-0.050651807230679,0.0035468997687203114,-1.1949272441800116,-0.5859568705405234,-0.6870412390055507,0.3526885549195402,2.1545563495356173,0.2683765952287592,-1.6125386438935596,10.672498365400466,0.21357517246876961,0.004203338192126442,-0.0330438640123081,0.034052035957452306,-0.08317110459341083
0.7000406447533497,-0.31604927253873444,5.406405211507024,0.004232123695959237,-0.098178612540488,0.009378291116479946,0.2850071499863762,1.4542579721879563,-3.6245506182925773,-0.4498165957336778,-1.3000705475651522,0.7540292514226753,-0.4227964886746234,-9.682968433516752,-0.21036073933717242,0.004328718812284688,-0.03578443778140454,0.056559904030919025,-0.06452015875193189
-0.26940819275449734,-0.4664817260501833,8.753274511691297,0.0019651128067776375,-0.03529270481217467,0.0035315262058116985,3.145078527864505,-0.41743212071041247,-0.37559866808061293,-0.07653834031826247,0.8289351619182503,0.4426550768909112,-1.5054555390220474,9.930528267700595,0.2944711548219862,0.011389245184857217,-0.037312432301161526,0.0339153435056298,0.0442245826381012
-8.034585901579762,10.562567481485363,16.354791040499467,-0.0040242075043249595,-0.11426806586910464,0.009378291116479946,-0.35631700177429976,-0.00860496355492854,-1.788218223975081,1.0003447027586774,-0.0565972289586215,6.284154967409053,1.7834036859236986,-0.5464242601729933,-0.08928946714160473,0.011389245184857217,-0.037859639739742254,0.05027818483305068,2.686433456049707
0.12326634425108988,-2.14834833085297,-3.388480459565608,0.0002468719498855635,-0.19838998018364093,0.0035315262058116985,0.09735068114687276,-0.09891596717955009,1.263055562459347,0.09840260417394371,-0.6302045290285464,0.640348513897846,-6.00090284385385,-9.039668052373123,-0.30883835427768425,0.011389245184857217,-0.03426844634752121,0.03127876516183945,-0.06309091603430997
-4.572004320849286,-2.0585127871748137,-15.349819443951201,0.006592841509409643,-0.06599615811193983,0.009378291116479946,4.214797093035692,-0.36601663770759907,0.012349360110483447,0.06347375108293168,-0.4171290702431611,0.502075716037342,-0.8350628501189951,6.822566608870957,0.2691579985303021,0.011389245184857217,-0.038483317624086355,0.06385931674981801,0.1970600126059381
-1.2590835169612131,-1.6984857478427138,-5.732159728923552,0.0019651128067776375,-0.06115570777295653,0.0035315262058116985,0.08456525640704014,-0.38857014626082864,-1.226785902108293,-0.16235757464057168,-0.043842558828274404,0.45330377924453047,-0.8870782215069118,6.927801352028999,0.16210849640056407,0.011389245184857217,-0.03740324740691005,0.033049142525054746,0.1492048946453181
-0.9064921885434724,-2.9276394228470166,14.236270606236017,0.0019651128067776375,-0.0606902476546359,0.0035315262058116985,-0.29631707366478643,-0.23145666914661853,0.23988887382034343,0.09175224757030305,-1.2159376179504466,0.6462141244201844,-0.6874097041059329,8.648803320934249,-0.22161968088587405,0.011389245184857217,-0.03412187485343534,0.03527584628240681,-0.06971151564041253
0.9690488039309387,-3.9849737986842326,-0.9640856757255856,0.0058948975426403195,-0.041417754542833474,0.009371587074330672,0.04730995389500601,-0.6335047439707466,-0.6640759357799039,-0.15395781951640977,-0.3250381977816662,0.6445421626416283,-0.1680918830107382,2.0068466001074077,-0.7766531968632419,0.0074330985297026446,-0.03824606102358449,0.056561289102123866,-0.18631992616946116
0.6391966743408493,1.3974714826959111,-4.563292519056841,-0.003249944402717946,-0.037954600769360726,0.009393664679388559,-0.0019915908133536137,1.0919123126952424,-2.3437440412554813,0.291250693677728,0.45956749262508145,0.5728365481999059,3.3320558156540345,-10.512049941815095,-0.18902987837923715,0.004203338192126442,-0.03468865168776375,0.038976502480062014,0.00920204975977269
0.7101110544537175,-1.142815270114173,-0.8665220650072384,0.0047285094954459105,-0.2147538301715321,0.009378291116479946,-0.6844339075982139,-0.15445752640964294,-3.3234729484800596,0.09973968114296329,-2.821038601934364,-0.13466902398829633,-2.3206469220631116,-8.082107411631002,0.2822842637610452,0.011389245184857217,-0.03554315784774743,0.054201571933605114,0.12768962212376375
1.0851551033672424,0.014648881568050734,-9.107591593964775,-0.004677195486242666,-0.03907236226586694,0.009378291116479946,-0.029814380611750454,-0.09533673551681518,6.905768021807517,0.08341275677458906,0.2658976910240642,0.3199555837946583,-0.8850617237291829,-10.477083083052596,-0.20985411737584378,0.006685044117566529,-0.03748819153544136,0.04350038996173479,-0.030217256785058298
0.4231218462586125,0.8197240890928212,-11.767726095226697,0.0019651128067776375,-0.12208043327502759,0.0035315262058116985,0.037931757726429184,-1.3836186325937543,-2.653533220374767,-0.446431175916788,-0.637833913018947,-12.754965744660511,-0.5432166336197443,-14.956593622367583,-0.06392604484625089,0.011389245184857217,-0.03513075746855481,0.034448274322728394,-1.5039302703558084
0.8179116025741662,-0.04741458800903148,-5.264620187340247,0.0021784006161781,-0.05051753528470423,0.0035468997687203114,-0.12841571416150274,-0.5104078911544008,-0.3029194370293333,0.02656489629631982,-0.08636317128415291,0.7481450044184796,-0.8807475168362986,6.4526597419817735,-0.42304526205947524,0.006685044117566529,-0.03800461226923809,0.03306551508009708,-0.103258306642128
-2.4194690458769457,3.655410325405959,3.2886775021166996,0.0019651128067776375,-0.06115570777295653,0.0035315262058116985,0.08456525640704014,-0.39292538192067195,-1.3482158121421484,-0.16449437846060705,0.2356282324282108,0.43711235051575936,-0.8797715258848372,7.265043256489238,0.16210849640056407,0.011389245184857217,-0.03703510586161822,0.038486516564522046,0.14307750209008538
0.19630852538505053,0.975197560563658,-11.969510763513819,-0.004463907676842204,-0.05467723628878193,0.009393664679388559,-0.0003922449119082488,-0.0962329587521943,3.2954113739268767,0.057497154883701586,0.26866344690953825,0.39081736265706357,3.0785714238379778,-11.358539804858648,0.23160601679456588,0.006685044117566529,-0.039718044636746,0.04352900099730446,-0.024754451075934242
0.1155506053519152,5.116325397480708,3.9603550881100773,0.0058948975426403195,-0.06110356172953236,0.009378291116479946,0.2528012441046683,-0.7350096025661538,-0.6370263311499494,-0.15395781951640977,-0.08468390259494311,0.5075289188053441,-0.1009006742793753,2.6502877591466794,-0.3425648843390262,0.012137299596993334,-0.03964160827392982,0.06478435035134372,0.06365026627946607
1.3388069072105933,-2.1457489721801206,3.8600230413602468,0.0019651128067776375,-0.06087148447575217,0.0035315262058116985,0.08456525640704014,-0.2336163125854133,0.015395083628153967,-0.14985771105295145,-1.228367680604185,0.547260720331719,-0.6121773893923513,5.65232659909527,0.2944711548219862,0.011389245184857217,-0.033709742736376086,0.03329286999353003,0.07232988100793052
0.6936248951100549,0.08523105364834924,-10.418729821715523,0.0010120125689836907,-0.19419804645343258,0.0035468997687203114,0.3889156378459746,-0.4788781503364171,-1.1212542648372217,-0.23894240389099028,-3.365911913020835,0.622659962297415,-5.616147737170124,-11.817404801939707,0.20500513660413816,0.006685044117566529,-0.03685162290690892,0.027439327358140825,0.0904702815331486
1.5267905921686404,0.3668803755794474,8.179237028171737,-0.004463907676842204,-0.12859205939412008,0.009393664679388559,-0.003789947409391203,-0.10268428492921891,1.5383502624270946,0.0037333096057891044,0.4656655971611384,-0.02394854597449196,-1.0562989678328607,6.655246172199417,0.5061420033237464,0.006685044117566529,-0.036059025282941824,0.05685711008997344,0.18426722331161396
2.0612607594839663,1.9149551342773998,10.468142732532689,0.007719729589256749,-0.05358016401070528,0.009393664679388559,-0.4781531030925336,-0.10966586306930726,-0.7246570526281951,0.0344397921737505,0.4519653660201042,0.1491388957524998,-0.5530149974491559,7.2850206871606575,1.3632217137492453,0.006685044117566529,-0.03799536951257312,0.05737585050147422,0.19030243557900273
1.2826227842427178,0.766819102895593,-7.717691873637789,-0.005181473069010482,-0.1780079628321781,0.009393664679388559,0.0771059456885352,-0.11217331498383602,5.704490423860221,0.0773874378737601,-2.89986826718923,0.22448499270617567,-8.565875135482672,-6.852854277178946,-0.4255737938333253,0.006685044117566529,-0.038202189708079516,0.029850982953832983,-0.07479762749586889
-0.34264905353394265,1.1300130109610442,8.93425480499596,0.0058948975426403195,-0.0706371612171642,0.009378291116479946,0.2637116218876355,0.11178800920917956,-4.218707149116585,0.26136177893841617,-0.35624315299587195,-11.295038185409908,1.3182947285847981,-4.43984712668437,-0.16957407592327176,0.012137299596993334,-0.03491161384906377,0.06738206021210275,-2.0629312671806774
0.7747675260641232,0.6670320363634187,15.890836395247005,-0.003463232212118408,-0.1339553569795495,0.009371587074330672,0.2288468909898641,-0.11504897858117198,-0.41301930930709885,0.034675756129431426,0.4230188867357244,-0.021814226646654472,-0.9015009146856974,9.151005524692373,0.46028927932217195,0.006685044117566529,-0.030248716502515642,0.0567206664117104,0.15482724898675299
0.9777645986849266,-0.06933746960265821,0.5639541371636155,-0.004677195486242666,-0.035046933207764,0.009371587074330672,-0.013309958560391896,0.1025480246476225,1.8222341737178387,0.05495152462370265,0.17879290573190423,0.4153802676013772,-1.0891877324863917,8.840385968300168,0.8972157734454254,0.006685044117566529,-0.0396056428563645,0.0555326763726563,0.3811768633127113
0.4521532854719534,-3.0906060658249612,-9.435620435690831,-0.004629620259312817,-0.1787274443764924,0.009378291116479946,0.09298644882989011,-0.22983181837272967,-1.2617252049305008,-0.7220929679594591,-7.234458115684616,0.07249565547604049,-1.9516934227100546,-12.742970553839214,-0.1251463204109551,0.006685044117566529,-0.04105647511265357,0.029715481421847788,-0.03218200747416537
0.3869810430688852,-0.47520875474019125,-1.8240410293178086,-0.004629620259312817,-0.1787274443764924,0.009371587074330672,0.10125018121111908,-0.13190917324040904,2.003512262394202,-0.15981846355755322,-1.994150638639703,0.15897470803234098,-1.341055042817575,-11.97108318229193,-0.06326609845302013,0.006685044117566529,-0.034158420820532116,0.04120812468208283,-0.06273371785611151
0.3782185246678382,-0.0976431341180819,-0.5467173545531745,0.0007987247595832279,-0.1780079628321781,0.0035468997687203114,-0.2559688625987723,-0.4751510479707911,-0.9243658819876764,0.09322272258617591,-0.561333561480448,0.8369401825933481,-2.8888002867823865,-9.34894236439509,-0.14472183073387113,0.006685044117566529,-0.035808009580761684,0.030837980212054476,-0.09029362636829098
-0.3689144831594068,0.11605788555095864,-4.385167943253488,0.021697974555516933,-0.050651807230679,0.009393664679388559,-0.1380447878809852,-0.41036072653663863,-0.254540656507527,-0.13310943721129465,1.0429114446407364,-0.11822418269431413,-1.2961796099748988,8.599914375620306,0.2472616153889595,0.004203338192126442,-0.03643889657987587,0.03893214732319407,0.12674700907192288
0.8256038229156547,-0.3334568636748903,-7.999091748499557,-0.004463907676842204,-0.05051753528470423,0.009393664679388559,0.015095770453839849,-0.12285461108611288,1.5578360907494968,0.023968291856382246,0.23634629479197714,0.22349677295411116,-0.5104767408123858,7.32980336597709,0.5043240990724912,0.006685044117566529,-0.04526069871289891,0.03997826428235145,0.14684545822964823
0.09227458232341332,-1.0591491545318068,-5.712381152990084,0.0019651128067776375,-0.03529270481217467,0.0035315262058116985,0.14651004970940987,-0.41743212071041247,-0.3697248766875341,-0.16449437846060705,0.5293451037916018,0.3694342612631711,-1.293875626949235,7.670616274392949,0.2944711548219862,0.011389245184857217,-0.038012190541303545,0.0339153435056298,0.04761962800197452
-13.561110159524125,11.39541514536302,3.1184692632080013,-0.003680625998163417,-0.049569812717558615,0.009378291116479946,0.8476783835687381,-0.514305334300838,7.630534486820809,-0.10897947318708039,0.13232802100302543,0.06720971374943796,-0.3236543263494855,-2.5474150154453965,0.45451608267007393,0.011389245184857217,-0.03920624646873988,0.07046394423599295,-0.106101359256285
-3.119004444559453,11.620767805045732,-3.004459466221498,0.002211182795061694,-0.04127457843780372,0.0035315262058116985,0.2242396530924977,0.8469473309484955,-1.6430468386647747,0.06838852038603056,0.6359383509143907,1.0047293622732867,4.604820430403607,-2.1937402677735736,0.804766463700773,0.011389245184857217,-0.036530691689672164,0.03754657051143545,-0.13746466160360568
2.8366747208700187,-1.7452741981911042,-7.293950587739626,0.007719729589256749,-0.057752906377856794,0.009393664679388559,-0.3537519881739607,-0.33143828621241334,-0.6997505582555544,0.023569641516340105,0.5840172195687309,0.2783238845782512,-0.7218860720717789,6.314385530030782,2.125097897819655,0.006685044117566529,-0.03757886463563842,0.05609035621277776,0.19030243557900273
0.76623557762905,1.5737706949537424,5.453487779558229,0.0001318837697970672,-0.06097447095184027,0.01488306485205972,-0.2616595263053017,-0.11521050799900226,6.002596747875712,0.07181056505936496,0.1459526856579215,0.3860349525254846,-1.1929723210903742,7.616693921543784,-0.14878832062101932,0.011389245184857217,-0.032677501786285486,0.04917633182997902,-0.10522147175671841
0.4564028142507924,-1.4838613222234018,-0.026671023553663336,-0.003463232212118408,-0.0606902476546359,0.009378291116479946,-0.28386522995833674,0.09939222753549601,-0.47108924662413915,0.03897253587287828,0.26627430739654195,0.3939141363394594,-0.312216415507951,9.74924038121667,0.7058076692067378,0.011389245184857217,-0.039583304740815214,0.055374578103175386,0.3482887491442518
1.5431018157003906,-2.8213197636138427,-13.494496620328722,0.0019651128067776375,-0.11979383821057057,0.003524822163662426,-0.07380815974847202,0.1806809745819715,-2.0083241725874186,-0.4459783081329688,-0.5920533727913614,-17.197791222212867,-2.3075497402093745,-14.046204066152809,-0.11833078809252502,0.006685044117566529,-0.03811671371677764,0.033572577272955824,-1.075852120180432
1.5127587803100526,-10.131308122390672,-32.11530625941237,0.013996149310973458,-0.04027788417696339,0.009393664679388559,0.03504388301554015,0.8649341319384766,-0.649369960420898,0.295106074495135,0.7164197314678368,-0.04137067704452613,-1.0275845647209578,11.606138128799113,-0.6009533805724909,0.0027787443463817016,-0.029450634658387154,0.05636798415271187,-0.09488743087612912
0.2349934262092695,-2.789490155948308,3.5457619918489245,0.0019651128067776375,-0.033180682114485285,0.0035315262058116985,0.08881849637983859,-0.41743212071041247,-0.23609430244604335,0.0031169861563813913,1.1639555604897882,-0.10999316725070638,-0.1516558293888706,4.693063405574821,0.2944711548219862,0.011389245184857217,-0.03751603374559952,0.0339153435056298,0.044224582638101195
0.9326103992573969,0.4555263168542918,17.30072644200709,-0.7214732300279842,-0.04857438972440074,-1.6525891565590978,0.03998159410362777,0.04505111786430032,14.837672912503876,0.053668318740353244,-0.28009114361309445,0.320865769279067,3.008503469780955,-0.6322429944188096,1.1238670738414447,0.006685044117566529,13.368081006553272,0.052785085016934526,-0.10886287855843718
-0.2818403123511342,1.2669859505875631,13.273672240625134,0.0019651128067776375,-0.034238698444173085,0.0035468997687203114,-0.006272053747067283,1.929245298709989,-1.8722214784991598,0.05439959173702343,0.20976226921214552,1.05366635938255,4.57531718464685,-10.650634096234462,-0.11941254840920275,0.006685044117566529,-0.03368306286489592,0.0324384914525621,-0.10647693060026873
-1.269747987786903,-4.819854717469427,0.7982179393548257,-0.004463907676842204,-0.13526444028751075,0.009393664679388559,0.03614774982577305,0.23257400983576743,2.0810863971354343,-0.47955821429647444,-0.37423554633200434,-8.459732938986749,-2.12098095098882,-13.53156160666468,-0.271321570609465,0.006685044117566529,-0.03223516353830083,0.043701815349466704,-0.7729848868070112
2.336442475845805,-4.014848691096467,10.144280090581013,0.03266764854749163,-0.022686241032849608,0.009393664679388559,0.19208973072708713,2.6503509141899517,-0.5045693148645332,-0.014825351027427252,0.18885497864082829,0.06428106007133257,-0.16651764059999577,3.9033560459832537,0.7129097320447223,0.00441899833920029,-0.03438018238985161,0.05679702369791311,2.7394293775901875
-10.287033600090783,9.416416398340992,0.41376295819451014,-0.003581403487228798,-0.048650752771425824,0.009378291116479946,-0.3102119768419453,0.5696751314560048,-0.5952803304031361,0.21753044612918776,-0.40137336826183,0.5501225274181606,0.035829577117234536,2.524295163049153,-0.21008291946264382,0.009032919879575376,-0.037060628687498993,0.06082127856856439,-0.10825002396239261
1.5170819728330605,2.8056935412524315,5.545088112558694,-0.003249944402717946,-0.12943654153150086,0.009393664679388559,-0.3537519881739607,-0.008059261661774519,-0.6393655155477495,-0.010470211486694431,0.6264758550980454,0.0037923734665623525,-0.82192376607957,8.680125047562315,0.8199438020503031,0.006685044117566529,-0.037325407354926676,0.056585798232726164,0.1925824414548012
-0.49007600830387843,-0.06169209555007937,-10.665448711623153,-0.004968185259610018,-0.19347856490911827,0.009393664679388559,0.08969864137259614,-0.06198642622187641,2.340270093585783,0.05147225695617559,-2.314773237275178,0.4627260038701632,-2.193305220914498,-13.16670454202495,-0.39939918725001944,0.006685044117566529,-0.04067284474568463,0.03779365409712197,-0.09044309652331334
2.1122306405431344,-1.1081799029736117,-0.22944375237953762,0.007719729589256749,-0.04449029477143246,0.009393664679388559,0.16219081900273985,-0.6161325010352628,-0.6288967577215413,0.0157673673993511,-0.29003654199643614,0.5847715465320457,-0.13131488309984543,1.6207894320586482,-0.8570898374794167,0.00441899833920029,-0.03785482203907325,0.05659705696131527,-0.20066221589216932
1.105379370280083,-0.7092571485223733,-5.839197671269492,-0.005181473069010482,-0.19838998018364093,0.009378291116479946,0.09281095344323806,-0.03586380121301801,2.7756710069779285,0.07738743787376011,-2.167997250646418,0.2881551175906084,-1.623841444013,-10.570020648615259,-0.28381168243566157,0.011389245184857217,-0.037929696881108255,0.04128620376365876,-0.07392480604743198
0.09227458232341332,-1.0591491545318068,-5.712381152990084,0.0019651128067776375,-0.03529270481217467,0.0035315262058116985,0.14651004970940987,-0.41743212071041247,-0.3697248766875341,-0.16449437846060705,0.5293451037916018,0.3694342612631711,-1.293875626949235,7.670616274392949,0.2944711548219862,0.011389245184857217,-0.038012190541303545,0.0339153435056298,0.04761962800197452
5.633141553783195,-3.2607292677846615,19.618892308446426,0.02712631957441298,-0.037954600769360726,0.0035468997687203114,0.0406948809865325,1.8900567306806029,-1.3175288354398458,-0.08812171387140794,0.34731003531760585,0.8626126047732227,2.7076384931033837,-10.517002319259822,-0.0680109810034727,0.004203338192126442,-0.033611998316473365,0.04066885161614231,-0.1198460044211895
2.4341367716575535,0.5367249788099765,-15.541821208090196,0.007719729589256749,-0.0380229484130235,0.009393664679388559,-2.5370837778596447,1.874724960713372,-0.7444618333205886,0.03159546652891836,-0.39898367226773646,0.5562925254653064,-0.7619385201059229,7.345775500260481,1.3648982640600087,0.006685044117566529,-0.03507946604821113,0.05544882637786958,0.19094967741195962
0.2341621031391328,1.3115796634367407,-6.646294609534066,0.0019651128067776375,-0.03029764827859039,0.0035315262058116985,0.13954949211615236,1.661596756982169,-0.3978327447433944,0.07631289961951102,0.34330491641289806,0.5904737940281806,-0.40346161773912276,8.188645475386533,-0.3593752725362328,0.006685044117566529,-0.03722280721689569,0.032483696778565295,-0.05463429283703078
0.9250300644180344,-0.6552363756534967,15.425821559215612,-0.003463232212118408,-0.22400553088814726,0.009378291116479946,-0.48950645577338064,0.04666326898504002,-2.5351328103069846,-0.0712686745868366,0.3402132367766765,5.295498463188018,-3.2039286292591687,-10.314992740734748,0.11577092351056373,0.011389245184857217,-0.03523996550094283,0.05662326219048153,2.9883446938522416
0.025808416257157695,-1.3278269214193896,-2.687104778004631,0.0047285094954459105,-0.20866381210788057,0.009378291116479946,-0.6844339075982139,-0.23137962679242094,-3.1976190370835926,-0.0720437714718316,-2.363958335668415,0.01615286175722007,-3.1663452635050304,-5.01933344069084,0.16461144180357648,0.011389245184857217,-0.03521413225716244,0.06249456078547834,0.20781095690409812
0.5125222128612956,1.1226607021930728,-9.074641409247494,0.0019651128067776375,-0.035046933207764,0.003524822163662426,-0.3290911399768092,-0.3390878284494585,-0.3338468675592666,0.05639735137142964,0.4033170280622751,0.6533718334636752,-1.9281941609593933,7.431020592525553,-0.35709995425734,0.006685044117566529,-0.03821454402893398,0.033029747220905674,-0.08891601691941987
0.69573569831971,-1.2583085872888289,-1.824387725981255,0.0058948975426403195,-0.057995585015954754,0.009371587074330672,0.14698594311302823,-0.22274449275517008,-4.008490318559705,0.07849794604615505,0.5976151969012172,-0.10219161803423597,2.43034485837519,-6.144066671181875,0.46806486309582584,0.006685044117566529,-0.03804050891546799,0.05601958509240189,0.1400786637655838
-0.04265518380591862,-2.0917111143711766,-2.085562979456967,0.0019651128067776375,-0.05542895055922681,0.0035315262058116985,-0.21307619435749262,-0.41379880774402916,-0.3038736787541484,0.06080101915173874,0.17282928793884328,0.3045616092604584,-1.1069374286159672,6.811190591717628,-0.22161968088587405,0.011389245184857217,-0.037480703439340866,0.03432785699549537,-0.06462708794789503
-1.7206615484693113,0.4098705413335416,12.083960284506949,0.0021784006161781,-0.05051753528470423,0.0035468997687203114,-0.12841571416150274,-0.19780379771186993,0.052538197359961854,0.06191979249519324,-1.887290415882941,0.8642460570640382,-0.7377668144161074,8.155404759678557,-0.42304526205947524,0.006685044117566529,-0.036081976440438895,0.03347769086479118,-0.09316788116942082
1.5087583836211849,-4.326504960414977,-5.237471570085499,0.00655334154206234,-0.23349690918216337,0.009393664679388559,-0.9505891309315149,-0.18915419473070233,-3.22394889577998,0.0738245002253788,-3.575326224495942,0.07852969332744432,-2.6129857773081477,-9.617709301985531,0.5928748512173634,0.006685044117566529,-0.03574245255397422,0.05424663382376715,0.20373186843257984
-0.3542521925259158,-1.2360223830112638,11.534290331177601,-0.003463232212118408,-0.14852068576744615,0.009378291116479946,-0.16245761933204056,-0.11899631702637822,-2.3644833329026214,0.10789122101379077,-0.17666439394139788,0.2684269707457597,3.9467239919534336,-7.073980269286772,0.06797216553278962,0.011389245184857217,-0.03589992310422867,0.06482196057132067,0.12434543851409281
0.12267669265009848,-6.207980175167935,-1.3852834913364298,0.00478015677945068,-0.049540202817828234,0.009378291116479946,0.25496533719032033,0.011064795200558968,-1.7906350790526235,-0.13095904032255518,0.064029831458531,0.4837408869705848,-0.264124804362299,7.593653446974477,-0.16867549264932255,0.009032919879575376,-0.037957332928876646,0.06455763177991203,-0.12683445753386183
-5.822363581805445,-5.828067010003237,-11.12279115944512,-0.004844587270613711,-0.0649999000099432,0.009378291116479946,-0.3543789752249413,-0.000682415597961675,11.044822319867043,0.0814634829164499,0.32106106272094853,0.5305851977945808,5.25143227023902,-6.012580504453729,-2.124401282488395,0.011389245184857217,-0.04536523055428573,0.06261547743195423,-0.4814125984563901
0.6814740035976841,-3.6570781661994056,-4.211596103942559,0.0021784006161781,-0.054890248805504256,0.0035468997687203114,0.008072582654904946,-0.24967242749190058,-2.0984828939224776,-0.15953621378496768,0.013485552824677671,0.7860416899108541,4.106392835544714,-7.464220464005109,0.19857247552328347,0.006685044117566529,-0.03666679772388916,0.03232507135923382,0.08460111433708127
1.3849829794649855,1.945361028272795,10.388913364413208,-0.004677195486242666,-0.1339553569795495,0.009371587074330672,-0.016518859470661743,-0.10647552036902906,1.7020004903141022,0.03471654237310949,0.6128899914848831,0.45836818315148786,-1.0397927118236838,6.0091846450004684,0.4879828790661183,0.006685044117566529,-0.036011533495782004,0.056821342230782036,0.13683315372215896
0.5623297604332906,1.803798597611328,1.1417593911919102,0.00478015677945068,-0.04703018389261763,0.009371587074330672,0.20432131847906865,-1.176264428207489,-4.098280318364586,-0.06663666500723339,0.37293599687330603,-8.464636697819316,-1.8140091641581926,-13.239030368109509,0.24707905963192855,0.004328718812284688,-0.03486770417388797,0.058683325079847325,3.3044487772083815
0.24603121755936425,-1.0689764282857557,-3.1009890127037716,0.0021784006161781,-0.050651807230679,0.0035468997687203114,-0.04517483485420893,-0.5015155022799657,-0.3378213111788797,-0.11377287642377243,0.5112247020092874,0.5199826063240247,-1.0697041314641598,6.953890759958738,-0.10125282081409687,0.004203338192126442,-0.037496389703631325,0.03414709721966535,-0.08808345347690329
1.5267905921686404,0.3668803755794474,8.179237028171737,-0.004463907676842204,-0.12859205939412008,0.009393664679388559,-0.003789947409391203,-0.10268428492921891,1.5383502624270946,0.0037333096057891044,0.4656655971611384,-0.02394854597449196,-1.0562989678328607,6.655246172199417,0.5061420033237464,0.006685044117566529,-0.036059025282941824,0.05685711008997344,0.18426722331161396
0.5774025250679662,-1.0111181306190475,0.34673226599954443,-0.003463232212118408,-0.03522817002888027,0.009371587074330672,-0.002997039600528054,-0.5374114794321013,-0.386649911730695,-0.05573768614087279,0.6486535883926564,0.3895667835152239,-0.6713927221823267,8.695439727353504,-0.23457058155744345,0.006685044117566529,-0.03858587831063907,0.038868710574710835,-0.08513823318396685
2.2021605692368214,-2.5942462638183104,-5.439776906826195,0.0007511495326533787,-0.05542895055922681,0.0035315262058116985,0.08315674817493278,-0.23040931583725216,1.0854085537232065,0.00932778242265712,0.843089168947717,0.4052616995961063,-1.0980428392647785,6.865413554601939,-0.2840560596958145,0.011389245184857217,-0.04201130143081437,0.03347053217069065,-0.06908413596379978
0.7605432716396022,2.0147861543485166,0.7959444886370354,-0.003249944402717946,-0.05083304405179526,0.009393664679388559,0.009595656083532916,-0.5193350158233244,-0.31849313835986026,0.9812854540434444,0.45855917479642705,0.4207972770709022,-0.6299413314026109,8.745265133330587,-0.14252834599040345,0.004203338192126442,-0.03774343056220345,0.03890447843390224,-0.09948052290667497
-0.4670040102706175,-3.056969669872817,-14.421195624814406,0.0019651128067776375,-0.05542895055922681,0.0035315262058116985,-0.5308090620952667,-0.2281856993997832,-0.30931953637035436,0.05639735137142964,0.40794709971147963,0.5348958186592451,-1.9394647738849131,7.16907052507223,-0.22161968088587405,0.011389245184857217,-0.038157308601784276,0.031249427359498913,-0.07980194111311971
0.42000138979112966,0.2858482566969604,-2.856359885591475,0.0021784006161781,-0.05051753528470423,0.0035468997687203114,-0.04517483485420893,-0.5104078911544008,-0.324269364650912,0.030968564076628916,0.5024373491004938,0.5199826063240247,-1.1435421664916634,7.0115921040389475,-0.42304526205947524,0.006685044117566529,-0.037496389703631325,0.03414709721966535,-0.08808345347690329
2.3111898925057055,6.614656255475962,5.435111892700326,0.006056955742575668,-0.09559462556161467,0.009393664679388559,0.40639980675742776,-1.8763189669862652,-3.298489167473734,0.05007341904459545,-2.325923753662555,0.7326540521119013,-1.970563468389659,-10.963934865313243,0.4849515427629176,0.004328718812284688,-0.030440920824768493,0.057336055933903785,0.18844370320040632
1.6107318967527249,3.521506254372535,16.11987262478234,-0.004463907676842204,-0.12943654153150086,0.009393664679388559,-0.003789947409391203,0.008068654502887164,1.2320628129978748,-0.007136841051621304,0.5977174507097656,0.1685289903371131,-1.2124465458821638,9.839221092202248,0.8476374017942494,0.006685044117566529,-0.029867206608859297,0.05685711008997344,0.18183972465533105
-0.5053911412143319,-0.36212533858408325,-4.231011508817867,0.0010120125689836907,-0.19450356730606616,0.0035468997687203114,-0.20654454590665236,-0.45712531145136315,-0.5915147515817863,-0.080005417562131,-3.6180692255515323,0.7504003191368382,-3.944640283951575,-10.144086595113329,-0.1050286332338022,0.004203338192126442,-0.03530206944109629,0.02762601918201435,-0.07298580510651523
0.30816160700102124,1.4684763289503147,2.772086740743413,0.00934818472386519,-0.09661962795856253,0.009393664679388559,0.7601119563032088,-0.5436879146909215,-3.8194827166351564,0.16934357260380986,-4.144045214217884,0.33660412331885,-1.90786563670034,-10.169281403156685,-0.2352560631497475,0.003524022017197653,-0.03387394484806768,0.05668549016935891,0.17808590739503632
-2.562248610638011,2.3491962368716384,-32.32971141757437,0.03266764854749163,-0.05759422156403386,0.009393664679388559,0.20324647339518429,-0.7503724821635748,-0.29204237616298745,0.0061376916151305375,-0.031965641907372014,0.13101635871927406,-0.24789313982788677,1.9351353206272934,-0.8453814675737554,0.003524022017197653,-0.04059252208455734,0.05155196715206665,-0.11333847628901987
0.5125222128612956,1.1226607021930728,-9.074641409247494,0.0019651128067776375,-0.035046933207764,0.003524822163662426,-0.3290911399768092,-0.3390878284494585,-0.3338468675592666,0.05639735137142964,0.4033170280622751,0.6533718334636752,-1.9281941609593933,7.431020592525553,-0.35709995425734,0.006685044117566529,-0.03821454402893398,0.033029747220905674,-0.08891601691941987
-0.2873727555167608,-1.2419077911147167,9.970316849919822,0.0058948975426403195,-0.06423850275249858,0.009378291116479946,-0.02649003835134699,-0.13731031924419793,-1.0129875035519542,0.0035050037463766706,0.34749772609605145,0.43111191323655734,-0.7897172544327186,3.1182309880980847,-0.15092382429572876,0.011389245184857217,-0.03748256429860625,0.06465865890503768,-0.13590338042917402
-2.566977891895012,0.9389011599214542,8.548860841928478,0.0019651128067776375,-0.1318346987466708,0.0035315262058116985,0.051057926335432754,-0.10376129263307057,-1.5673668701960701,0.056699810655720544,2.2582368604426475,6.349245033521158,2.8752691388625715,-6.115151258867739,0.0664166682503336,0.011389245184857217,-0.03592879797332294,0.03588921508076352,0.05606672956035797
0.31223749919892196,9.414610203559123,0.050387919023862186,0.013996149310973458,-0.04087450370162023,0.009393664679388559,0.1855280526625135,-0.41055381292341114,-0.7240273832681505,0.0894080842416414,-0.06314222872417272,0.16278868000423638,-0.13833826629912202,3.8045801911143617,0.3640577011539805,0.003524022017197653,-0.03870343764807614,0.056457102218308686,-0.11333847628901987
0.9735683604277249,-1.6553538090127273,-0.8487424804708965,0.0007511495326533787,-0.05542895055922681,0.009378291116479946,0.08315674817493278,-0.1699978152204579,2.052703588724135,0.00996995851405472,0.253070205657028,0.33598991870914696,-1.0909699558655863,6.365674384526997,-0.21463490118638723,0.011389245184857217,-0.038541775576321984,0.04198063097259036,-0.06908413596379978
0.7676534965969238,-0.08182902041644909,4.131221194882867,-0.003463232212118408,-0.1379807860376524,0.009371587074330672,0.14698594311302823,-0.16370931631257793,-3.436367259406968,0.04933334341820181,0.4284468372474999,-0.5815475971967393,3.2020273260254597,-8.938031456429117,0.16052100303142922,0.006685044117566529,-0.03778705163475624,0.05651502711235029,0.14235866964138227
0.884940476894051,-2.088114141882378,-15.005283337967452,0.0002468719498855635,-0.1780079628321781,0.0035315262058116985,0.07024582345523919,-0.1003449890859527,2.968694337216694,0.2638368846432834,-6.09896448753898,0.5497685718023536,-4.607251659115659,-10.159021011073843,-0.38357387759296424,0.006685044117566529,-0.03949651607277088,0.03133618761224872,-0.03737649811751924
0.30277387407693834,-1.2957815104420247,0.6007282354278781,0.0021784006161781,-0.050651807230679,0.0035468997687203114,0.06812398100093194,-0.5015155022799657,-0.31102552594109506,-0.11377287642377243,0.010967976860043005,0.6718850648884276,-1.0697041314641598,6.946434142040209,-0.10125282081409687,0.004203338192126442,-0.037496389703631325,0.037594433453055597,-0.08808345347690329
0.7354736219455321,0.06404089064588431,2.5995021185437457,-0.004629620259312817,-0.2946744964099355,0.009371587074330672,-0.627783953565858,-0.13659028696329661,-3.0845600901390395,0.2756762186101221,-2.6859942695011685,-0.609743121967819,-3.110630804584749,-11.8983728494609,0.19576853679764525,0.006685044117566529,-0.03552194109705348,0.054358263364683586,0.18255319185969254
-0.3122330780167921,7.257668086854105,10.090549817303373,0.0007987247595832279,-0.18909466764838115,0.0035315262058116985,0.1257481566422551,-0.31862420376647027,-0.3583391795702727,-0.09924845091023202,-5.738666654938517,-0.4522218904811236,-0.8920862294947979,-8.021165139860775,0.10166420201654969,0.011389245184857217,-0.034719676319101875,0.029237482775756475,0.08887431876499516
0.6377183600802212,0.6703585258987305,-3.653310933648471,0.0021784006161781,-0.05475597685952949,0.0035468997687203114,-1.6090698214009174,-0.5083454815349137,-1.8880940749932187,-0.19407668380143772,-0.11735797951560527,0.7225500895236334,4.289744279776764,-7.38209452589504,0.16975760283792207,0.006685044117566529,-0.03771938866581448,0.029972176160259722,0.05450625888886587
1.4110088339370224,-0.3221678019676074,3.421421765597979,-0.003249944402717946,-0.12859205939412008,0.009393664679388559,-0.3537519881739607,-0.11881220109388062,-0.6577658278836166,0.00039993917071597324,0.49442400154941846,-0.24581982545767223,-0.7800271753649101,7.859369308072249,0.4784484035797999,0.006685044117566529,-0.03774191223186137,0.056585798232726164,0.1925824414548012
0.09227458232341332,-1.0591491545318068,-5.712381152990084,0.0019651128067776375,-0.03529270481217467,0.0035315262058116985,0.14651004970940987,-0.41743212071041247,-0.3697248766875341,-0.16449437846060705,0.5293451037916018,0.3694342612631711,-1.293875626949235,7.670616274392949,0.2944711548219862,0.011389245184857217,-0.038012190541303545,0.0339153435056298,0.04761962800197452
4.894015286859177,-4.520913486453178,-21.653314696668964,0.0058948975426403195,-0.07391475209169074,0.009378291116479946,0.26796486186043394,-0.019246988665402302,-3.844470447545533,0.26136177893841617,-0.20815525225609727,-11.265772536858657,-0.3582188761499627,-4.623688295790696,-0.1911006311113965,0.009032919879575376,-0.03701300299347717,0.054056506778212735,-1.5903611613642048
-1.7601436547656013,-6.962205034599584,-17.58380739798682,0.00478015677945068,-0.027128189148170164,0.009378291116479946,0.22296283935932898,-3.7051116440003096,-0.8083236207500646,0.03204033198431498,0.33010823502262626,0.16208208866246224,-0.914006198642346,9.618440584942885,0.3999367793100403,0.005140483503712616,-0.03707030168364255,0.05710429595250135,0.16360572444641444
0.6275898572581363,8.962653119396972,5.451789715324789,-0.004677195486242666,-0.06097447095184027,0.009378291116479946,0.1663930873520954,-0.0465358851519587,4.962208137178175,0.036214239886367385,0.235793141441038,0.2784261997246943,0.20723150398289011,7.209219938795739,-0.14926943279265759,0.011389245184857217,-0.032256774964229136,0.05183480431394711,-0.11425354890252662
0.15431943905483908,-7.510338554882067,3.33491024440272,0.0058948975426403195,-0.13943654250497267,0.009371587074330672,0.20809726292457903,0.20611430860164545,-2.766191173103019,0.5187757650318277,0.3475680188210977,-2.875862295814245,-2.9722190449965757,-9.451064159036642,-0.15774659809275624,0.006685044117566529,-0.03535152036715956,0.05665301575159897,-1.9040199689411703
2.1122306405431344,-1.1081799029736117,-0.22944375237953762,0.007719729589256749,-0.04449029477143246,0.009393664679388559,0.16219081900273985,-0.6161325010352628,-0.6288967577215413,0.0157673673993511,-0.29003654199643614,0.5847715465320457,-0.13131488309984543,1.6207894320586482,-0.8570898374794167,0.00441899833920029,-0.03785482203907325,0.05659705696131527,-0.20066221589216932
-0.5103309176517427,-2.970053565771793,6.072610251998445,0.0019651128067776375,-0.059187517976829654,0.0035315262058116985,0.08881849637983859,-0.38857014626082864,-0.413285229069735,0.0031169861563813913,1.13934090724612,-0.11464279022525767,-0.4332872757447813,4.399486331654984,0.16210849640056407,0.011389245184857217,-0.037167034443253026,0.03575856081340747,0.06820215203217445
-0.12995996884495206,0.7730856510852775,-14.944536353306049,-0.004463907676842204,-0.05467723628878193,0.009393664679388559,-0.0003922449119082488,-0.07828716882802894,6.47885916130219,0.3144901728545729,0.3550091194804571,0.4922212019742027,3.2254669619357776,-10.452463965122174,-0.1966959561650643,0.004203338192126442,-0.04239927712248786,0.0399504178447887,-0.0793880402308573
0.1630903512534395,-2.982026672794806,3.9661275806396943,0.02712631957441298,-0.05467723628878193,0.0035468997687203114,0.02915101623243,-0.4869842580696585,-1.3502309495377698,-0.0594718852935099,0.5746839272258425,0.3693599625256347,4.704840036322517,-6.645230486284454,-0.06692922068679492,0.004203338192126442,-0.037487210044010996,0.03438604404391156,-0.07677249878561067
0.8316461969171074,-3.612558973380918,5.2143823136093195,0.0013458470439213256,-0.0649999000099432,0.0035315262058116985,0.7598670319338587,-0.031081062574741733,-1.30700048726071,0.06396000014815634,-0.9189799675048731,1.4575773355081112,1.9188308350757557,-7.147622568902295,0.8058482240174507,0.011389245184857217,-0.034259178172687595,0.03563633785044833,0.017992164622393277
-0.057624242192662156,1.2549839390923747,-1.792325408929606,0.0019651128067776375,-0.035046933207764,0.0035315262058116985,-0.26222754625031147,-0.5168792559944344,-0.3551967951808453,0.07673922165888504,0.77036678341728,0.30648015623286495,-1.0939187211178727,7.066836425584707,-0.35709995425734,0.006685044117566529,-0.037496513655714415,0.034111329360473945,-0.03891267003110431
1.063568428660262,-2.4244720908262622,9.426065193768737,0.0021980715566636577,-0.09026414305866197,0.009393664679388559,0.05104710127486826,0.022295954487354608,0.3444069829389658,0.3985005751091342,0.5292374387351396,0.022678639971090493,-0.881108350514777,6.838152156362791,-0.23919735214713284,0.004203338192126442,-0.03570716557578761,0.056864266913595175,-0.0984367045874242
1.187040603905981,-0.48425522257522646,0.5105724006800615,0.013558119647608724,-0.23421639072647768,0.009393664679388559,1.081126331714437,-0.10188607336217945,-2.958116427179672,0.9062055560868053,-6.604818551685097,-0.29642366599185804,-1.3895123785548176,-12.194829119650597,0.018196444983131846,0.004203338192126442,-0.0361077946964281,0.05436636233458316,-0.12539012274875364
-0.798069394975207,-0.6538234532647171,-6.363617579458704,0.0019651128067776375,-0.032934910510074626,0.0035468997687203114,-0.10370257745302029,-0.5228609995770425,-0.36256856708911234,0.008122430453723963,1.041584702369397,0.3552878278564972,-0.7474532654887365,3.9959112800450987,-0.35709995425734,0.006685044117566529,-0.03740207982599181,0.0340162680982609,-0.06494244336065708
1.05442860827957,-2.3178029142467964,5.446093745997992,-0.004677195486242666,-0.1392586258853407,0.009378291116479946,0.10800537629443459,-0.058978263748739664,1.5443385024876264,0.03589902516865815,0.49395236910724,0.4553982638998784,-1.0910119296197938,5.964848664594208,-0.24215216283766125,0.011389245184857217,-0.03605079642773296,0.0567710766039945,-0.08303289426154276
2.5211113634862863,3.245717198908645,4.673481186248119,0.007719729589256749,-0.0570896610615923,0.009393664679388559,0.11288647785299306,0.001017916204703095,-0.6424668869136569,0.16857443941290717,0.5041379293008588,0.3589525495027091,-1.1555088587986937,7.747937187520924,-0.5590213156459449,0.006685044117566529,-0.03740752319318847,0.056558129343434335,-0.12502422303257754
-0.059804307433224194,1.4413124658833527,4.738923968772335,0.0019651128067776375,-0.06087148447575217,0.0035315262058116985,0.08456525640704014,-0.47549386273205474,-0.3326612132941324,-0.16449437846060705,0.25746927383924983,0.4356245834153253,-0.8869019842787648,7.067025004493561,0.2944711548219862,0.011389245184857217,-0.03722975878846581,0.036595170837305735,0.08849633218045852
-2.948473597842053,0.6191277965429847,6.0594474055347805,0.002211182795061694,-0.06521291252666551,0.0035315262058116985,-1.0562888508012516,-0.28199910226847535,-1.324113562504561,-0.22545685086346595,0.32119998932790933,0.5645401890641898,4.976982232827753,-5.962250139701097,-1.0127308274792015,0.011389245184857217,-0.037713674116291625,0.03479296889050194,0.07437557471866689
-3.033080721299727,3.601589668313947,14.579435638546437,0.0007987247595832279,-0.2037008264006715,0.0035315262058116985,0.12149491666945661,-0.1531140011841681,-1.49666299165805,-0.2368625706716482,-2.2847554259918197,0.6547830624007275,-2.5653403200879805,-10.895445602536123,0.10166420201654969,0.011389245184857217,-0.03379165260211325,0.034025364352077585,0.12844922915610393
0.6585028849826037,2.8761798794735536,18.941785337220765,0.0047285094954459105,-0.19912883611216284,0.009378291116479946,0.29168546216177954,0.9146826511004121,-1.7694141478338856,-0.07368696471702957,-2.925785968273572,0.7196552889276311,-2.9518692034912135,-5.44021364670294,0.19608497455508647,0.011389245184857217,-0.03249133198618879,0.054386374933155214,0.18460531281386872
-1.5468920998702511,-0.629028360078576,0.9308479278943184,0.0019651128067776375,-0.0649999000099432,0.0035315262058116985,-0.017809498712258176,-0.3413268572114779,-2.7022234850110087,0.07341746201276912,0.32487703296979625,0.5350987275707969,5.136009460572098,-5.4075048467843425,-0.0628442845295731,0.011389245184857217,-0.03695420166820414,0.035910249376096506,-0.08139874546442362
-2.445704302650934,8.523851695233423,-6.160482463036774,0.0013458470439213256,-0.06294039566863559,0.004869650528761424,-0.0009095741948293351,-0.21240024624304094,-5.321268179922619,-0.6025461828546491,-0.032842273065824046,-0.00834344712343834,-1.3696912725554857,-8.726132792977824,0.029435745110695407,0.011389245184857217,-0.040575577027175375,0.0563828544932565,-0.7106806580087571
4.971271554566376,-0.2511838756909246,-1.6834183053209397,0.00660498882606711,-0.040143612230988626,0.009393664679388559,0.13682774158259214,0.9846100410145814,-0.8516235569884849,-0.08477890815920536,0.1872715908923696,0.3849273792681695,-1.100385887712159,10.892492362993055,-0.9270089495652555,0.0035834411414687375,-0.035041300150938835,0.05710766798285356,-0.12228631036172173
-0.6148109509511133,1.6828351676448667,2.724182664095098,0.021697974555516933,-0.1334619705896038,0.009393664679388559,0.9086967680169313,-0.016213913190333502,-3.1642947967403847,-0.18019965734164148,1.4622650609991708,-0.8062540575731129,4.611535221911461,-8.800109767422825,-0.0787090633639265,0.004203338192126442,-0.03451550406713713,0.056550794971541696,0.15969005585872553
-2.077360817808048,2.263390073438982,-5.887816697063984,0.004634617343492679,-0.06115570777295653,0.0035315262058116985,0.08362073400931497,-0.31130201715762745,-1.1770851155114568,-0.16449437846060705,0.5503356086415461,0.3936931824033808,-1.2848643266630897,7.965837122008088,0.16210849640056407,0.011389245184857217,-0.03815551872771797,0.035793578162985916,0.15456024171906824
1.2267038636040277,-2.5630391249263473,17.808872948004222,0.013558119647608724,-0.07293679794168909,0.009393664679388559,1.0985422898959236,0.577038897322371,-2.824913559664527,0.32103371350616366,-1.3433822523720225,0.6289726007249734,0.8565033796384882,-4.553523108381404,0.45649342978070595,0.00441899833920029,-0.03254285349435735,0.05779342760399745,2.0175153184791363
0.7354736219455321,0.06404089064588431,2.5995021185437457,-0.004629620259312817,-0.2946744964099355,0.009371587074330672,-0.627783953565858,-0.13659028696329661,-3.0845600901390395,0.2756762186101221,-2.6859942695011685,-0.609743121967819,-3.110630804584749,-11.8983728494609,0.19576853679764525,0.006685044117566529,-0.03552194109705348,0.054358263364683586,0.18255319185969254
1.1616279320999978,-1.5338900407142482,5.203879359673146,0.0021784006161781,-0.05083304405179526,0.0035468997687203114,2.432295747227051,-0.5125675345931954,-0.39018877577404004,-0.04917912867417868,0.6176242169699744,0.5764981191892687,-1.4823827511797882,9.471080343513062,0.60866494965478,0.006685044117566529,-0.03730365931157095,0.033960405395791836,0.13469092588926726
1.4499422495394367,-2.8892201292061324,-5.323443443312455,0.0007511495326533787,-0.0606902476546359,0.0035315262058116985,0.08315674817493278,-0.22953322676968876,1.050549068592673,0.00932778242265712,0.8372835185079911,0.35805900666478,-1.0361485144975398,7.208009403646774,-0.2840560596958145,0.011389245184857217,-0.04200272373969973,0.03536187789790696,-0.06908413596379978
-0.057624242192662156,1.2549839390923747,-1.792325408929606,0.0019651128067776375,-0.035046933207764,0.0035315262058116985,-0.26222754625031147,-0.5168792559944344,-0.3551967951808453,0.07673922165888504,0.77036678341728,0.30648015623286495,-1.0939187211178727,7.066836425584707,-0.35709995425734,0.006685044117566529,-0.037496513655714415,0.034111329360473945,-0.03891267003110431
2.848108675812686,4.838399335831029,0.5476659437069321,0.02712631957441298,-0.04872102135410588,0.0035468997687203114,0.03474659742353583,-0.6088993915126042,-0.6060960620184436,0.49901517160354214,1.2074146076612458,-0.11392749394479065,0.6704660575126322,7.620341153001308,-0.3136331625686342,0.004203338192126442,-0.037580460826433196,0.033960405395791836,0.13120547442979083
-0.7322975919621155,2.3513137454839512,-0.6666651901962455,0.0019651128067776375,-0.0606902476546359,0.0035315262058116985,-0.21307619435749262,-0.45075309743134195,-0.3413053644932324,0.06080101915173874,0.3398910957361574,0.3005830355426625,-1.086208133284819,6.79559706298353,-0.22161968088587405,0.011389245184857217,-0.03714771660185973,0.03594525263728098,-0.05399630391058398
-0.057624242192662156,1.2549839390923747,-1.792325408929606,0.0019651128067776375,-0.035046933207764,0.0035315262058116985,-0.26222754625031147,-0.5168792559944344,-0.3551967951808453,0.07673922165888504,0.77036678341728,0.30648015623286495,-1.0939187211178727,7.066836425584707,-0.35709995425734,0.006685044117566529,-0.037496513655714415,0.034111329360473945,-0.03891267003110431
0.20295502972379387,2.297846840518977,6.885882149275571,-0.004677195486242666,-0.06097447095184027,0.009378291116479946,0.08175313802699978,-0.08689859897566071,4.565146373789038,0.036214239886367385,0.22658965975976988,0.2784261997246943,0.20723150398289011,7.065772638219072,-0.14926943279265759,0.011389245184857217,-0.03407349375256118,0.051671690643714005,-0.11425354890252662
-2.0040779020865793,14.69622739888785,1.976898580575328,0.0019651128067776375,-0.06097447095184027,0.0035315262058116985,-0.67141107618376,-0.3504030246581753,-1.3493563188576099,0.05639735137142964,0.26348128134689575,0.5302332007375518,-0.7779003019880442,6.951614949183122,-0.12873695084087036,0.011389245184857217,-0.03731681006442848,0.038584683655273254,-0.11413746403872456
-0.7128592558027211,0.4898792340343824,-4.3275070449902335,0.0058948975426403195,-0.052266543841238064,0.009378291116479946,0.33744119342976403,-0.5617068519338977,-1.306890910288798,-0.15395781951640977,-0.3466633499337434,0.5608862618926853,-0.0986308515914606,1.7534168123934815,-0.24968215429402263,0.012137299596993334,-0.03827530553048745,0.06486070019315171,-0.7413569601504082
2.309450294186773,2.3252618281445385,7.115422547449544,0.00660498882606711,-0.025748154815231218,0.009393664679388559,0.1598795847632004,-0.3309988542612389,-0.7875652883640564,0.016995301724140904,0.3230839957658102,0.4183398688665208,-0.6541562227311883,7.175173091881905,0.9205283255934701,0.004328718812284688,-0.032755427990442565,0.05739125149200596,0.20980031815522318
-0.14265000802660924,-4.922400577668986,4.506437353863997,-0.003463232212118408,-0.1512512156013217,0.009378291116479946,-0.02971727829874749,-0.0854611739361714,-0.8183528572128383,0.015444969430890043,0.4939057053489709,-0.20492714201088855,-0.7948329101972428,7.44838735944924,0.16615041804869726,0.011389245184857217,-0.03766316359992576,0.0646863277943295,0.12948871296158165
1.0903647794640332,2.0917341108930407,2.8728801064608165,-0.003249944402717946,-0.03387927865780326,0.009393664679388559,0.005120328758341435,0.42294597260249656,2.782902005587177,0.00643994748188389,0.27947028057850193,0.6170325762645703,-0.6362281356290532,9.355860193306738,-0.18831542234403395,0.006685044117566529,-0.032943798116874486,0.043542686857469724,-0.1146389662959518
-2.110345307613487,16.990914886736505,13.47331986691483,-0.004844587270613711,-0.14323667806712256,0.009378291116479946,-0.06898425990770288,-0.10066357584735204,2.8907438011256454,0.2302050006529223,0.26000177079017767,-0.10984074723641638,-0.6360146329390954,2.2672290536562385,0.725196309971126,0.011389245184857217,-0.034332965433250505,0.07590962860664438,0.16166568093969164
-5.1953771202650545,11.375699164514465,-4.280532226515443,0.0009522635360858183,-0.049815277967787286,0.0035315262058116985,-0.1809198073831135,-0.24176693753670153,-1.492208262885287,0.35235539035134944,-0.02617792195266622,0.6043873170178616,-0.2617232584187461,3.3278563071255594,0.5184456771072543,0.011389245184857217,-0.043382332010154484,0.037348770538482026,0.4736159109516033
-0.27652105897448426,-3.4002735053883635,-7.817530714859115,0.007626416575559702,-0.05467723628878193,0.0035468997687203114,0.010710457789618297,-0.120149559332743,5.547251236015925,-0.001713644798604239,1.0506005474732234,0.2452424058017737,6.293601034924304,-5.48348205880798,-0.2040946935466796,0.004203338192126442,-0.040433854181250624,0.03352871921910685,-0.0636164632992294
-0.4635179587522824,6.9990176493654825,-5.219419412223334,0.0013458470439213256,-0.05920190237339691,0.0035315262058116985,0.12850998655049112,-0.41483693057663573,-1.15615698139518,-0.5810268810818268,0.37302590110556977,0.2791507452909836,-1.1063188770676176,6.967102326832435,0.21121295983721908,0.011389245184857217,-0.03792849219107964,0.03686772883126196,0.11208938351734495
1.576246089983961,3.868412148580117,2.5968230350740753,0.02712631957441298,-0.050651807230679,0.0035468997687203114,-0.1158803284983393,0.13310132081998116,-0.668893945032831,0.030330783982592008,1.1847483207736946,0.0737532202683109,-1.0512100577510168,8.281758043910834,0.07478391262514494,0.004203338192126442,-0.03714514310853562,0.03414709721966535,-0.08800535397023045
-0.5815309418121466,-3.1093263217211042,-9.45348265843331,0.0019651128067776375,-0.0397293584786415,0.0035315262058116985,0.40345552093414744,1.350118207904817,-1.7955165200038634,0.05439959173702343,0.0917736724479537,1.0035735229387994,4.698370702574673,-3.6183249385554217,-0.08545260003437562,0.011389245184857217,-0.03717601605702914,0.03127198148917364,-0.10132732581068703
1.9187421922170171,-0.4237020249375618,6.499521682416907,0.007719729589256749,-0.042308117655828384,0.009393664679388559,0.15446145323384597,-0.22497831568922325,-3.5852541766034576,-0.13408924799743582,-0.2737410471319324,1.0855380796696705,-1.2509143261843754,-4.002421162713424,-0.43417727123066835,0.00441899833920029,-0.03799744760240336,0.056562053700130795,-0.18899356586081983
1.185445543984316,-2.7518519558760595,-7.96866949253999,-0.19196587743722546,1.8432388172296015,0.009378291116479946,-0.3246705563044826,0.1083912269608468,-1.5174028127224624,0.03127678640825296,-0.10787869176807263,0.4939831301238115,-0.08335987827194903,7.3280153511434305,0.5749496234896002,0.011389245184857217,-0.04101418939307319,-9.630492792170076,-0.8544550564975029
1.317172095454747,3.2290218200320746,2.7200019379904354,-0.004463907676842204,-0.050651807230679,0.009393664679388559,0.015095770453839849,0.17474148413836949,1.6631887328382118,0.013098141198971841,0.27472931531850375,0.5241882539978426,-1.2771391006506292,10.8425796626872,1.256870296173557,0.006685044117566529,-0.03923662976658962,0.0555684442318477,0.21089493507772689
1.5267905921686404,0.26626438138161546,15.293444414842043,-0.004463907676842204,-0.12859205939412008,0.009393664679388559,-0.003789947409391203,-0.10268428492921891,1.5383502624270946,0.0037333096057891044,0.4656655971611384,-0.02394854597449196,-1.0562989678328607,7.411869673871757,0.5061420033237464,0.006685044117566529,-0.030283711485794007,0.05685711008997344,0.18183972465533105
2.8366747208700187,-1.7452741981911042,-7.293950587739626,0.007719729589256749,-0.057752906377856794,0.009393664679388559,-0.3537519881739607,-0.33143828621241334,-0.6997505582555544,0.023569641516340105,0.5840172195687309,0.2783238845782512,-0.7218860720717789,6.314385530030782,2.125097897819655,0.006685044117566529,-0.03757886463563842,0.05609035621277776,0.19030243557900273
-1.7206615484693113,0.4098705413335416,12.083960284506949,0.0021784006161781,-0.05051753528470423,0.0035468997687203114,-0.12841571416150274,-0.19780379771186993,0.052538197359961854,0.06191979249519324,-1.887290415882941,0.8642460570640382,-0.7377668144161074,8.155404759678557,-0.42304526205947524,0.006685044117566529,-0.036081976440438895,0.03347769086479118,-0.09316788116942082
0.5943011101574769,-0.12704927943566144,0.28992946050273494,-0.003463232212118408,-0.03522817002888027,0.009393664679388559,-0.002997039600528054,-0.5355715422154393,-0.4182047436091601,-0.05573768614087279,0.648262022703664,0.23697690183060827,-0.6713927221823267,8.628914406603771,-0.23457058155744345,0.006685044117566529,-0.03858587831063907,0.038868710574710835,-0.08117376216724834
0.38139187445651196,-1.794834039493779,-7.355828637289686,-0.004629620259312817,-0.19910946172795524,0.009378291116479946,0.11695518896582191,-0.23505281230154054,-1.0784365250638874,-0.10578924461900675,-5.008343333583311,0.07205910267983524,-2.000571067371086,-12.210889590297242,-0.11064935701726945,0.011389245184857217,-0.041063571592514996,0.02965805897143852,-0.05789642539095607
0.8931198606806693,3.765906126923041,-1.7492421333204677,-0.003249944402717946,-0.050698772105820494,0.009393664679388559,0.009595656083532916,0.008129901043448236,-0.3598908095618595,-0.0886463152417647,0.2761713134037322,0.5298909761139884,-0.383917467187173,11.043332037193725,-2.635487970671451,0.006685044117566529,-0.04396489668975398,0.055440099523484235,-0.279311746364742
1.8388592222422273,4.528944674518895,-1.7871339817692578,0.03266764854749163,-0.04449029477143246,0.009393664679388559,0.17477628761959696,-0.9169920996058554,-0.5303593711266626,-0.007364936032423818,0.1432589028711927,0.22557041573893571,0.6449589164169709,5.2080789001208725,-0.057032609688710496,0.00441899833920029,-0.03626687875291272,0.05659705696131527,-0.19171438181946748
1.5993830014611339,-0.3062883080118264,-4.492721356883637,-0.004463907676842204,-0.12859205939412008,0.009393664679388559,-2.7274481662573007,-0.10484641841974858,1.4816623833059297,0.0037333096057891044,0.4656655971611384,-0.08108320858712116,-1.0150773092463472,6.931019782801527,0.5061420033237464,0.006685044117566529,-0.04420374519717663,0.05685711008997344,0.18183972465533105
0.1068854678338503,5.235216417081024,-1.3414342009544602,0.0019651128067776375,-0.03522817002888027,0.003524822163662426,0.20596961274371353,-0.5282124289570281,-0.4016904683829268,-0.2105380745923631,0.8851639127455347,0.3716464293433247,-1.2959335409335344,7.9426490080213386,0.5119155852643389,0.006685044117566529,-0.03802274081983587,0.03392463753660043,0.107001743866554
0.2065676223324075,-3.568336015813164,-10.229288734174725,0.0058948975426403195,-0.06405726593138232,0.009378291116479946,-0.02971727829874749,-0.6517953014374837,-1.5060627848045591,-0.12056812714493598,0.37356925727588297,-0.04241465544045807,-0.8559169792657667,3.3061393888938917,0.1888171005012206,0.011389245184857217,-0.037403105603394514,0.0646863277943295,0.19090498148208085
2.3138170657244785,-0.6518573927152864,-1.6641689840150595,0.03266764854749163,-0.057752906377856794,0.009393664679388559,-0.42445748181809095,-0.05172909560723833,-0.5619012938187563,-0.03279248762940185,1.0288126717105766,-0.22438701820450357,-0.6971888302067278,5.476126344264029,1.109780783125421,0.004203338192126442,-0.035428847677036954,0.05609035621277776,0.17994463977363273
0.7817809672157927,2.369438385375188,-22.18075441042629,0.0058948975426403195,-0.060461314501747944,0.009378291116479946,-0.1485756277373084,-0.18165169520622595,-4.7084218551152475,0.06255974353900876,-0.37131793684053965,0.926664556327638,3.605242054894635,-9.108225687977635,0.23345736834669933,0.011389245184857217,-0.038081242961721586,0.052307521185523766,0.032798761289744766
0.1710076711078031,-1.3685438914608505,-7.935828274700839,0.0007511495326533787,-0.035046933207764,0.0035315262058116985,-0.011906348412458898,-0.2023517201749738,1.400749875475138,0.025265984929803427,0.903823353460358,0.40555349442123967,-1.050520504036919,6.859909625791857,-0.5794390183361565,0.006685044117566529,-0.04010134870839138,0.03352795462109992,-0.04336971804700905
0.888066023583522,0.3399465519240784,4.570212480911387,-0.004416332449912355,-0.289311198824506,0.009393664679388559,-0.6799672646829809,-0.1291963840605184,-1.2122170439994764,0.0705076358409934,-3.099607183143973,0.18858402082720463,-3.8073861242378757,-12.8394846043564,0.2139276610552733,0.006685044117566529,-0.03387238523630835,0.054564667262050615,0.15192288495755743
1.0763420932103556,2.9929176934733173,-15.920484016984211,0.03266764854749163,-0.03815722035899827,0.009393664679388559,-2.5269264846128947,3.5323243235142194,-0.5106764140229887,-0.021902703371524855,-0.1300075634988681,0.3258668888583425,-0.701692118433114,8.62388609222194,0.027140857093398044,0.004203338192126442,-0.033684208380978194,0.05544882637786958,0.18059188160658962
-6.4203068514008885,1.2375662277913164,9.856650364150044,-0.005238170778449219,-0.07212896090623024,0.009378291116479946,0.08383700041111776,-0.16626447935563896,2.636685399152504,0.2028182054121282,-0.3040929706183133,0.32682895505101306,-0.5342021590210807,1.982131766088714,0.23316130363901436,0.011389245184857217,-0.03683539891068403,0.057104275678318,0.29683769357732204
0.593609374398656,-0.029578867957734574,-2.6677757264246313,0.0019651128067776375,-0.03522817002888027,0.009371587074330672,-0.01740646278276585,-0.22225835134971084,-0.5875316919773697,-0.10737330652057339,0.6135240662412778,0.2432608617101156,-0.2922127277115776,8.330873862395094,0.1932727149876119,0.006685044117566529,-0.03835245670489102,0.03732523454856128,0.09083529269402597
0.7817809672157927,2.870228337990393,3.7756463563799056,0.0058948975426403195,-0.060461314501747944,0.009378291116479946,-0.1485756277373084,-0.18165169520622595,-3.7536532527202424,0.06255974353900876,-0.37131793684053965,0.926664556327638,3.605242054894635,-10.271489492858953,0.23345736834669933,0.011389245184857217,-0.038081242961721586,0.0575586189246504,0.032798761289744766
-0.0984425359361125,-2.264328217036649,-2.608839806622997,0.0019651128067776375,-0.05542895055922681,0.0035315262058116985,-0.21307619435749262,-0.4742103083608233,-0.32690588998204423,0.06080101915173874,0.5905956865794566,0.3052326585172139,-1.1069374286159672,6.736610953036229,-0.22161968088587405,0.011389245184857217,-0.037516423772832756,0.03405390691006468,-0.06462708794789503
-4.289127302488946,-3.6967742439463915,-5.200931206599638,0.0007987247595832279,-0.18019426139092873,0.0035315262058116985,3.1003650315053637,2.3173551824234173,-0.547441472060036,0.09157952934097795,-2.764570491591199,1.0729596478231214,-5.094057088956212,-9.80055288153523,-0.11184364267572162,0.011389245184857217,-0.030477205210340502,0.031006563468723228,-0.10005800003326303
0.12638043143835728,-0.9389477217958263,-3.110203416754486,-0.003463232212118408,-0.06087148447575217,0.009378291116479946,0.07625302365669281,-0.09884756458294687,-0.3535966760122569,-0.10976690507941927,0.2492104424319291,0.2513559928379698,-0.2095616911078185,8.267812603035155,-0.21680391316768322,0.011389245184857217,-0.038384432707931515,0.06354062908508758,-0.06539337334035566
0.8096913783762897,-0.6730173131283754,19.1951601301433,0.0058948975426403195,-0.058060119799249146,0.009378291116479946,-0.12188370295005585,-0.142728269296285,-2.1817690984367646,-0.04554071042866242,0.49937783627915505,0.6435241386576309,3.607424890313497,-2.8527536650117304,0.16004035423973936,0.011389245184857217,-0.03772338857932646,0.05650573308137966,0.08297655377680271
0.7354736219455321,0.06404089064588431,2.5995021185437457,-0.004629620259312817,-0.2946744964099355,0.009371587074330672,-0.627783953565858,-0.13659028696329661,-3.0845600901390395,0.2756762186101221,-2.6859942695011685,-0.609743121967819,-3.110630804584749,-11.8983728494609,0.19576853679764525,0.006685044117566529,-0.03552194109705348,0.054358263364683586,0.18255319185969254
1.6223115829170545,-4.090962454662046,0.5550162708172652,0.013558119647608724,-0.23349690918216337,0.009393664679388559,-2.411694803276095,-0.11038155562673974,-3.6128982160868977,0.22918820160016967,-5.918874310391254,-0.45573855364696236,-2.417416346873692,-8.332569451403685,0.3651412829873372,0.004203338192126442,-0.033592435595372755,0.05424663382376715,0.19337407262720985
0.5215288649339231,1.2838306631502647,-3.1911001375354213,0.008016790674530073,-0.19522304885038047,0.009393664679388559,0.7863673414040184,-0.14609512529961682,-1.3825018722271845,1.1973359447609881,-3.316720421905261,-0.10959687980111686,-0.8681305561661542,-12.245251186291608,-0.06802469260098312,0.004203338192126442,-0.03781762111053702,0.035169235398901474,-0.004737773661696002
0.26982728028083364,-5.551222979729711,-25.97627839093501,0.0058948975426403195,-0.06613999101350236,0.009378291116479946,-0.2571689735588129,-0.309006540049761,-0.978640587483506,0.04948482243392457,-0.38349736145471813,0.4521533258043381,-0.8933293173324529,7.768862723784216,0.33152687671420533,0.011389245184857217,-0.03796522718380017,0.06048811589847362,0.11409696828291754
1.542335494026457,-3.3324814508008855,-3.8537933852975694,0.007626416575559702,-0.050651807230679,0.0035468997687203114,0.008890149954991908,-0.3584199654608314,1.4211792427634664,-0.023795592973703313,0.030110401782745398,0.2649248175095786,-0.9221340244818818,6.625509959871108,0.1882269227987916,0.004203338192126442,-0.041402089880359774,0.033563722480291325,-0.08760281457430219
0.8979347693725358,-2.4172557028765627,1.1772031358526098,0.004680934268516061,-0.05403469074114621,0.009378291116479946,-0.00798998064992382,-0.07397621337082136,2.7041882961851043,-0.10303324027376864,0.4606680349774772,0.046174088577673814,-0.9922156832577452,2.0314185616368827,0.389513396511278,0.011389245184857217,-0.03767137336228776,0.05664141216163577,0.10020385190445677
0.7955197615064508,-4.513035919594017,-10.793317612796931,0.0058948975426403195,-0.041417754542833474,0.009371587074330672,0.04730995389500601,-0.6335047439707466,-0.7468708790118098,-0.15395781951640977,-0.2061611388216679,0.6389743013716951,-0.2846701397387794,3.676144241114989,-0.7766531968632419,0.0074330985297026446,-0.03824606102358449,0.056561289102123866,-0.10109863196044311
1.0884496915381368,-0.1405445880499818,-8.666887046736104,0.0021784006161781,-0.04872102135410588,0.0035468997687203114,0.02216112880667865,-0.5125675345931954,-0.3312040149585544,-0.011706066936370017,0.9526446155415121,0.5341644690635984,-0.6889779829228849,4.645210307668611,0.60866494965478,0.006685044117566529,-0.037507260756008944,0.033960405395791836,0.13129588052539395
-0.4308230282319684,-3.4278899792375617,-15.796776164738676,0.0019651128067776375,-0.12053521331586539,0.0035315262058116985,2.290905930258758,-0.9066257190160198,-1.2870245760884316,-0.45176685751699464,-0.629689232599067,-11.486603514457048,-4.555076916865382,-9.928441599963058,-0.08545260003437562,0.011389245184857217,-0.037982955614583945,0.031437639017714174,-1.5056629101758459
-0.7322975919621155,2.3513137454839512,-0.6666651901962455,0.0019651128067776375,-0.0606902476546359,0.0035315262058116985,-0.21307619435749262,-0.45075309743134195,-0.3413053644932324,0.06080101915173874,0.3398910957361574,0.3005830355426625,-1.086208133284819,6.79559706298353,-0.22161968088587405,0.011389245184857217,-0.03714771660185973,0.03594525263728098,-0.05399630391058398
0.4075794446245856,2.912108668906491,7.323942197126506,0.0019651128067776375,-0.033116147331190886,0.003524822163662426,0.14827805941414224,-0.5282124289570281,-0.2680598941414361,-0.04292670997537462,1.386354580431148,-0.10778099917055264,-0.1537137433731697,5.176917090397839,0.5119155852643389,0.006685044117566529,-0.037526584024131844,0.03392463753660043,0.10360669850268067
-3.08613815389579,0.7694150561267792,-6.886239857423614,-0.023037053524559883,-0.0649999000099432,0.0035315262058116985,0.2811860291955363,-0.0965686210551964,-1.414932869455905,0.06396000014815634,0.4602178943168441,1.5625134917680994,2.0107723125164574,-7.584691299707341,0.8058482240174507,0.011389245184857217,-0.04073884417658893,0.03560132050086988,0.019793977489707085
0.24292267558116218,0.021623626146681584,5.883914223679241,0.0019651128067776375,-0.058759461778062766,0.0035315262058116985,0.08881849637983859,-0.47549386273205474,-0.2547543337426353,0.0031169861563813913,1.1075371673344783,-0.11464279022525767,-0.28588387312809327,4.523642916251657,0.2944711548219862,0.011389245184857217,-0.037163456368598094,0.033867215086191164,0.08510128681658521
0.2821572184801094,-1.7092378818149232,-2.33595075330697,0.02712631957441298,-0.050651807230679,0.0035468997687203114,-0.1158803284983393,-0.5025552497700864,0.35791770923774346,-0.1014108136885874,1.1474867092817609,-0.011727460276908753,-1.0697041314641598,7.046903264376691,-0.08954445090843564,0.004203338192126442,-0.037496389703631325,0.03414709721966535,-0.08800535397023045
0.04830910105024007,-6.960460627827738,-4.704141742322863,0.0047285094954459105,-0.1967602451939466,0.009378291116479946,-0.7111258323854662,-0.15332538908379165,-3.8050977101319727,0.09973968114296329,1.9146912595550025,0.9402431176412377,-3.3844052149020887,-12.56243304973141,0.2380284559105365,0.011389245184857217,-0.035353976749399184,0.0667356175436846,0.15763316441704017
-0.6515075222619461,1.0836001512748137,6.184547346008914,-0.004677195486242666,-0.15034570337488512,0.009378291116479946,-0.04087829419005847,-0.07368849343135293,3.8095047667392614,0.01877833986596319,0.3431352800950177,-0.03124830514657221,-0.9976601226093298,5.71750047320449,0.19384401779264362,0.011389245184857217,-0.035789962759425004,0.06495763965157679,0.19265379951243214
-1.0533331734140927,-1.620617539623164,-4.0167664935062914,0.0007987247595832279,-0.1780079628321781,0.003524822163662426,-0.17272798329147845,-0.4758440506395667,-0.7127520414768175,0.11059739961672362,-3.8753675523847244,0.588199960644047,-4.448324145204029,-10.725943579170297,-0.14472183073387113,0.006685044117566529,-0.03531496227830594,0.027590251322822945,-0.061304807095789275
1.7024071998567576,2.055118614454685,7.800020336167972,-0.004677195486242666,-0.14449525670934324,0.009378291116479946,0.10800537629443459,-0.06933325777150963,5.377861578320196,0.08998183577730337,-0.21344693893266864,0.4139506151490835,-0.9453379423118573,4.661289401938656,0.19202611354138852,0.011389245184857217,-0.035774175993061985,0.06495763965157679,0.16284487577215198
1.5170819728330605,2.8056935412524315,5.545088112558694,-0.003249944402717946,-0.12943654153150086,0.009393664679388559,-0.3537519881739607,-0.008059261661774519,-0.6393655155477495,-0.010470211486694431,0.6264758550980454,0.0037923734665623525,-0.82192376607957,8.680125047562315,0.8199438020503031,0.006685044117566529,-0.037325407354926676,0.056585798232726164,0.1925824414548012
0.45792072748066726,-1.2860399473936122,0.29418686122671206,-0.003463232212118408,-0.05542895055922681,0.009378291116479946,-0.28386522995833674,0.09851613846793267,-0.24391537330994828,0.03897253587287828,0.2670646179017956,0.39856375931401067,-0.33051166229774176,9.925101740332588,0.7058076692067378,0.011389245184857217,-0.039627420525611357,0.055374578103175386,0.3482887491442518
2.1122306405431344,-1.1081799029736117,-0.22944375237953762,0.007719729589256749,-0.04449029477143246,0.009393664679388559,0.16219081900273985,-0.6161325010352628,-0.6288967577215413,0.0157673673993511,-0.29003654199643614,0.5847715465320457,-0.13131488309984543,1.6207894320586482,-0.8570898374794167,0.00441899833920029,-0.03785482203907325,0.05659705696131527,-0.20066221589216932
1.1519696915171744,-0.34640563676271885,1.402286454092017,-0.004416332449912355,-0.30518054433580744,0.009393664679388559,-0.9505891309315149,-0.11467185017557216,-2.890025185481023,0.03642513345930397,-3.8186831885995294,-0.37495991933834805,-3.403268625153527,-13.165434860941904,0.285330991152966,0.006685044117566529,-0.03570700516342088,0.05439403122387499,0.2060118743083783
0.047698804039874504,4.454772398488732,11.25501144369575,0.0019651128067776375,-0.05904368507526714,0.0035315262058116985,0.08881849637983859,-0.38857014626082864,-0.09015115681347807,0.0031169861563813913,1.1248160244849392,-0.11315502312482353,-0.28606011035624046,4.378598723615325,0.16210849640056407,0.011389245184857217,-0.036962767245242494,0.03575856081340747,0.1296184205526737
-0.794778415963203,-1.3002729228586585,-5.513138364238994,0.0023902125260358256,-0.20298134485635716,0.009378291116479946,-0.12430738711664001,-0.03159056511119166,7.124340889131169,0.08505045276450764,-2.6705422386293383,0.1812445524687334,-8.028732999094933,-8.594300419434878,0.40756676789824586,0.011389245184857217,-0.0360777219872854,0.038015140900584436,0.11922557575551279
0.7921245569822546,3.1003592989883613,1.4997762946630253,0.0021980715566636577,-0.050651807230679,0.009393664679388559,0.0005779172046445848,-0.26716696851798016,0.759775334114581,-0.13935163698969844,1.1078130096560244,0.007479424447177514,0.5100230183217441,8.29280989942634,0.670139026565075,0.004203338192126442,-0.032889459735469105,0.04357116108211067,-0.0984367045874242
-0.2868504720374503,0.879278947286711,4.646764915631134,-0.004968185259610018,-0.289311198824506,0.009393664679388559,0.2542033520719566,-0.07449487349412477,4.460958413383864,0.049770440253740444,-2.9299502031251814,-0.08065425628908134,-4.174125296966574,-10.140827247306632,0.45772292590778757,0.006685044117566529,-0.03385626809305491,0.05466534308112225,0.16307720056488148
1.5447080643562772,-0.47678959027380635,10.11611290450051,-0.004677195486242666,-0.1340198917628439,0.009378291116479946,-0.04087829419005847,-0.06642175541830257,1.6719761288836121,0.01877833986596319,0.47189877506309374,-0.0055813080095547755,-1.0377347978393845,5.755046990226243,0.3262066762140657,0.011389245184857217,-0.03600098321724967,0.05681204819981141,0.09719592542432116
1.1819167772643882,-1.8969399958511988,4.855425200729281,-0.004677195486242666,-0.05542895055922681,0.009378291116479946,0.08175313802699978,-0.07900550100697416,1.3611466503394314,0.036214239886367385,0.2518321456855134,0.3225290625556203,0.1073698137615719,7.225969413742314,-0.24215216283766125,0.011389245184857217,-0.03426850174552051,0.04347797077250999,-0.0799180259769218
-2.009004735347175,-3.8138646838105243,5.64160919316227,0.021697974555516933,-0.12943654153150086,0.009393664679388559,-0.16060271796377631,0.14756958507678436,-0.22594061097816018,-0.18173179838158632,1.1591298779862174,-0.10535985906092225,-0.9320232572853842,7.83799489919387,-0.5072357292743871,0.004203338192126442,-0.03663652498599568,0.0567564342709018,0.159483295423646
1.1195629817309876,2.412931962212074,-1.645582025329203,-0.003249944402717946,-0.050651807230679,0.009393664679388559,-0.11596387045505306,-0.22549719394721013,-0.42817586382321654,0.013057354955293777,0.38239623325037153,0.3975619663754042,-0.7940513099318269,9.000866379671933,1.4632325468171865,0.006685044117566529,-0.03743503596849846,0.03893214732319407,0.13246275574728425
0.5598753019408013,0.3864736226083008,-3.949261415283282,-0.003249944402717946,-0.05467723628878193,0.009393664679388559,-0.08423134157942477,-0.1783164202292983,-4.427565411747755,0.29904194143318547,0.38259329469528136,0.4072984078431604,3.7670584984076245,-9.957164574397723,-0.18794811806255937,0.004203338192126442,-0.03750025204851365,0.038918945089202815,0.019839244873181637
0.4967976077632938,-2.605297208378338,14.077866460932476,0.0047285094954459105,-0.08885228915375495,0.009371587074330672,-0.6661717567769645,-0.1390842063669866,-3.0432064553376894,0.7882364228600085,-0.9261847625409891,0.8649125824327516,0.7339865154041778,-5.3861806865280375,0.40313229132987566,0.0074330985297026446,-0.03560599479076951,0.05767212572592514,1.0115818376040286
-0.9517848340919731,10.736860936486302,-6.0454656935999385,-0.003630623996489452,-0.05638510465591533,0.009378291116479946,0.005447393112747261,-0.20669085875128423,-5.8192616410361095,0.35555552574779514,0.0690272732896797,-0.03407086786056501,-0.6475739223039548,-10.414441597625103,0.10283301588299748,0.011389245184857217,-0.03850356341025273,0.058268797922013345,-0.6793229100325637
0.6444643540305711,0.16836113424535035,-0.8002749025466924,-0.003463232212118408,-0.03522817002888027,0.009378291116479946,-0.01881007293069884,-0.5295897986328313,-0.386649911730695,-0.1017813822726288,1.1085778994187814,0.3010835795112462,-0.6686914360582839,8.681678875848725,-0.23457058155744345,0.006685044117566529,-0.03854445309986291,0.038868710574710835,-0.050309739460875975
-11.471187471561068,6.2789468832562445,1.6682323387768752,-0.0024666627240391577,-0.052266543841238064,0.009378291116479946,-0.4666050947873805,-0.9082415326737782,-0.5208241026305254,0.19632594452206487,-0.5679457630672646,0.5975496590031133,0.008259816009546807,0.8584489656623139,-0.2910895811073438,0.012137299596993334,-0.039484890631335486,0.060961233311570974,-0.12795362474456307
0.1658736364529258,1.350238657925336,7.187093998837552,-0.004463907676842204,-0.12613963440778186,0.009393664679388559,0.031210921274081625,-0.08323099014612807,6.368102009978664,0.09363001503548048,-0.1475191816266508,0.5009189368172688,5.4506770804544304,-5.805880066250521,0.35453082829921756,0.006685044117566529,-0.03573717968207755,0.056822106828788965,0.14265048923699114
1.1930822466459121,-0.9284945504465312,2.7996444089927093,-0.004677195486242666,-0.1379807860376524,0.009371587074330672,-0.34404642432443494,-0.10900780574618438,7.1438289164540665,0.05271255171438023,0.32223360793722744,-0.21646966763525055,4.088300379141796,-5.8106940118610195,0.2707849939996858,0.006685044117566529,-0.03781790419480826,0.05661570293142193,0.14686979293538918
1.491258425697593,3.516662242140675,-1.1316973075772165,-0.004463907676842204,-0.050651807230679,0.009393664679388559,0.015095770453839849,-0.055156607708469085,1.5713124795171631,0.013098141198971841,0.27472931531850375,0.5241882539978426,-1.2771391006506292,10.273281019816071,1.256870296173557,0.006685044117566529,-0.03923662976658962,0.0555684442318477,0.18074264731854442
2.386044934846709,4.731154202538595,8.956980544419265,0.00918897754614633,-0.04166798653394475,0.009393664679388559,0.18821020796219506,-1.0418646674451426,2.6436544604795276,-0.09172355032549702,0.18232576697703554,0.03594870670421113,-0.3856736607908208,-1.1790153280191233,-0.04655556128482634,0.003524022017197653,-0.03666489336851757,0.056618825293465194,-0.11557949153865973
0.4613991169044916,-0.5847016207610525,12.080331945819193,0.0019651128067776375,-0.05542895055922681,0.0035315262058116985,-0.29631707366478643,-0.9483036611793337,-0.14512772116071146,0.07655457428713917,0.17498330058607314,0.6946708329900493,-0.7011620765404116,9.828576221706241,-0.22161968088587405,0.011389245184857217,-0.03309672905861563,0.03338450055519051,-0.06971151564041253
-0.3567104321876791,-3.255512966547055,-0.9995995111308887,0.0007511495326533787,-0.06471567671273883,0.009378291116479946,0.0031072706210562187,-0.1321424182416777,8.634014377182373,0.04123027289513011,0.3250191891924605,0.3033783831632218,4.58677161721341,-5.789667556103012,-0.18064821229535546,0.011389245184857217,-0.0385647943976872,0.05013477452945235,-0.045097784688726966
1.8332167459151083,-0.6816447883031149,8.902623852244654,-0.004677195486242666,-0.15034570337488512,0.009378291116479946,0.10800537629443459,-0.06933325777150963,5.278171852959277,0.03869810739884711,0.3589644604122032,0.4144096953118817,-1.0015600153646702,4.930456936842295,0.19202611354138852,0.011389245184857217,-0.03578392656291699,0.06495763965157679,0.16284487577215198
1.0127309359636778,0.5595283224753177,1.09454000357446,-0.003249944402717946,-0.03401355060377803,0.009393664679388559,0.005120328758341435,2.8940260755101446,-0.31142827646929644,-0.49877709893304106,0.4613858507174981,0.6180404513816895,-0.9181968315330332,9.203263174878447,-0.3110816524909601,0.004203338192126442,-0.034613562740504006,0.0390115057412465,-0.1146389662959518
0.09227458232341332,-1.0591491545318068,-5.712381152990084,0.0019651128067776375,-0.03529270481217467,0.0035315262058116985,0.14651004970940987,-0.41743212071041247,-0.3697248766875341,-0.16449437846060705,0.5293451037916018,0.3694342612631711,-1.293875626949235,7.670616274392949,0.2944711548219862,0.011389245184857217,-0.038012190541303545,0.0339153435056298,0.04761962800197452
1.460011440760617,-1.020180653896593,6.744761305435033,-0.004677195486242666,-0.1340198917628439,0.009378291116479946,-0.00798998064992382,-0.07397621337082136,1.6516823500398061,0.015485755674568108,0.47189877506309374,-0.16144790287296765,-0.9965131392528714,6.011859855755712,0.3262066762140657,0.011389245184857217,-0.03767137336228776,0.05664141216163577,0.10020385190445677
0.5533479372677732,3.5512603628711195,-8.00758757895854,-0.005181473069010482,-0.20298134485635716,0.009378291116479946,0.09281095344323806,-0.0803992257873922,7.229952937461836,0.08505045276450764,-4.894816632893552,0.1538237754544065,-4.2903003242365205,-9.352806059727957,0.40756676789824586,0.011389245184857217,-0.04074619158395504,0.037980123551005995,0.09767879995299152
0.6275898572581363,8.962653119396972,5.451789715324789,-0.004677195486242666,-0.06097447095184027,0.009378291116479946,0.1663930873520954,-0.0465358851519587,4.962208137178175,0.036214239886367385,0.235793141441038,0.2784261997246943,0.20723150398289011,7.209219938795739,-0.14926943279265759,0.011389245184857217,-0.032256774964229136,0.05183480431394711,-0.11425354890252662
-1.8587426317432174,20.81321091543668,1.7542292243712614,-0.30497116994197915,0.6269782805164382,0.009378291116479946,0.30377122581729465,-6.4120672491310575,-1.6481994863113234,0.0397322879647981,0.1777147051723881,0.4140784959466803,-0.2339055826868667,4.772954269870301,0.2771878842485647,0.012733388670896285,-0.029487790932844662,-4.977668447650064,0.36155619103426717
1.1195629817309876,2.412931962212074,-1.645582025329203,-0.003249944402717946,-0.050651807230679,0.009393664679388559,-0.11596387045505306,-0.22549719394721013,-0.42817586382321654,0.013057354955293777,0.38239623325037153,0.3975619663754042,-0.7940513099318269,9.000866379671933,1.4632325468171865,0.006685044117566529,-0.03743503596849846,0.03893214732319407,0.13246275574728425
1.8388592222422273,4.528944674518895,-1.7871339817692578,0.03266764854749163,-0.04449029477143246,0.009393664679388559,0.17477628761959696,-0.9169920996058554,-0.5303593711266626,-0.007364936032423818,0.1432589028711927,0.22557041573893571,0.6449589164169709,5.2080789001208725,-0.057032609688710496,0.00441899833920029,-0.03626687875291272,0.05659705696131527,-0.19171438181946748
-1.9098110081438444,0.6502356382182867,16.160494320642087,0.0007987247595832279,-0.17344260469450246,0.003524822163662426,0.10403796819684255,1.9228708892372335,-0.6112696289535352,0.09157952934097793,-1.7922715170570673,1.2050978602226203,-2.611168836956602,-12.268751577350159,-0.1458035910505489,0.006685044117566529,-0.031337334544407694,0.032340629027790224,-0.10923790014320116
-3.065994060849007,1.7124928512138595,16.800887805052984,0.0007511495326533787,-0.0649999000099432,0.0035315262058116985,0.0031072706210562187,-0.07094743704206015,12.735659377981458,0.11114051660084788,0.2970118461191566,0.5335830953755342,6.127616555516039,-4.899324879042736,-0.1732032310888923,0.011389245184857217,-0.03112124195515379,0.03532687463672248,-0.07943330761433184
0.1658736364529258,1.350238657925336,7.187093998837552,-0.004463907676842204,-0.12613963440778186,0.009393664679388559,0.031210921274081625,-0.08323099014612807,6.368102009978664,0.09363001503548048,-0.1475191816266508,0.5009189368172688,5.4506770804544304,-5.805880066250521,0.35453082829921756,0.006685044117566529,-0.03573717968207755,0.056822106828788965,0.14265048923699114
1.4085522542357136,5.239430269816189,7.262687574264911,0.00655334154206234,-0.1908288822950113,0.009393664679388559,-0.8794409271276684,-0.18811516213248486,-3.5811183069135377,0.0738245002253788,1.5844915951468788,1.0443191291327742,-3.7161861445605417,-15.302082518444221,0.6771605707923413,0.006685044117566529,-0.03579105885713691,0.05863508798208124,0.1558340818213203
4.971271554566376,-0.2511838756909246,-1.6834183053209397,0.00660498882606711,-0.040143612230988626,0.009393664679388559,0.13682774158259214,0.9846100410145814,-0.8516235569884849,-0.08477890815920536,0.1872715908923696,0.3849273792681695,-1.100385887712159,10.892492362993055,-0.9270089495652555,0.0035834411414687375,-0.035041300150938835,0.05710766798285356,-0.12228631036172173
-1.765964048512025,-4.221146715289641,-7.5954074501593265,0.0019651128067776375,-0.05904368507526714,0.0035315262058116985,0.08881849637983859,-0.38857014626082864,-1.5909214613860088,0.0031169861563813913,0.6792562975887129,-0.2556079110563575,0.22783299211260352,4.606967248198959,0.16210849640056407,0.011389245184857217,-0.03842522458287536,0.03575856081340747,0.1296184205526737
1.1778815186438876,-0.2817979941556186,5.686076519800779,-0.004677195486242666,-0.035046933207764,0.009393664679388559,0.0025030747697788866,-0.11734114954409798,1.6457333556168492,0.036214239886367385,0.24681050834731635,0.2587141797001158,0.05221611729006349,7.03622609195776,-0.34294795761983404,0.006685044117566529,-0.03425672596618314,0.043535393222919265,-0.08506763076650345
0.7676534965969238,-0.08182902041644909,4.131221194882867,-0.003463232212118408,-0.1379807860376524,0.009371587074330672,0.14698594311302823,-0.16370931631257793,-3.436367259406968,0.04933334341820181,0.4284468372474999,-0.5815475971967393,3.2020273260254597,-8.938031456429117,0.16052100303142922,0.006685044117566529,-0.03778705163475624,0.05651502711235029,0.14235866964138227
1.515717611602412,0.18011036738209715,30.133871067504042,0.0058948975426403195,-0.00445683439423403,0.009371587074330672,0.02702159323964378,5.161556431402424,-0.6928532816831166,0.12049685070640906,-0.07823627919064916,0.3896098463273005,-0.12655266223970588,7.557991338502794,1.1622733146952362,0.0074330985297026446,-0.033183294584248395,0.05676125583872171,5.745192007975333
-1.7901933465787554,0.4711545395259608,1.2083245945448133,0.021697974555516933,-0.12943654153150086,0.009393664679388559,-0.3758329055998928,-0.335395668632665,-0.4392359329094392,-0.4211419804527149,1.2869910664884108,-0.4518672530439749,-1.1022952318806423,7.811141163328809,-0.7078895460083774,0.004203338192126442,-0.03778236846612197,0.056585798232726164,0.1822246456494312
-0.08930415353707856,-1.3188367085550483,7.290194563562827,0.0058948975426403195,-0.03820997466164017,0.009371587074330672,-0.3400728701012198,1.8945949382490497,-0.6928532816831166,0.06257869929623873,0.02141031694928679,0.5424806670107565,-0.5582541719819466,6.071730720709526,1.1622733146952362,0.0074330985297026446,-0.03502371186460359,0.06009835018890242,1.5220699409348273
-1.9594254332556402,5.589299811376319,-2.8243960970503696,0.0002468719498855635,-0.20298134485635716,0.0035315262058116985,0.09735068114687276,-0.013090207639664904,4.305706650746668,0.09840260417394371,-0.4970998039032782,0.7630687769461564,-5.151172589754528,-7.918283168826831,-0.28731179908955956,0.011389245184857217,-0.03370150817504566,0.03317011088905576,-0.09267536186337551
1.014811058591615,0.6509517566421064,2.0652119104102935,0.0021784006161781,-0.050651807230679,0.0035468997687203114,-0.12841571416150274,-0.042213089489309796,-0.32212541841496123,0.09466848560604428,0.05511933026174936,0.9084650779063427,-0.7208431232467081,6.5330745250197,-0.10125282081409687,0.004203338192126442,-0.03633695828265845,0.03347769086479118,-0.09316788116942082
1.065540485888517,-2.0182573760610243,-6.705874274735452,-0.004677195486242666,-0.03913689704916134,0.009378291116479946,0.0017036604731232251,-0.06923570142170919,14.264108164228707,0.07513756915819034,0.2340214871149143,0.38938309988512315,5.682525812339266,-6.197102432828004,0.6312690930535932,0.011389245184857217,-0.039733627878172396,0.05548837908050119,0.026844570036803003
-0.5210836310595532,0.7039490123927828,2.924072622780693,0.0019651128067776375,-0.06492868922946114,0.009378291116479946,0.003259865437522057,-0.9784179166107279,-1.9045240369545575,-0.10632381845110493,0.2514845718755867,0.3840245821184153,2.1335469572342274,-7.843899253739427,-0.08425831437592346,0.011389245184857217,-0.03411862604599375,0.05332639823142506,0.08172400911823968
-0.19679927773324285,-4.186014810840279,0.492057280803022,0.00478015677945068,-0.04776990994956462,0.009378291116479946,0.25496533719032033,-0.7332819629936658,-0.8045230108381244,-0.10589949799685991,0.07721880324177517,0.4826650551171413,-0.40696955001810425,8.23562687717978,-0.26155822269432616,0.009032919879575376,-0.03819356014591375,0.06455763177991203,-0.09882994483271342
1.118488273102304,2.3644591221653224,9.009311723841055,-0.5627035568398319,2.600723108442094,0.009393664679388559,-0.24802290971296542,0.7246904157915137,-0.36923830604580404,0.39704702542291276,0.44821548012172013,0.04782797887991299,-0.053098914719730744,7.709648053296365,0.3129576065495096,-0.6369955613331552,-0.034038289632327925,0.0567564342709018,-0.09906408426403696
-2.07269689069077,5.214764914723022,-9.384698394558354,-0.02420344157175429,-0.20298134485635716,0.0035315262058116985,-1.5234635242569392,-0.131893144071515,-0.20246897962876093,0.10721165123518306,-2.5554392535135992,0.9023112059693268,-6.962772085602828,-10.058932377230139,0.42972016187718265,0.011389245184857217,-0.03516562873372794,0.031309483557511564,-0.11900525074891957
-0.25771805949384463,2.0015904410202876,-11.537750959549996,0.0019651128067776375,-0.0367442094585265,0.003524822163662426,0.13742634654955652,-0.5078886226002223,-3.022554728498067,-0.098331549321272,1.1456434850981827,-0.5644813915094123,-5.053125566081172,-12.690829827336781,0.15159847858029407,0.006685044117566529,-0.0388834711008324,0.03388963427541595,0.023422031502279332
-2.827331576493598,-0.2708823228613416,-29.42010066201166,0.007719729589256749,-0.05934814969603103,0.009393664679388559,0.1587146932066444,-0.273027864508374,-4.035274818626329,-0.14706965989763615,-0.16365134108072762,0.9569336997225882,0.22153289909606044,-3.9386774008763554,-0.5088028856750691,0.004328718812284688,-0.04073514764788745,0.05151696389088217,-0.11061766033037228
-3.4085369872570013,8.831243092016429,7.925410333340431,-0.0039792515194733424,-0.15034570337488512,0.009378291116479946,-0.06028920913791125,0.014612992632458733,3.0315844421983074,0.04988795381766529,0.3765347852086337,0.4542604062727181,-1.0009875254917575,6.739867655174601,-0.15167030951954863,0.011389245184857217,-0.034565476287803945,0.06406724287191909,-0.11917023005446138
-0.7053465633539229,-3.83565580542496,-3.7935625863273628,0.0028944901088036414,-0.06097447095184027,0.009378291116479946,-0.13396159238494532,-0.4450375425866435,2.5187733828729044,0.012769040744243672,0.6261749161123579,0.24615221522762593,-1.048564119293661,6.2986005199952775,0.1736005916688411,0.011389245184857217,-0.03892054965224154,0.047168370053447525,0.15910624061511922
2.7602792455967773,-2.592640886125841,-7.13712227941504,0.007719729589256749,-0.05690842424047604,0.009393664679388559,-0.3537519881739607,-0.3425877244631429,-0.7181508705914216,0.0344397921737505,0.4519653660201042,0.08044048724824221,-0.679989481357119,5.758302345103825,1.7836024993491537,0.006685044117566529,-0.03799536951257312,0.05609035621277776,0.19030243557900273
-0.22874351866334766,-6.461713364847739,12.519672309459342,-0.003463232212118408,-0.1512512156013217,0.009378291116479946,0.01785673146869208,-0.07790671598365258,-0.5164250329432408,0.018737553622285127,0.4939057053489709,-0.0838903070589685,-0.9500771347229706,8.470158644042373,0.16615041804869726,0.011389245184857217,-0.03021745965773983,0.06485696383250515,0.11942270251624662
-1.765964048512025,-4.221146715289641,-7.5954074501593265,0.0019651128067776375,-0.05904368507526714,0.0035315262058116985,0.08881849637983859,-0.38857014626082864,-1.5909214613860088,0.0031169861563813913,0.6792562975887129,-0.2556079110563575,0.22783299211260352,4.606967248198959,0.16210849640056407,0.011389245184857217,-0.03842522458287536,0.03575856081340747,0.1296184205526737
1.121354093721777,-2.232038331225582,-2.9831788840724607,-0.004677195486242666,-0.05542895055922681,0.009378291116479946,0.08175313802699978,-0.12280849516676272,1.4297609354214544,0.039013322116556344,0.24090620848202146,0.24186401091904836,-0.5431784224432219,6.8676400092789525,0.3243887719628107,0.011389245184857217,-0.03833716393596124,0.055475253922247024,0.10065086452083948
0.6323736728806669,7.638635608765048,7.4344367980082,0.03266764854749163,-0.058219909042134255,0.009393664679388559,-0.01966182507200789,-0.6388492452812226,-0.34431908826482643,-0.011677094409241,0.18920987863149477,0.13759052891693713,-1.242014848021462,9.802865780986469,0.003631122574188358,0.004203338192126442,-0.03655286446007382,0.0576386840759969,0.16683290097076714
1.9525688866321715,0.43986787396857235,9.206044609881664,-0.004677195486242666,-0.1380453208209468,0.009378291116479946,-0.01139126751260345,-0.06274736013391065,6.780300305365189,0.04006693339862901,0.48384788904675574,-0.03128668090067546,4.236055951784846,-4.899910415777071,0.22603491447882035,0.011389245184857217,-0.036139518517589904,0.05677704493862693,0.07532407891644012
2.714547741134098,-1.8016750963346078,17.525924434763468,0.0007511495326533787,-0.03913689704916134,0.0035315262058116985,0.0031072706210562187,-0.07041094403892739,11.330699012813222,0.11880353149159545,0.23000595864141504,0.4764534355136886,5.583233611428407,-6.039212455738719,0.2410829749991884,0.011389245184857217,-0.02723799611211314,0.033456140887340884,-0.11943428240755698
0.49025021391657064,-5.5030882461478345,-1.6592836832137658,0.008016790674530073,-0.19450356730606616,0.0035468997687203114,-1.7508910975585257,-0.45751692687116186,-0.38339752103364816,-0.08501803185749368,-3.0412134537236284,0.5117145736819066,-2.385116425529926,-9.4173221819082,-0.09332026332814095,0.004203338192126442,-0.035795116743552034,0.03087374807124588,-0.10100140847722952
1.1848650847608242,2.4839918319261405,5.599608841851327,-0.004463907676842204,-0.050651807230679,0.009393664679388559,0.015095770453839849,-0.055156607708469085,1.3343271995171908,0.013098141198971841,0.27666898865435574,0.41408667983763714,-0.20299029157341977,9.30154563422761,0.2519576387042869,0.006685044117566529,-0.03451581368553406,0.043564004258488935,0.14684545822964823
1.03414032496525,-0.26893176174151245,5.090769126291183,-0.003463232212118408,-0.1432840549434436,0.009378291116479946,-0.12188370295005585,-0.1566769518260398,-3.585552770985424,0.0333951409110555,0.503675460175333,-0.5969325170622801,2.7747257479226928,-8.849977834025722,0.11577092351056373,0.011389245184857217,-0.037786196884487984,0.05645760466194102,0.12385325795528677
-0.08558137543842863,-5.010715655147473,-2.1270360351297337,-0.003463232212118408,-0.061118303853402785,0.009378291116479946,-0.28386522995833674,-0.22657815431250317,-0.6419057911193259,0.03897253587287828,0.343494916523397,0.17853795783120496,-0.8996208636440856,7.91259269000794,0.2933853948503213,0.011389245184857217,-0.03777279221349753,0.04703267688479744,0.06936902725406473
-13.250545094747192,19.122125409042226,15.276735594437037,-0.0036330507712335675,-0.09215814134397723,0.009378291116479946,0.17048022303812937,-0.22783661491605892,-3.410163453541484,-0.8920190001618404,1.9555251090836625,0.946933181507309,2.9010154542368984,-0.6990449157599179,-0.19280361859264342,0.012137299596993334,-0.036334760974371084,0.06378299091976178,0.31087253896921974
4.972979707716129,1.029880378504319,-6.850293400134031,0.00660498882606711,-0.025882426761205987,0.009393664679388559,0.13235241425740069,-3.679577138352135,-0.8365285830632173,0.006125151066730507,0.32689204536128064,0.3476233835932273,-1.1588872424075367,11.132677139868925,1.3021395874553252,0.0035834411414687375,-0.03619070114120943,0.057197486262102026,0.20980031815522318
-5.631334437647118,10.173225715655489,7.950089532424623,0.0013458470439213256,-0.05920190237339691,0.0035315262058116985,0.06656519324812138,-0.4625457395966708,-0.3443364690941806,-0.5810268810818268,0.06752200657350267,0.34999069041768904,-0.7012260762893653,5.953466208141592,0.21121295983721908,0.011389245184857217,-0.03749863781524332,0.04943460438562418,0.11208938351734495
0.1637516052954367,-0.6101535016687316,0.10732834309067604,0.0019651128067776375,-0.03934990956588366,0.0035315262058116985,0.26029641628442646,-0.3971083143536066,-1.7950175672067907,-0.19579067459057148,0.5203498014253806,0.6176971354098287,6.285856025511056,-6.133210977938974,0.09709311445271268,0.011389245184857217,-0.038118701417436146,0.03388034024444532,-0.03256503899842688
0.44913729195124835,-0.3699415366846788,-3.773050594457051,-0.003463232212118408,-0.05966739213405206,0.009378291116479946,0.0018562552895890635,-0.153994183486855,-4.518131533823006,-0.16035303738965143,0.3305951365803108,0.10132406109601837,2.7919740089556555,-10.0170850215818,-0.11932210245088541,0.011389245184857217,-0.0379673472544308,0.03877628486311709,0.06025933506780659
0.3979508220623838,-5.302115474612273,6.329607343861047,-0.004677195486242666,-0.14463908961090577,0.009378291116479946,0.10800537629443459,-0.06933325777150963,2.3530838517021198,0.08998183577730337,-0.19892205617148767,0.41043884980169254,-1.0922659667243348,4.7172747057696665,0.19202611354138852,0.011389245184857217,-0.03597844319107252,0.06495763965157679,0.10142860725165269
0.8474908969985572,5.626084269394844,6.059502175479249,0.0058948975426403195,-0.06570004862424465,0.009378291116479946,-0.1485756277373084,-0.21467309567041443,-3.9348043559940877,0.06255974353900876,-0.3737276066283561,0.926664556327638,3.6729858347097295,-10.242563870394026,0.23345736834669933,0.011389245184857217,-0.0380882604683624,0.05751049050521175,0.07367546546822876
-0.8653205157978477,-6.44606764034027,-0.4054795615968155,0.00478015677945068,-0.049540202817828234,0.009378291116479946,0.25496533719032033,0.0067095595407155526,-1.4022617795316081,-0.13095904032255518,0.061001572193910926,0.4837408869705848,-0.264124804362299,7.465313391737901,-0.16867549264932255,0.009032919879575376,-0.03799532818372328,0.06455763177991203,-0.13316546775831828
0.2500759074067871,-0.9982117611771263,1.0362980671059034,0.0047285094954459105,-0.22597334293375226,0.009378291116479946,0.29343740287969095,-0.1245617207123532,-2.9482360913385883,-0.08404909522292069,-2.983059844829451,-0.07393059096491063,-2.935962445128282,-10.087571366253476,-0.15625579066993614,0.011389245184857217,-0.03558453012316664,0.05427317202498248,-0.11781966634557406
-4.207741252724839,-4.694140038766636,11.61346120952406,0.0019651128067776375,-0.03704930497501666,0.0035315262058116985,0.08008992908184867,2.0695187701575337,-0.2868982499813745,0.0550390155121581,0.2158527915609133,0.6530899212646049,-0.7744819526979028,8.666517680448782,-0.22389499916476693,0.011389245184857217,-0.033539980075581524,0.03636631931344847,-0.09478174387131134
0.3979508220623838,-5.302115474612273,6.329607343861047,-0.004677195486242666,-0.14463908961090577,0.009378291116479946,0.10800537629443459,-0.06933325777150963,2.3530838517021198,0.08998183577730337,-0.19892205617148767,0.41043884980169254,-1.0922659667243348,4.7172747057696665,0.19202611354138852,0.011389245184857217,-0.03597844319107252,0.06495763965157679,0.10142860725165269
0.6943427362159967,0.7257764368526001,-8.512638192136833,0.0021784006161781,-0.05051753528470423,0.0035468997687203114,-0.12841571416150274,-0.19780379771186993,-0.31437309371315697,0.02049318281324762,0.04633197735295597,0.9084650779063427,-0.7377668144161074,6.958044776922185,-0.42304526205947524,0.006685044117566529,-0.04292140770214387,0.03347769086479118,-0.09316788116942082
-1.1649239803763312,-0.5886806574132474,-7.140131346046577,0.0007511495326533787,-0.06471567671273883,0.0035315262058116985,0.0031072706210562187,-0.07264765936067653,9.282028708416721,0.11114051660084788,0.31395651771625477,0.7624958594839881,5.996688259240811,-4.250480009518841,-0.19472978627701704,0.011389245184857217,-0.03967894026829881,0.03532687463672248,-0.03446700065141593
0.16603135967674248,4.286820044853859,-4.7001497537527275,-0.005181473069010482,-0.20298134485635716,0.009378291116479946,0.09281095344323806,-0.03803760749472821,5.559323996099006,0.07738743787376011,-2.032972194286202,0.2560409033242528,-0.3227515422208214,-10.53317752877264,-0.2622851272475369,0.011389245184857217,-0.03772199852616322,0.04947992363486282,-0.10350925187649752
0.7152423518501817,-0.024728496477247165,-6.99613581009583,0.0021784006161781,-0.050698772105820494,0.0035468997687203114,0.16668784193343913,-0.523716972843925,-0.4137247089088522,-0.16068551004030981,0.5231119258896464,0.4039372060957283,-1.3926853464747875,7.920345817417676,0.530074709521967,0.006685044117566529,-0.039104877337332374,0.033960405395791836,0.13469092588926726
0.6016843795502763,2.6954561266011514,-2.0434455829488174,0.0019651128067776375,-0.03522817002888027,0.003524822163662426,0.14402481944134382,-0.34197045997722536,-0.3349948359776184,-0.20329984561928358,0.46612502660541705,0.3758822963430675,-0.9894379657672728,7.19034646023542,0.5119155852643389,0.006685044117566529,-0.036613735570294244,0.0323243067612269,0.12357157904574909
0.9754098286393074,0.40558916101582737,-0.9216600912339438,0.0007511495326533787,-0.03907236226586694,0.0035315262058116985,0.13302051176029225,-0.12081400260002076,7.407746326294651,0.081357505427683,0.4312543036947226,0.6704535876194102,6.062850443827261,-3.940444535551587,-0.2147206860119571,0.006685044117566529,-0.038343871438374706,0.033492951359915445,-0.019383366771936264
1.597193053483162,3.1658821088385443,7.793889059778992,-0.023037053524559883,-0.0649999000099432,0.0035315262058116985,0.3644269085028301,-0.3446252817650423,-0.9829044456932668,0.08740639066177626,0.6835980590900046,0.5350987275707969,5.10054361657272,-4.953303739746888,0.8058482240174507,0.011389245184857217,-0.03675442168555911,0.036270726855744055,-0.0877297556888801
-1.4159135163637144,0.3707872992447005,9.098019553307408,0.0058948975426403195,-0.0498001434284296,0.009378291116479946,0.07543261596834434,-0.22551941972002973,-3.440394463878765,-0.16609537210412725,-0.21938426037899542,1.058140907466319,0.06283415982659482,-5.114682188375721,-0.1911006311113965,0.012137299596993334,-0.0377832925146676,0.06466258326173413,0.17626415876090093
-2.0556886119026894,8.92805835048145,-1.2163122616886561,0.0013458470439213256,-0.05920190237339691,0.009378291116479946,0.05965657064570705,-0.23396120166697806,-1.2537752014192425,-0.4778621130100369,-0.018336915763292657,0.10972054570902903,-0.022596259839416027,7.265330843458822,0.15122098529862701,0.011389245184857217,-0.038586377536966594,0.05641352092442367,0.09592293234481694
1.1232427612641012,-1.751571581959276,-9.010184159078229,0.0009644373420538415,-0.050651807230679,0.0035468997687203114,0.023408003204187178,-0.1803379506252921,1.3637003218578285,-0.16401653911997588,0.038136996062885765,0.8150302875050363,-1.3293137576993999,6.281253890686972,-0.12660107048407493,0.004203338192126442,-0.04286627152335566,0.033563722480291325,-0.09254050149280807
1.194489296581464,0.3301670983924645,4.971160621549895,-0.004677195486242666,-0.035046933207764,0.009378291116479946,-0.013309958560391896,-0.1113594059614899,1.5321820263023724,0.05215244239351369,0.1936447451993469,0.32282085738075367,0.15489214898943116,7.442681946705375,-0.34294795761983404,0.006685044117566529,-0.034284435237165255,0.043535393222919265,-0.054203608060131074
0.6478758392118956,-2.204063852943232,-2.756253327040976,0.0047285094954459105,-0.2146892953882377,0.009371587074330672,-0.627783953565858,-0.19451129136036954,-3.3554385401754523,0.31307558537619684,-3.478937750063696,-0.1342324711920911,-2.320347956739369,-8.23306512308623,0.5033123968620422,0.006685044117566529,-0.03555738848760682,0.05421086596457574,0.18027318598389408
0.04121032622317556,-0.24166337673646135,13.41787284513807,-0.5627035568398319,2.8865367188887805,0.009393664679388559,-0.016608039189255963,0.9945115091504824,-0.2077504871203119,-0.67587051997617,0.5043551800242391,0.01075029765088096,0.36836197008517624,8.457839773814724,-0.42973824809207034,-0.6369955613331552,-0.026850240031808963,0.056813991661760994,-0.12404482488819898
-4.24848773395495,-4.113119453377217,0.6756929923339495,-0.0006092796186042112,-0.05250934607784102,0.009378291116479946,-0.4026708624799602,-0.2078177094478139,-2.4287214900174763,-0.19810718396899957,-0.23205283680164418,1.0483282556518883,-2.0540438173467934,-2.5291728388271513,0.33089272628743677,0.012137299596993334,-0.038683913413566424,0.06372369716622517,-1.045977277797095
6.55477051999123,-2.347702217042899,22.69699911211116,0.02712631957441298,-0.03401355060377803,0.0035468997687203114,0.04780680055822755,2.3434818992424122,0.3598263665555259,-0.11455410064561974,0.3544830006219818,0.4276357301001212,-0.7519542195320412,8.32619726007538,-0.09181976918732848,0.004203338192126442,-0.03353690936921362,0.040703854877326785,-0.11330042248181375
0.9954508029117867,0.5601496462299502,-11.166904741712575,0.02712631957441298,-0.052349083481441495,0.0035468997687203114,-0.6330466527273023,-0.20799935074310646,-3.494158872549329,-0.4555089423541312,1.2161170298088788,-0.48174907029508,-5.376386663748253,-14.926414462391486,-0.037315616790246746,0.004203338192126442,-0.03939006437415731,0.03392540213460735,0.051020807429389435
1.063568428660262,-2.4244720908262622,9.426065193768737,0.0021980715566636577,-0.09026414305866197,0.009393664679388559,0.05104710127486826,0.022295954487354608,0.3444069829389658,0.3985005751091342,0.5292374387351396,0.022678639971090493,-0.881108350514777,6.838152156362791,-0.23919735214713284,0.004203338192126442,-0.03570716557578761,0.056864266913595175,-0.0984367045874242
0.6697798851961797,2.5175203503189754,8.186678402687026,-0.004677195486242666,-0.0649999000099432,0.009378291116479946,0.0017036604731232251,-0.10342747292218282,17.216593752478424,0.06747455426744277,0.38556414236936926,0.28707484018412477,8.631650689318125,-0.5256200453165736,-0.1941854451821928,0.011389245184857217,-0.036070823087959954,0.047105506266306336,-0.08393618740299738
-0.2715305631711868,25.01324938722819,-10.571231186638592,-0.11127162480431214,4.545978386919362,0.009378291116479946,-0.21256290804458547,0.05643255773960258,-0.7061495013097128,0.6781810739341965,1.8222947011200505,0.3748261836748242,5.05126499331101,-5.199770336922895,0.9212322366769935,0.011389245184857217,-0.03850516899375126,-5.479682497204948,-0.8152023389636229
-0.7878686986768264,-4.944995715975502,-9.859904321560537,0.0019651128067776375,-0.035046933207764,0.0035468997687203114,-0.4816195662757847,-0.5228609995770425,-0.4215533279045981,0.026324684631184612,0.5898513354270908,0.29501550953827993,-1.464456178257842,9.65314876278689,-0.35709995425734,0.006685044117566529,-0.03913648279647051,0.0340162680982609,-0.06977669273747669
0.6405797884198229,0.8092452209830855,-0.6598637222563396,0.0010120125689836907,-0.19347856490911827,0.0035468997687203114,-0.28978542521394607,-0.47029190004370724,-0.5340882371628727,0.06339026751106609,-0.2520398537477696,1.1471237959457457,-3.0125327941203177,-9.363922046383617,-0.17965424767820298,0.006685044117566529,-0.035795116743552034,0.03087374807124588,-0.1059390953957354
0.09227458232341332,-1.0591491545318068,-5.712381152990084,0.0019651128067776375,-0.03529270481217467,0.0035315262058116985,0.14651004970940987,-0.41743212071041247,-0.3697248766875341,-0.16449437846060705,0.5293451037916018,0.3694342612631711,-1.293875626949235,7.670616274392949,0.2944711548219862,0.011389245184857217,-0.038012190541303545,0.0339153435056298,0.04761962800197452
1.2009002513983886,1.4996522737419113,5.303554853030027,-0.003249944402717946,-0.1334619705896038,0.009393664679388559,-0.39031897371324004,-0.14413918137406875,-3.3448957400507666,0.015754726636566782,0.632456249444022,-0.34863310987107343,3.569260584606157,-9.910732596489655,0.2500834573867499,0.006685044117566529,-0.03738646783691865,0.056550794971541696,0.17004785166409553
-1.269747987786903,-4.819854717469427,0.7982179393548257,-0.004463907676842204,-0.13526444028751075,0.009393664679388559,0.03614774982577305,0.23257400983576743,2.0810863971354343,-0.47955821429647444,-0.37423554633200434,-8.459732938986749,-2.12098095098882,-13.53156160666468,-0.271321570609465,0.006685044117566529,-0.03223516353830083,0.043701815349466704,-0.7729848868070112
1.0027284921056445,-3.4726546696550233,6.778051332512901,0.02712631957441298,-0.05083304405179526,0.0035468997687203114,2.469098161646697,-0.1334885957556734,-0.699098986113952,-0.14142706800118854,0.9348353903372312,0.1804220762119255,-1.333506066538174,9.54852148023469,-0.11297934583464343,0.004203338192126442,-0.03826208096691142,0.033960405395791836,0.13120547442979083
0.5382541178788416,4.828806909228745,-5.6320404249282445,-0.003463232212118408,-0.06115570777295653,0.009378291116479946,0.16089297298178845,-0.05284929721155065,-1.1273605839453753,-0.10976690507941927,0.23854807793202487,0.2607437285513805,-0.17379466223171064,8.241708363117446,-0.12392118312267948,0.011389245184857217,-0.04023064585238019,0.048113562805824454,-0.11035968030327153
0.9578858068042625,-0.4820303145946863,-6.929821727808233,-0.005181473069010482,-0.1780079628321781,0.009371587074330672,0.0771059456885352,-0.11286631765261167,4.891614498704311,0.0773874378737601,-2.8973788928946345,0.37707487439079135,-8.565875135482672,-7.494806098479192,-0.4255737938333253,0.006685044117566529,-0.038202189708079516,0.029850982953832983,-0.0787620985125874
-0.55690177674604,-3.9587566739082316,-3.099984918580572,0.007626416575559702,-0.05467723628878193,0.009393664679388559,0.010710457789618297,-0.120149559332743,6.1546674112777255,-0.001071468707206633,0.3974394504410775,0.029359180621850327,6.552394044992958,-6.388028805942434,-0.17027864457260028,0.004203338192126442,-0.03851633083356657,0.04203424496784899,-0.0636164632992294
1.177360913920492,0.061183031091255204,-2.888489771670604,-0.003249944402717946,-0.050698772105820494,0.009393664679388559,0.009595656083532916,-0.23438658604538895,-0.4876784831011673,-0.11154996090706666,0.3280782918294054,0.2020720814337373,-0.7318706251696221,8.597784596752037,1.1217371483466831,0.006685044117566529,-0.03786906523350707,0.03888267740670901,0.12613300816106923
-1.9469599578342325,0.07145005903252348,14.805313978736004,0.0019651128067776375,-0.034238698444173085,0.0035468997687203114,-0.006272053747067283,1.929245298709989,-1.8722214784991598,0.05439959173702343,0.20976226921214552,1.05366635938255,3.149401849455664,-9.864330934219678,-0.11941254840920275,0.006685044117566529,-0.03368306286489592,0.03449739277545694,-0.10647693060026873
0.6827214329692024,-1.7748892913523748,-8.45928919574824,0.0009644373420538415,-0.050651807230679,0.0035468997687203114,0.016499380601772844,0.04869456044270643,2.6320828888475853,0.09716926123367174,0.16814720278776538,0.8071602831178569,-1.618332047119262,5.5072736703106,-0.32359188489291313,0.004203338192126442,-0.04011684588644019,0.033563722480291325,-0.09254050149280807
1.041867737348808,-2.2561889899206244,-1.6934318676554785,-0.004677195486242666,-0.05542895055922681,0.009378291116479946,0.08175313802699978,-0.07900550100697416,0.20497723522416644,0.036214239886367385,0.2537718190213653,0.3225290625556203,-0.7045959300124746,7.1629298963399375,-0.17248916492467076,0.011389245184857217,-0.04009215095415871,0.04347797077250999,-0.0799180259769218
0.16683508003820044,1.758955300414947,2.154814368809908,0.0058948975426403195,-0.06808269498948526,0.009378291116479946,-0.12188370295005585,-0.1825976230768096,-4.621520355644285,0.06255974353900876,0.33715485315447374,-0.1018023080439265,2.4231583054994568,-5.928787197160107,0.21636028379245034,0.011389245184857217,-0.03779334608859418,0.06415588251319665,0.16609038581557684
-0.6486406953839569,2.467045311461864,0.23330013388297513,-0.004677195486242666,-0.06097447095184027,0.009378291116479946,0.08175313802699978,0.13618236115725105,4.492641074516401,0.039013322116556344,0.2182748565657287,0.4139506151490835,-1.0357595737434573,7.747531255933921,0.6030769121719506,0.011389245184857217,-0.039384072120007496,0.06366897379345104,0.41725262153624265
-0.3587856800100945,5.3655828965287595,7.836615943735157,0.0058948975426403195,-0.14952365247850324,0.009378291116479946,0.29105000288356764,0.23388223661105184,-3.3135309066248286,0.5187757650318277,0.22247596738911296,-2.2249629825116246,-2.911555789656765,-9.291090786489983,-0.10833819284046532,0.011389245184857217,-0.03325790049967079,0.06495242684262682,-1.9292414160604747
0.8548054974996268,-0.10621840011985847,4.002221622839165,-0.003463232212118408,-0.1339553569795495,0.009371587074330672,0.18127288122242452,-0.12260343653369084,-0.6727797032875639,0.031383171938036344,0.4230188867357244,-0.22716079266760159,-0.7644741109072014,7.854624382746039,0.46028927932217195,0.006685044117566529,-0.03769442044470155,0.05655003037353476,0.16489325943208794
1.1390043523573579,-0.11429868198996912,-2.69948660739766,-0.004677195486242666,-0.035046933207764,0.009371587074330672,-0.013309958560391896,-0.12735006719921604,1.602842281148161,0.05495152462370265,0.17879290573190423,0.2421558057441818,-0.4939704848032091,7.158479825743176,0.4861649748148633,0.006685044117566529,-0.03831996596067451,0.0555326763726563,0.11915627620693496
-0.0010605386418632388,-1.4103202914019037,10.474340522646642,-0.004968185259610018,-0.289311198824506,0.009393664679388559,0.2729446151551792,-0.048984457615810204,3.6570141494047155,0.10244077061692262,-3.3563180017004792,0.5736408665830753,-5.430440268694615,-10.85321702412067,-0.39939918725001944,0.006685044117566529,-0.03411928185964115,0.05467249990474399,-0.09880478738514027
2.7108669174596574,8.306304942198302,-0.9799993328102096,0.02712631957441298,-0.050651807230679,0.0035468997687203114,-0.1504966315874349,-0.5859568705405234,-0.6699023876469469,0.3301321310573607,1.1315134390528174,0.3042108693387415,-1.0110954309269065,8.18677341118669,0.21357517246876961,0.004203338192126442,-0.038394949289858996,0.03306551508009708,-0.09832061972362212
-3.189254432353131,2.829143888831064,14.964235010284828,0.0007987247595832279,-0.1795243289682359,0.0035315262058116985,0.11974297595154539,1.004639859285671,-1.329552195155486,0.09157952934097795,-2.3127168174753163,1.0634118710993352,-2.5687471924968484,-11.212232861143605,-0.0903170874875969,0.011389245184857217,-0.03072622780791113,0.03417455230459727,-0.12765404328265478
0.12496226282296342,-1.4755199755671051,5.710893183402617,-0.003463232212118408,-0.15034570337488512,0.009378291116479946,-0.02971727829874749,-0.0854611739361714,-1.6035556028790081,0.015444969430890043,0.3749219437479178,-0.19553940629747796,-0.6476057448087021,7.195290864874647,0.16615041804869726,0.011389245184857217,-0.03745889640191523,0.0646863277943295,0.19090498148208085
-2.8326921205605404,23.34458994031061,29.91257910596054,-0.0006092796186042112,-0.031367391708623356,0.009378291116479946,0.08834385340865283,1.3546929875862437,-3.991812077121775,0.7894754553783345,-0.8760397069746376,-6.8791164677966945,3.4294656320051877,-9.01701818849631,0.21746185020714398,0.012137299596993334,-0.03583370481908178,0.07466093461596421,7.909485589978082
-0.7293035401710762,2.257088176846942,3.1104153994284287,-0.004629620259312817,-0.29495224955138344,0.009378291116479946,-0.6844339075982139,-0.09808396833864406,-3.534276754987179,0.06234031437688851,-2.3556769890702958,-0.5239583629816987,-2.9312463978753054,-11.202262020197029,0.12034201107440082,0.011389245184857217,-0.03527595925219116,0.06249456078547834,0.21787499307763653
-3.8445280406238482,-2.613492365069995,-1.7852641121849926,0.0007987247595832279,-0.20365127727905,0.0035315262058116985,-0.2131917860702128,-0.4011315443334226,-0.6221280993455338,0.11059739961672363,-1.5209451216788548,0.49802239079403854,-4.44480061586774,-11.020551965665954,-0.11076188235904384,0.011389245184857217,-0.035268375494949496,0.03334298113559997,-0.05646751463063385
0.5125222128612956,1.1226607021930728,-9.074641409247494,0.0019651128067776375,-0.035046933207764,0.003524822163662426,-0.3290911399768092,-0.3390878284494585,-0.3338468675592666,0.05639735137142964,0.4033170280622751,0.6533718334636752,-1.9281941609593933,7.431020592525553,-0.35709995425734,0.006685044117566529,-0.03821454402893398,0.033029747220905674,-0.08891601691941987
-3.775832629282837,-1.5269807259368657,-21.24672977410206,0.0047285094954459105,-0.10387839860384983,0.009393664679388559,0.3095591626861262,-0.2466012885181492,-3.03331207253154,-0.32755815352708745,0.8265316622637234,0.9291692076943696,0.07610726876578512,-2.744106113089579,-0.30124759889957914,0.004328718812284688,-0.03858965149189013,0.052512603198959576,-0.09110739811715955
1.5755751846839448,-2.6469444538899807,-3.539118119000798,0.007719729589256749,-0.060933853298578984,0.009393664679388559,-0.39031897371324004,-0.2239055723631543,-3.9702994278166006,0.055789479921930424,0.45794576036608053,-0.09114288734001723,2.502850777931987,-6.673006997676691,0.48622398735345407,0.006685044117566529,-0.03806305500750237,0.05605535295159329,0.16776784578829707
2.6354993561154054,7.431995175710642,-1.6932824156643964,0.02712631957441298,-0.050651807230679,0.0035468997687203114,-0.5375170463168906,-0.5859568705405234,-0.6870412390055507,0.3526885549195402,2.0832817312917085,0.17962525933543502,-1.6173032992552858,11.64550628135277,0.21357517246876961,0.004203338192126442,-0.033274535432023016,0.034052035957452306,-0.08800535397023045
0.26474472357102546,-0.48351524062989126,-0.5380945717058485,0.0007987247595832279,-0.1789332647289709,0.0035315262058116985,0.11974297595154539,1.2862145946553438,-0.417223133208035,0.08910155094805379,-1.2105193694016418,1.0133277462557166,-3.987496654199355,-10.176304415854291,-0.11184364267572162,0.011389245184857217,-0.031276172205388524,0.03023450731930483,-0.095736083168789
-0.6224308620858723,-1.8496675517454872,3.372823957355135,-0.003463232212118408,-0.03733352827222102,0.009378291116479946,0.07177769633150134,0.6207869371930749,1.8159772167853412,0.03235512839946837,0.23494725169124733,0.40096937456062803,-0.548889121007844,7.8388465910137155,-0.06523347903099239,0.011389245184857217,-0.033098326682703905,0.05164321641907306,-0.12551812369254833
-0.2866223915663831,0.8177399171220878,5.935837972417791,-0.004629620259312817,-0.29495224955138344,0.009378291116479946,-0.7182407215859793,-0.09023673662338906,-2.3274707059158555,0.08555266610116746,-2.4222278833568045,0.25417859384557306,-3.7526899506904896,-10.8636888743094,0.12034201107440082,0.011389245184857217,-0.03359953291064505,0.06266519682365396,0.15372196755327727
1.428276499116644,3.867831025861685,5.528579037880429,0.013996149310973458,-0.04176395374802264,0.009393664679388559,0.1613111068597246,-1.0098810467415753,-0.7579020068763113,0.5450856776276597,0.37706885360840847,0.1673724166850085,0.6025521282751296,8.391088635474361,0.5028489609976052,0.003524022017197653,-0.03699046745875171,0.056457102218308686,-0.11333847628901987
0.7921245569822546,3.1003592989883613,1.4997762946630253,0.0021980715566636577,-0.050651807230679,0.009393664679388559,0.0005779172046445848,-0.26716696851798016,0.759775334114581,-0.13935163698969844,1.1078130096560244,0.007479424447177514,0.5100230183217441,8.29280989942634,0.670139026565075,0.004203338192126442,-0.032889459735469105,0.04357116108211067,-0.0984367045874242
0.5747238058542874,-0.3416238828011322,-1.4617561410433964,0.02712631957441298,-0.05083304405179526,0.009393664679388559,0.04780168065111193,0.07882483527666219,-0.4053492978315843,1.4024318545977519,0.3191973035307904,-0.03324530722378774,-0.2292835231720283,7.980512903109243,-0.4316222161113707,0.004203338192126442,-0.037861540713057334,0.03736100240775268,0.11280872804137786
-0.09939784032349312,-1.8210369027877682,-2.6986172948695537,0.0019651128067776375,-0.05542895055922681,0.0035315262058116985,-0.21307619435749262,-0.41379880774402916,-0.33066946399193303,0.06080101915173874,0.590894116433536,0.3052326585172139,-1.1069374286159672,6.818647209636157,-0.22161968088587405,0.011389245184857217,-0.037480703439340866,0.03405390691006468,-0.06462708794789503
0.41446596669584995,-0.06674067163598052,-0.8303345522714451,0.0007987247595832279,-0.1780079628321781,0.0035315262058116985,-0.3091654026039114,-0.4671796878228681,-0.6984754119139248,0.3065586268194095,-1.9244808753659877,0.9010468602739861,-2.8870521922098105,-9.4292630514391,-0.14472183073387113,0.006685044117566529,-0.03576278073338726,0.030837980212054476,-0.06370638700306333
-1.5040126835547722,-1.9543619536879728,3.5797495775574686,0.0021980715566636577,-0.12943654153150086,0.009393664679388559,-0.01830780065858648,-0.31926775246800326,0.6203658252032124,-0.4212925138095347,0.8251343943154652,-0.2269615749539926,-1.0085173945684807,6.751434910752181,-0.6801959462644311,0.004203338192126442,-0.036140873504359225,0.05685711008997344,0.17390942750624397
-0.6602358789852139,0.5376163900143863,1.054905755143671,0.0013458470439213256,-0.06097447095184027,0.0035315262058116985,0.6029872639231575,-0.3049624583979824,-1.551146336413738,0.1232838017884466,0.18444330766149575,0.33020498174529833,-1.1735753260980748,7.122243788538369,-0.13448383033017974,0.011389245184857217,-0.03763439713661545,0.03634074746650698,-0.10076442374081368
0.698619316007989,-0.8481897853954184,4.266462444299266,-0.004677195486242666,-0.0606902476546359,0.009378291116479946,0.08175313802699978,-0.09253415252335487,1.4976735677190058,0.036214239886367385,0.24645550594094226,0.2749144343773034,0.19737205560919585,7.183064657350976,-0.24215216283766125,0.011389245184857217,-0.034271724754063704,0.051671690643714005,-0.06928724193961076
-0.06968205883786173,-0.002179867219838887,6.608517483934339,0.0058948975426403195,-0.05008436672563396,0.009378291116479946,0.07543261596834434,-0.1929475086505744,-4.27820652528713,-0.16609537210412725,-0.33491075231191975,1.063534434528367,-1.5556831801038646,-4.005708944697823,-0.16957407592327176,0.012137299596993334,-0.037537907145493266,0.06466258326173413,-0.5597314006178356
0.807864859922888,2.7920740747039243,6.013928780405469,0.0058948975426403195,-0.05521190359682966,0.009378291116479946,-0.2571689735588129,-0.3060950376965539,0.15366676053216907,0.04948482243392457,-0.37674588735231523,0.4568029487788893,-0.8444419083018927,8.720502887392845,0.46388953513562753,0.011389245184857217,-0.03798605702531484,0.057593622185834865,0.09011939888884427
0.8910819364493515,-2.7076030156629796,2.1622449110406925,0.00478015677945068,-0.024834541708456455,0.009378291116479946,0.2504900098651287,-0.8408730015688923,-0.8000284869928058,0.03204033198431498,0.3286996873494126,0.4297021540873234,-0.5009816392381783,8.748307350499092,0.3598209159186881,0.009032919879575376,-0.03279267991713203,0.05715242437193999,0.12272902026793032
0.7373876976315221,0.29454505658419133,3.551348514887083,0.0021784006161781,-0.04858674940813111,0.0035468997687203114,0.02216112880667865,-0.523716972843925,-0.2932803334954124,0.006925854576678627,1.0243025935752594,-0.07549022241814887,-0.23580482699104757,5.02619428010418,0.530074709521967,0.006685044117566529,-0.037538372647834405,0.033960405395791836,0.13129588052539395
2.611374340341295,-7.593411541137495,2.410424221048906,-0.870608815717232,2.2371696000855956,0.009393664679388559,-0.061546185360997346,1.2862488548267652,17.139131758079202,-0.5052683019061056,0.08644041430383252,-1.0315118811171318,-4.0231716698071835,-6.271703109918035,0.9907110803737245,-0.4211337429923671,-0.03255172956109012,0.058590075681421105,-1.3502159901916402
0.5944349156830965,-0.6302786684407292,-2.159347813098139,0.0019651128067776375,-0.03934990956588366,0.0035315262058116985,0.010168488039936387,-0.21333167799491884,-1.5676946120015711,-0.20088656442342231,0.09082426492617972,0.9331393893367518,4.539039668041018,-6.424891232575739,0.09709311445271268,0.011389245184857217,-0.040403732459941166,0.03229021153389051,-0.00247018355021142
-0.4420780804456285,3.7054663103560412,4.474364392177899,0.0019651128067776375,-0.03704930497501666,0.0035315262058116985,0.08008992908184867,1.9502639012901626,-0.30111806450183454,0.05256103711923398,0.10745550638471035,0.6037497005084828,-0.9860969416624028,7.931636278363299,-0.22389499916476693,0.011389245184857217,-0.033179850595723134,0.03430741799055362,-0.08415095983400027
0.9151345754731813,-1.0396864549569658,-6.499488113390741,0.0058948975426403195,-0.05397015595785182,0.009371587074330672,0.18127288122242452,-0.346378959902953,-0.7272693357658927,0.06542302494107087,0.5921872463894416,0.06939175655402346,-0.6644364168994104,5.41186597825929,1.7654433750915257,0.006685044117566529,-0.03794787772541329,0.05605458835358636,0.16261325355628947
0.15818061414426718,-4.60863921579321,5.07845076684191,0.0021980715566636577,-0.1334619705896038,0.009393664679388559,0.04091001382767523,-0.06567681564176145,4.610751459670246,0.013987583783085004,0.8612754503740918,0.028527996201404456,5.6775838661888525,-5.652520888487932,-0.18966369257876287,0.004203338192126442,-0.03582132599156806,0.0568292636524107,-0.10394902120890212
0.6478758392118956,-4.29963190580291,-16.895053784200115,0.0047285094954459105,-0.2146892953882377,0.009371587074330672,-0.6746389787572282,-0.247765477086644,-3.378383675491806,0.31307558537619684,-3.478937750063696,-0.06553406268783342,-2.0060026648374496,-7.221113826705489,0.5348612248943857,0.006685044117566529,-0.03555738848760682,0.05421086596457574,0.18027318598389408
-5.533024146152508,-2.0432199072949273,-7.64129128146782,0.0019651128067776375,-0.06097447095184027,0.0035315262058116985,-0.29631707366478643,-0.3907657384818771,-1.2387764033594304,0.05639735137142964,-0.03173811966005542,0.5302332007375518,-0.7779003019880442,5.08486017611798,-0.12873695084087036,0.011389245184857217,-0.03745770816596399,0.033140773086715224,-0.11413746403872456
-1.0132938394072455,-1.8409988874032743,6.6432863250417995,0.0021980715566636577,-0.12211420534967889,0.009393664679388559,0.05104710127486826,0.15614304328892725,1.096177183373706,0.40636982391673393,-0.030365612178025848,-0.03770203360171753,-1.0785443318131085,5.324393786020375,-0.4813600337816959,0.004203338192126442,-0.03534106742688351,0.05685711008997344,0.15880658906951087
-1.966881221006476,1.3032311364747633,-2.143832925383974,0.0019651128067776375,-0.0649999000099432,0.0035315262058116985,-0.10105037801955197,-0.3413268572114779,-2.249882848139737,0.05604278498222142,0.06389479019250852,0.9318222043797049,3.0662109886424327,-6.653701544191236,-0.0628442845295731,0.011389245184857217,-0.037462424233810916,0.03310576982553074,-0.11435203575364385
0.4219008955956979,-2.8976503706489596,-5.416736136827767,0.0019651128067776375,-0.035046933207764,0.003524822163662426,-0.09459915154632888,-0.5247009367937044,-0.3338468675592666,0.05639735137142964,0.07965542105423609,0.5915449848673151,-0.8328721660350827,6.493313141464165,-0.35709995425734,0.006685044117566529,-0.038046161432097346,0.033029747220905674,-0.08891601691941987
-1.187062842841937,-7.372705462494335,-7.949418512544366,0.00478015677945068,-0.026410286178219257,0.009378291116479946,0.07584476833608517,0.6192672749669305,-4.569646499068233,0.04408734342958038,0.37705045428023287,0.6537560999421007,3.0524584942010238,-9.230265770055269,0.1387432125632437,0.009032919879575376,-0.03528675027573546,0.06375461256369344,0.08938595206290399
-0.2079591857491161,1.1443306912607958,12.323344873027207,0.02712631957441298,-0.05467723628878193,0.0035468997687203114,0.15790194385171985,-0.18567041135873577,-2.1399229720258317,0.49552406236213026,1.8500635684583873,0.4744508275248263,7.727549285747113,-8.424093248167999,0.015327180977949039,0.004203338192126442,-0.032024182927784826,0.03401703269626783,-0.07193824940879105
2.162622918087249,-1.1504509174467232,3.2661666231907254,-0.004677195486242666,-0.1432840549434436,0.009378291116479946,0.03330682665911311,-0.09576876059809915,7.431953980650464,0.059986700931512926,0.4942391403115048,0.34984112792489286,4.646444207403332,-4.895880200849314,0.22021829442303123,0.011389245184857217,-0.03615457640942324,0.05672891651918829,0.09645589552818236
0.9319142905116393,2.4679109713422216,2.712900559895042,0.0021784006161781,-0.03387927865780326,0.009393664679388559,0.006523938906274429,1.2040985832002364,-0.47269102638125277,-0.019804333890428762,0.24764840797840929,0.6738305124527513,-0.6973270284769052,7.015508031026289,-0.4665961055146747,0.006685044117566529,-0.03256393909253699,0.03747798639699609,-0.10380507628282978
0.7021886507265567,1.5613042638848882,2.3806167285623436,0.0021784006161781,-0.04858674940813111,0.0035468997687203114,0.02216112880667865,-0.523716972843925,-0.3647460289131487,0.006925854576678627,1.0294879215194437,-0.08031170542018798,-0.23580482699104757,5.036467756508776,0.530074709521967,0.006685044117566529,-0.037538372647834405,0.033960405395791836,0.13129588052539395
0.8498019204515398,0.31602612266287833,10.915623381336857,0.0007511495326533787,-0.035046933207764,0.003524822163662426,0.010815307520126213,-0.9799057887209767,1.4527536795727087,0.07905534991476669,0.15337089473800491,0.6900110414178537,-1.2166409350899614,9.21686902292032,-0.382448203927318,0.006685044117566529,-0.03582297063144673,0.03352795462109992,-0.07819821177009995
0.6141454231603489,0.4472389267616233,1.973180377132611,0.0058948975426403195,-0.06877316353387727,0.009378291116479946,0.018131047639180928,-0.21140434562155716,-3.545505811774426,-0.09240301193854017,0.4574050979981127,0.2048335134893937,2.1159407653977556,-5.838382944705309,-0.18971934167164697,0.011389245184857217,-0.038194641745241585,0.055934493752700785,-0.11474638447821543
0.13044096957579368,-1.1439124622701353,-1.7916404977131135,-0.003463232212118408,-0.06087148447575217,0.009378291116479946,0.07625302365669281,-0.5341901833656285,-0.37619970707559497,-0.05573768614087279,0.64790702029729,0.2531771565077958,-0.6644220742577421,8.224755712620352,-0.21361651250398883,0.011389245184857217,-0.038523702231568854,0.04700500799550561,-0.06539337334035566
-0.6962138442636039,-0.4259918111017952,-8.723353245256812,0.0058948975426403195,-0.06829570750620757,0.009378291116479946,0.07515074807040804,-0.23372717133208437,-4.165857352314895,-0.1456661375846474,0.3267530297051291,0.2789254490556996,1.7447650798915533,-4.7688837933881825,-0.19769151016719352,0.011389245184857217,-0.03795436986514405,0.0641282136239048,-0.14583537729806376
-0.3326892125607429,4.187873126743594,-1.1346420679674243,-0.003463232212118408,-0.06115570777295653,0.009378291116479946,0.16089297298178845,-0.48819191599423223,-1.3960547581162037,-0.05573768614087279,0.637244655797386,0.2625648922212065,-0.6286550453816344,8.165788634150694,-0.1207337824589851,0.011389245184857217,-0.03650875244173429,0.047168121665738715,-0.11035968030327153
0.24603121755936425,-1.0689764282857557,-3.1009890127037716,0.0021784006161781,-0.050651807230679,0.0035468997687203114,-0.04517483485420893,-0.5015155022799657,-0.3378213111788797,-0.11377287642377243,0.5112247020092874,0.5199826063240247,-1.0697041314641598,6.953890759958738,-0.10125282081409687,0.004203338192126442,-0.037496389703631325,0.03414709721966535,-0.08808345347690329
0.6827589774882024,-0.4064150903249705,-5.153081314106114,0.0019651128067776375,-0.0397293584786415,0.0035315262058116985,0.0015079247196108296,0.8597678336105906,-2.523270194757529,0.07991768717354365,0.2427924969438143,1.606424891079719,4.187242202383031,-8.929318956198859,-0.09942164867426269,0.011389245184857217,-0.036043961654284376,0.03340705468486524,0.043492305301903005
0.601416691274088,2.7063044816455606,-2.4553187288736424,0.0019651128067776375,-0.03522817002888027,0.003524822163662426,0.14402481944134382,-0.5282124289570281,-0.349516225866394,-0.2084012707723277,0.42403373342699496,0.45771313283429865,-0.7995275852957898,6.7117975483763015,0.5119155852643389,0.006685044117566529,-0.03796706418579939,0.032938116659245203,0.12319317259532506
0.807168293866357,-4.950837616242251,-13.620703479183048,0.00478015677945068,-0.028673409107332383,0.009378291116479946,0.24921507762676393,-3.3718626516965244,-1.789867141372794,0.03204033198431498,0.30064776432949186,0.28374736876203205,-0.7177479965482655,8.153344600881383,0.2675741208886182,0.012733388670896285,-0.03830756636853664,0.06529801582370537,0.20812285818250295
0.7431590908499517,0.3231190202921019,19.383842281908716,0.0058948975426403195,-0.04920268834130276,0.009378291116479946,-0.25811163475226123,-0.1276634477415458,-3.2046468316118477,0.06255974353900876,-0.37131793684053965,0.926664556327638,1.5810874445031917,-9.165984217537844,0.23345736834669933,0.011389245184857217,-0.0380326366585589,0.05750925109616805,0.032798761289744766
0.7152423518501817,-0.024728496477247165,-6.99613581009583,0.0021784006161781,-0.050698772105820494,0.0035468997687203114,0.16668784193343913,-0.523716972843925,-0.4137247089088522,-0.16068551004030981,0.5231119258896464,0.4039372060957283,-1.3926853464747875,7.920345817417676,0.530074709521967,0.006685044117566529,-0.039104877337332374,0.033960405395791836,0.13469092588926726
-0.09940853657646512,-1.8558317166594867,1.9121361843005287,-0.003463232212118408,-0.03704930497501666,0.009378291116479946,0.07177769633150134,0.6865058874060107,2.9249231955078776,0.03235512839946837,0.2511644827391116,0.39199357409420804,-0.5508291709703541,8.780370767242754,-0.1581162090759961,0.011389245184857217,-0.03329655864489438,0.05164321641907306,-0.09118260076694348
0.0775608419080518,-0.5637410604907819,-3.38235319872622,0.0019651128067776375,-0.03704930497501666,0.009378291116479946,0.07318130647943434,1.267861424372161,-1.3260413120154424,0.006110847027155711,0.2577268335044341,0.4141113863335249,-0.5392634688005227,7.7337903657116405,-0.21589183078288166,0.011389245184857217,-0.03731449819012299,0.04558308901175704,-0.06971792671651042
0.11912022068327151,-2.8175648401670146,-6.758313296660695,0.02712631957441298,-0.03401355060377803,0.0035468997687203114,0.04089817795581322,-1.8663062738686262,-0.5151883888938863,-0.7091969035365974,0.9610174954343967,0.435641144330932,-0.5912777971465983,7.504244474273966,-0.1541129700597636,0.004203338192126442,-0.036383171534979074,0.033535248255650386,-0.0988673893643239
0.9946313030986822,-5.231716611502897,14.732149239446867,0.0009644373420538415,-0.13526444028751075,0.0035468997687203114,0.03755135997370604,0.22136685593472227,8.310080193595462,-0.6896019744384714,-0.42785064222223235,-11.306312668002324,-6.415200561431972,-12.474538320664474,-0.2904286778967416,0.006685044117566529,-0.02475554473694585,0.03369437674764738,-0.7621509967938891
0.6189391461149899,-2.6234531696054524,6.722493088870844,-0.001939731239195071,-0.23411590313404917,0.009393664679388559,0.41527529108922706,0.2870653287016763,5.904475297234618,0.4693665168180734,-3.594767569891252,0.061166721763669815,-3.3545373484646857,-9.602232902125873,-0.17007419370072563,0.004203338192126442,-0.03379344063564124,0.05467249990474399,-0.08550540960480744
0.25579283569504396,-7.570787368231336,-19.312056954142285,0.008016790674530073,-0.19450356730606616,0.0035468997687203114,-2.5697291032114724,-0.45751692687116186,-0.5913543276145724,-0.04949059874507554,-7.034359077913885,0.20471325241358387,-6.279589775435149,-15.106606890176975,-0.09332026332814095,0.004203338192126442,-0.03690061337107623,0.027530957919801306,-0.07290770559984237
-0.9992703288899559,-0.4199815169814729,1.2048001740544805,-0.18869487363244086,-0.035788308313058806,-2.618316964714204,0.07672878045563125,0.48679245422092815,-0.7586242151220954,0.005982745791420328,0.3495008077798913,0.5908761632024172,-0.5520144029312491,8.420269798790313,0.2335292952801184,0.011389245184857217,11.354593804048887,0.04159464838261453,-0.08562230231951663
-2.6826800765172694,-0.026676302339255453,-13.542770553616847,0.0007987247595832279,-0.2037008264006715,0.0035315262058116985,0.3051927901194272,-0.32026475482017813,-2.349035206222734,-0.24275127231128754,-3.4637644675200963,0.5892792573629414,-5.451799138371027,-11.548680159561883,0.10166420201654969,0.011389245184857217,-0.03522186931131393,0.029237482775756475,0.10233340030240684
0.6515477105659534,-0.3178969459178674,1.6491650900752302,0.00478015677945068,-0.0372053439483644,0.009378291116479946,0.03366101365048719,0.15617675482323642,-0.8373824636286951,-0.12686618699807886,0.1761635286072779,0.4871945376698353,-0.3238426664798642,6.769036227515151,-0.4846640043123501,0.004328718812284688,-0.03818235099518125,0.05642133435911728,-0.07311552691592273
0.568063482956961,-1.2554851757042969,-1.6547697546039588,0.0007987247595832279,-0.1787919791597868,0.0035315262058116985,0.12149491666945661,-0.3699892850043253,-0.7464148337607068,-0.2368625706716482,-0.9470774310408228,0.6886798121529512,-2.4483965549913145,-9.371052843970162,0.1323406482189287,0.011389245184857217,-0.035710938079961146,0.030737055619423373,0.044144484222124046
-2.6248708522153628,2.2028409513086284,0.8013086981723111,0.0007987247595832279,-0.20298134485635716,0.0035315262058116985,-0.29643266537750657,-0.0677917182060585,-0.47770561180639426,0.08715100910310374,-0.43387857905089816,1.5315017313101442,-1.5221123270566437,-8.475679438088243,-0.08923532717091912,0.011389245184857217,-0.031910887714813686,0.03308407927355562,-0.09361070587251627
0.6870213124291866,0.20651924628173404,-1.2672193199724244,0.0021784006161781,-0.05475597685952949,0.0035468997687203114,0.41620500334268434,-0.5083454815349137,-1.9501908055934372,-0.19407668380143772,0.5146690673576259,0.6526748147614306,6.562266218666659,-6.514992209812238,0.16975760283792207,0.006685044117566529,-0.03918388777198748,0.03392540213460735,0.05450625888886587
0.3135379682770377,-0.3155026970294237,-1.1193134130744729,0.0019651128067776375,-0.03907236226586694,0.0035468997687203114,-0.0628666226707005,-0.5022700773200725,-1.9426277706990438,0.05604278498222142,-0.0027368423130845663,0.8682819195992751,3.474683652526853,-6.7506043447458195,-0.11833078809252502,0.006685044117566529,-0.03806855248053975,0.0329947439597212,-0.0914971278420771
0.6776793138427973,-0.8395432041231237,-1.2823622780176296,-0.003463232212118408,-0.03529270481217467,0.009378291116479946,0.07625302365669281,-0.19882827720776536,-0.292574210758996,-0.11535882932736387,0.3343114697313608,0.22043931939867445,-0.7151918450441934,8.386684509331337,0.42574805327174353,0.011389245184857217,-0.037811023167814914,0.03883761551654698,0.03906171027377648
1.7521810411964542,-0.7833355397904728,10.321549900597862,-0.004677195486242666,-0.14449525670934324,0.009378291116479946,0.10800537629443459,-0.06251612605758292,5.338655874771267,0.08718275354711441,-0.193250111254307,0.4938023782329486,-0.9501236286295802,4.609267486531211,-0.14926943279265756,0.011389245184857217,-0.03587414048314194,0.06496479647519851,-0.11103740696269113
0.2985529534602854,-3.3939444072479694,7.093526099752437,-0.004677195486242666,-0.14451992298074975,0.009378291116479946,0.10800537629443459,-0.09508803712703821,1.4960039502637579,0.03589902516865815,0.4878482888134348,0.5091613241728019,-1.0064326199252815,5.6634999736071086,-0.2436136152749448,0.011389245184857217,-0.036085979455302744,0.06496479647519851,-0.08303289426154276
0.5939069980333158,-0.8537875969237136,-1.3459280433459067,-0.003463232212118408,-0.0351114679910584,0.009378291116479946,-0.28386522995833674,-0.20108832336031623,-0.28872157360519274,0.03897253587287828,0.35024639062579993,0.22615258600952182,-0.7537504839226407,8.318197172138179,0.42574805327174353,0.011389245184857217,-0.0377936220550122,0.03888708543303203,0.045391457859991505
-0.1507768804973859,-0.9216431379234168,31.04080879975274,0.0019651128067776375,-0.05046484188084337,0.0035315262058116985,0.0904858488382934,-0.46509750908559727,-0.3246684828333493,0.0031169861563813913,0.3218843720039364,-0.048108152809068716,0.19982904568824364,4.284163960959077,0.18053577636746554,0.011389245184857217,-0.034690960185231684,0.030518230048356573,0.08453844251996362
0.586936415604989,0.18921342456180082,-5.280168999923931,0.00478015677945068,-0.024770006925162055,0.009371587074330672,0.029185686325295737,-2.6999687395985554,-0.8319940786881986,0.03929803202319847,0.38771677690514583,0.35481743829556395,-0.4626734306959197,6.885903677162735,0.7179033762286975,0.004328718812284688,-0.032803230195664355,0.05716171840291062,0.18211113613250993
-0.020469246052782778,-7.41060328184524,-0.045792265369224615,0.0058948975426403195,-0.06013077575797545,0.009378291116479946,-0.1485756277373084,-0.18155859047859213,-3.057627250513124,0.06255974353900876,-0.378805816518848,0.922385513822634,1.8135980213968743,-7.1233219269601245,0.2027809221443205,0.011389245184857217,-0.03799761328660471,0.06565484254793344,0.056776330683818
1.1021763968634253,0.29967956051667466,5.536124829063166,0.0021784006161781,-0.054890248805504256,0.0035468997687203114,0.008072582654904946,-0.5041756071464775,-2.108066022948189,-0.17052634057765118,0.1563373035338731,0.8381560774042935,3.7825924801501607,-8.110620008232159,0.19857247552328347,0.006685044117566529,-0.03764594859759447,0.03877670722225773,0.05450625888886587
-1.5566244662939532,7.375597626362391,-11.243358330091633,0.00017945899672691646,-0.19472206463728162,0.0035315262058116985,0.1078356162652588,-0.37478160725866766,-0.8423128107094419,-2.2813859235741663,-2.313449323140578,-0.6262608817060747,2.120278732174889,-7.460587482943139,0.5442921578278331,0.011389245184857217,-0.035662737651521934,0.030350987623628253,0.0679502363657931
0.6616049145175902,-2.6608100376862938,4.750339012049595,0.0058948975426403195,-0.0392355774272294,0.009393664679388559,0.0395805881261121,-0.2318922089530585,-3.724593688146178,-0.16609537210412725,-0.309134268606155,1.044242799133732,-0.8971609011576648,-4.107320923857524,-0.27485655625823313,0.0074330985297026446,-0.038420257294977334,0.05652628584093939,-0.17068680512139328
-2.977971118879342,5.878016988820149,-3.526958311851086,-0.003630623996489452,-0.06097447095184027,0.009378291116479946,0.531420302708264,-0.18841922931714106,-0.5460627123216073,0.09619624689544777,0.2600472956326934,0.3072231738997472,-0.8257096141246981,7.934216324881106,-0.21957578487221105,0.011389245184857217,-0.03857702258841544,0.052697260547665395,-0.08996548478321374
-0.8830144171976853,-0.204473078778306,-4.70723557686237,0.0007987247595832279,-0.20365127727905,0.0035315262058116985,-1.6235431461857115,-0.4011315443334226,-0.8484085942426614,0.0761210650961695,-4.917102686938458,0.632875984003821,-6.857634518666876,-13.460719609255225,-0.11076188235904384,0.011389245184857217,-0.03514109414556536,0.027437767610200635,-0.05163326525381423
0.7136535069808706,-0.31996788658335173,-8.328711924704464,0.0021784006161781,-0.05083304405179526,0.0035468997687203114,0.16668784193343913,-0.5125675345931954,-0.38431498438096123,-0.13713516681652324,0.4514539478558991,0.5032773035615284,-1.3529337785070994,8.037100081653962,0.60866494965478,0.006685044117566529,-0.039038062282049646,0.033960405395791836,0.13469092588926726
0.052701517114437046,3.056900421656203,-2.116795441647606,0.0019651128067776375,-0.06087148447575217,0.0035315262058116985,0.14651004970940987,-0.47549386273205474,-0.3883849079841261,-0.16449437846060705,0.526881529074437,0.3647846382886199,-1.2919947850570168,7.555150603507918,0.2944711548219862,0.011389245184857217,-0.037659613164302136,0.033867215086191164,0.08849633218045852
0.17587090270488753,-0.38364152068769386,-8.905731555581262,0.0007987247595832279,-0.1787919791597868,0.0035315262058116985,0.3051927901194272,-0.3699892850043253,-0.9660810264505756,-0.24275127231128754,-3.3806524498343755,0.5881234180284541,-5.519694896952616,-11.435771388137697,0.1323406482189287,0.011389245184857217,-0.03578178997714866,0.027394265467978792,0.01442803522433258
-5.129285189458201,-1.2294661301781,-22.039162047837852,-0.0006092796186042112,-0.05694824062361978,0.009378291116479946,-0.16325480503468798,-1.5776455341539495,-0.9282604432497179,0.12448020690551885,-0.24608938827481616,-0.12100709753030223,-0.27959558725344374,-2.8341162784877643,0.24315628696956768,0.011389245184857217,-0.037868699462529076,0.05756824213631952,0.1699808990828788
1.2631457597760516,0.6515031184324825,-2.0609527328394814,0.0007511495326533787,-0.035046933207764,0.0035315262058116985,0.14952493381165077,-0.19570170433976056,0.1140764547526588,0.06876461602313122,0.3590013578700052,0.6015278374138764,-1.2139396489659184,6.434582294584616,-0.382448203927318,0.006685044117566529,-0.03827557627964678,0.03352795462109992,-0.04336971804700905
0.698619316007989,-0.8481897853954184,4.266462444299266,-0.004677195486242666,-0.0606902476546359,0.009378291116479946,0.08175313802699978,-0.09253415252335487,1.4976735677190058,0.036214239886367385,0.24645550594094226,0.2749144343773034,0.19737205560919585,7.183064657350976,-0.24215216283766125,0.011389245184857217,-0.034271724754063704,0.051671690643714005,-0.06928724193961076
0.3644054511458429,-3.674980473421863,-0.9791214027938321,0.0058948975426403195,-0.05820859753267707,0.009378291116479946,-0.3474124227127852,-0.15008217914674032,-3.4215309435101404,-0.1162074173766624,0.6834055474897964,-0.037657264029311896,3.2140785186219367,-7.667254412055249,-0.15774659809275624,0.006685044117566529,-0.03793408798466842,0.05648735822305846,-0.08903196656142472
1.2004590607519137,1.286255814891173,1.346095667077018,-0.005181473069010482,-0.1780079628321781,0.009378291116479946,0.06884221330730622,-0.06821770616753381,4.378441666547751,0.2907233421069937,-1.8630565482545884,0.28859167038681366,-0.10137948927804355,-11.00207867496737,-0.3379317340163982,0.006685044117566529,-0.03210453191354689,0.041343626214068036,-0.04821038813064126
0.6228763371041126,6.135080882036261,16.757711713455137,0.00478015677945068,-0.05964633851786656,0.009378291116479946,0.035089071004741436,1.0408947185834092,-3.937620243946849,0.42688750338971865,0.6945669841057197,-2.9195170702524376,-4.480552271430208,-15.936409147521777,-0.22408556008717853,0.0035834411414687375,-0.027062690163328747,0.0626082480791979,-0.6240423141083756
1.1033367553350129,-2.5510666787829677,-3.750179185201963,-0.004677195486242666,-0.0351114679910584,0.009378291116479946,0.08175313802699978,-0.08729630224848944,1.6272310694562382,0.039013322116556344,0.24257947269393257,0.41508847277624383,-1.0871298185020926,7.7321510292671825,0.7354395705933727,0.011389245184857217,-0.03959509257783217,0.05552338234168567,0.19844447934238552
-5.175621148029332,-3.7282383687792455,-6.40475097818184,0.0019651128067776375,-0.06097447095184027,0.0035315262058116985,-0.21307619435749262,-0.3907657384818771,-1.699618107931617,0.06080101915173874,0.3200252495549852,0.3020708026430966,-1.0839383105969045,5.600549179221659,-0.12873695084087036,0.011389245184857217,-0.036949485600357206,0.03594525263728098,-0.09896261087349988
1.1390043523573579,-0.12208076871143402,-2.686397072410092,-0.004677195486242666,-0.035046933207764,0.009371587074330672,-0.013309958560391896,-0.12735006719921604,1.602842281148161,0.05495152462370265,0.17879290573190423,0.2421558057441818,-0.49149584634784804,7.150697739021712,0.4861649748148633,0.006685044117566529,-0.03831996596067451,0.0555326763726563,0.11915627620693496
0.4646963239316665,-3.3135034375125336,9.887932055943429,-0.001939731239195071,-0.19589363653871983,0.009393664679388559,0.41527529108922706,0.005663084406945516,5.1232225851032895,0.4770295317088209,-0.13433848276443722,-0.11178957261049137,-4.3589424626973665,-8.11976812298962,0.24472861122394143,0.004203338192126442,-0.03371904489600574,0.05466534308112225,0.13761656632277827
-0.5705393535708946,-2.388841342347848,-5.542278516720148,0.0019651128067776375,-0.0606902476546359,0.0035315262058116985,-0.29631707366478643,-0.47333421929326003,-0.29051173959211163,0.05639735137142964,0.08319675234410781,0.5291573688841081,-0.7886296034003838,6.217228595461791,-0.22161968088587405,0.011389245184857217,-0.03802464633843953,0.031249427359498913,-0.07980194111311971
-2.5477909255257516,-0.3387943982706234,-9.193457520495148,0.0019651128067776375,-0.06115570777295653,0.0035315262058116985,0.14651004970940987,-0.39292538192067195,-1.8434312837827505,-0.16449437846060705,0.541132126960278,0.366272405389054,-1.2848643266630897,7.753168855503595,0.16210849640056407,0.011389245184857217,-0.03746496023745454,0.03575856081340747,0.14307750209008538
0.350370523692132,-0.2004511884188688,5.088483329738503,0.004232123695959237,-0.098178612540488,0.009393664679388559,0.2932708823676052,1.1571296952878807,-3.3723129019643365,-0.3045593743332328,-0.8263116908383401,0.7351269260183498,-0.42549777479866624,-8.701082046447743,-0.21036073933717242,0.004328718812284688,-0.03582966662877896,0.056559904030919025,-0.09110739811715955
-1.9008388313416975,-2.0546829053805014,2.6330988926144356,0.0021980715566636577,-0.1334619705896038,0.009393664679388559,-0.6685707529978832,0.044694278037607296,4.674409876704841,-0.17701176864596094,0.774357087896072,-0.25219221332606884,4.6025210578948155,-5.808526025999241,0.03155492760433012,0.004203338192126442,-0.03736148980145839,0.056822106828788965,0.15203758099836293
-0.3430096508769829,2.3412875135491875,-5.797981204340705,0.0019651128067776375,-0.03522817002888027,0.003524822163662426,0.20596961274371353,-0.5282124289570281,-0.39736607463767626,-0.1225820364500185,0.9346212134888421,0.3422612765271773,-1.4771626099924533,9.19909301063791,0.5119155852643389,0.006685044117566529,-0.03802274081983587,0.03392463753660043,0.107001743866554
-1.4069686148755935,2.0625126856516585,7.692815486755617,-0.0027652882453490834,-0.15034570337488512,0.009378291116479946,1.8447538505007488,-0.006132989655884717,0.10738699605131254,0.029433898079897172,0.35248525090138977,-0.15958941127492482,-0.6388407657513325,7.993904827635619,0.10378153986479383,0.011389245184857217,-0.038181254040211936,0.06508182262355551,0.2124517572846021
0.7297108742370196,-2.117880568062835,-18.895301313657875,0.0058948975426403195,-0.05532860563465153,0.009393664679388559,-2.6474893156421877,-0.32797945487091457,-0.7529585754743596,-0.13752522490005678,-0.3985183195962245,0.546548035579184,-0.8051269279698237,6.50365657919505,-0.7766531968632419,0.006685044117566529,-0.03810082576157411,0.05529985561050544,-0.09410540447106179
-1.8135813690518798,14.706923738268221,10.538995434753339,-0.003630623996489452,-0.17952533636445508,0.009378291116479946,-0.3590312226955556,-0.5235272923295641,-2.6435030059386957,1.3142267721876277,-0.027975940560595113,6.284154967409053,1.0654425284375895,-3.0421303050045476,0.09897831882187738,0.011389245184857217,-0.03680422990969576,0.05770323323369286,3.011937745189128
0.08604413618475432,-1.8083468371582452,22.449280936545385,0.0047285094954459105,-0.13239237362608242,0.009378291116479946,-0.8206618394004191,-0.09933714161911146,-3.2560912890235763,0.09973968114296329,1.9146912595550025,0.9402431176412377,-1.4968499953959502,-9.480355985512961,0.2380284559105365,0.011389245184857217,-0.0353053704462365,0.06668624971520223,0.15763316441704017
-2.0278408587141437,1.0463556563767558,-7.632363326151241,0.0019651128067776375,-0.0649999000099432,0.0035315262058116985,-0.10105037801955197,-0.09491074755533982,-3.0900626595742064,0.04997107149914922,0.11136978291044576,1.5625134917680994,2.368690714460401,-6.081639772805797,-0.0628442845295731,0.011389245184857217,-0.04097661941408059,0.03524084302122234,0.019793977489707085
0.2316853284708886,0.6947856690100508,0.9473673205297846,0.0019651128067776375,-0.05966739213405206,0.0035315262058116985,0.26029641628442646,-0.43320954370934456,-1.976168670480641,-0.19579067459057148,0.5179401316375641,0.6176971354098287,6.353599805326148,-5.99789704215403,0.09709311445271268,0.011389245184857217,-0.03812571892407696,0.03383221182500668,0.008311665180057168
0.28783906394237124,-1.8110990657431716,-4.595107127004209,0.021697974555516933,-0.050651807230679,0.009393664679388559,-0.18666936409918336,0.3287910610435356,-0.3080592674527835,-0.15948390204559387,0.9624318516357433,-0.06227359528029246,-1.0481156310273405,8.203398575158161,-0.2779844668434012,0.004203338192126442,-0.03703783898442318,0.03895394835038729,-0.09906408426403696
-0.027433862952426755,-0.004565246589332699,-7.996177061347911,-0.004463907676842204,-0.13261748845222304,0.009393664679388559,-2.7043582255697096,-0.11016888535416858,5.774089659740132,0.03329666978155068,0.47816715497900114,-0.10631384695919756,4.163149561262617,-6.826008820641131,0.28894411825731375,0.006685044117566529,-0.04431478005603937,0.056651470790613334,0.15996787814745
2.5121526214666443,1.170013790222558,4.227216364613758,0.03266764854749163,-0.05793414319897307,0.009393664679388559,0.14968889227263907,0.003761586684055693,-0.2363363793359637,1.1135529541883247,0.823445601023085,-0.11805626801183289,-1.0106322850111482,7.509891553317462,-0.22552050449490527,0.004203338192126442,-0.03740752319318847,0.056558129343434335,-0.11607638895987567
1.2896506423641332,0.8665889668795113,7.522950189151525,-0.003249944402717946,-0.10852937071098409,0.009393664679388559,0.031372567025776274,0.7123253840806055,-0.4119997662258662,0.022253955035723392,0.4900493005779564,0.5025900907948173,-0.8627546782845162,8.00642198550577,0.4865354621849709,0.006685044117566529,-0.03310701231929861,0.056813991661760994,0.17895802273482983
0.5554658633890509,0.7980653577227638,1.7211479291674256,0.0019651128067776375,-0.03029764827859039,0.01488306485205972,-0.021881790107957322,1.2758820836053528,-1.658288795275943,0.021406873442904425,0.48696691541425086,0.617140452091194,-0.3517491196072864,8.32208719015621,-0.16084260336122544,0.006685044117566529,-0.032131665655376486,0.03747442250108096,-0.05463429283703078
1.7823449306986354,1.091586752344401,-12.359075069585062,0.00660498882606711,-0.025882426761205987,0.009393664679388559,0.15860465252483558,-2.8179476075868903,-0.8365285830632173,0.006125151066730507,0.31703466731981894,0.4185431373045554,-0.7308756917513624,9.167529744432874,1.3021395874553252,0.005037240800935428,-0.03897757298539743,0.057197486262102026,0.20980031815522318
-9.878275462604709,11.9525021977592,21.012995616853498,-0.0006092796186042112,-0.014027897366755648,0.009378291116479946,0.17711019647876294,6.147388537129074,-0.9516449372277465,0.3688190409941346,-0.8577476879446349,0.30113682466505154,0.35897095999988116,0.12800462221366965,0.19927482752983366,0.012137299596993334,-0.03368403426408761,0.06636051793136881,0.08530545810348454
0.9727274436448317,1.0632878938332402,-0.8043181977464823,-0.20146548122029354,1.8045316118832595,0.0035468997687203114,0.02047888481781291,-0.1517748273713859,-0.3555588423206658,-0.15074456987565696,-0.2600150362018486,0.48880574470798366,-0.763729365486671,5.883929206729986,0.34181812081843294,0.006685044117566529,-0.03730113383533024,-5.684824057393891,-0.09441514150178612
0.5362749672587138,-1.0488291223260824,-6.027888347547242,0.00478015677945068,-0.03780196347302124,0.009393664679388559,0.04947404698065796,-0.5408313729315675,-0.7827094368799389,-0.13275331790928688,-0.1690735882220303,0.48454174827902313,0.09171490140939295,3.147499752255564,-0.4846640043123501,0.004328718812284688,-0.0382237762059574,0.05642133435911728,-0.1039795496222951
0.8548054974996268,-0.10621840011985847,4.002221622839165,-0.003463232212118408,-0.1339553569795495,0.009371587074330672,0.18127288122242452,-0.12260343653369084,-0.6727797032875639,0.031383171938036344,0.4230188867357244,-0.22716079266760159,-0.7644741109072014,7.854624382746039,0.46028927932217195,0.006685044117566529,-0.03769442044470155,0.05655003037353476,0.16489325943208794
-0.7069604810726463,-5.5836010516647985,-1.3205692083843064,0.00258844565563403,-0.30518054433580744,0.009393664679388559,-2.135499338564247,-0.11410985461481088,-1.5796848284852216,-0.07688941789486024,-7.371125122591746,-0.2946293293738556,-4.001689539372087,-13.022788321791765,-0.06058384137310557,0.004203338192126442,-0.03483037631580717,0.054564667262050615,0.14620713828219603
2.102243982480304,2.6332600932585004,9.171944247820072,0.004680934268516061,-0.06405726593138232,0.009378291116479946,-0.00798998064992382,-0.13106136111610833,5.117026453019469,-0.12052734090125791,0.3394562456756434,0.22087079114638825,-0.9563311694979513,1.018594713175296,0.2684474406253392,0.011389245184857217,-0.03739852590943439,0.06478700361340115,0.18559768981902935
1.7663418383672875,1.9780866538529382,1.730696658765988,0.03266764854749163,-0.04449029477143246,0.009393664679388559,0.17477628761959696,-0.9169920996058554,-0.4966541164870373,0.489988733825372,0.018980441053096684,0.22106488313554995,0.6549223804805168,5.153433886095206,-0.057032609688710496,0.00441899833920029,-0.037012752276378805,0.05659705696131527,-0.19171438181946748
4.898422670177743,-1.2551083980697775,4.100072356114072,0.00660498882606711,-0.04027788417696339,0.009393664679388559,0.16307997985002706,1.244578434435422,-0.8056333526591695,0.3093059619376752,0.265795339408089,0.5035968840516387,-0.5996964396931941,8.685155001984484,-0.6052165083198772,0.0027787443463817016,-0.033859849042559696,0.05710766798285356,-0.12228631036172173
1.7477078982400345,3.039961018165283,10.471794200850585,-0.005181473069010482,-0.29495224955138344,0.009378291116479946,0.27605692722582104,-0.03075602472517424,9.058136864024641,0.1283559515345071,-2.5084064829590487,0.471417081832507,-3.3471145736117016,-7.159059982577917,-0.2885233287641073,0.011389245184857217,-0.033681546797537876,0.06277302946634733,-0.10553993251386798
1.7917632885252435,8.605499716917286,0.667483337505758,0.03266764854749163,-0.0628609121473586,0.009393664679388559,-0.04634835601667395,0.0987833714494434,-3.5275543634266047,0.6764252127079502,-0.032656052029588364,-2.5942065403223427,0.40800175537802796,-6.397306395342,-0.42246890132500703,0.00441899833920029,-0.035387554877575625,0.05928153065049939,-1.2068693161516755
0.3745542001408824,0.00447048963072127,19.454921483456612,0.0007987247595832279,-0.1780079628321781,0.0035315262058116985,-0.3091654026039114,-0.14839648381713302,-0.3575502830357274,0.3419135230182829,1.1838572649242798,1.3977121094096734,-1.8893122724397022,-12.189748361747379,-0.14472183073387113,0.006685044117566529,-0.027868560137682144,0.031250155996748574,-0.03831184212666
-0.7322975919621155,2.3513137454839512,-0.6666651901962455,0.0019651128067776375,-0.0606902476546359,0.0035315262058116985,-0.21307619435749262,-0.45075309743134195,-0.3413053644932324,0.06080101915173874,0.3398910957361574,0.3005830355426625,-1.086208133284819,6.79559706298353,-0.22161968088587405,0.011389245184857217,-0.03714771660185973,0.03594525263728098,-0.05399630391058398
0.807864859922888,2.7920740747039243,6.013928780405469,0.0058948975426403195,-0.05521190359682966,0.009378291116479946,-0.2571689735588129,-0.3060950376965539,0.15366676053216907,0.04948482243392457,-0.37674588735231523,0.4568029487788893,-0.8444419083018927,8.720502887392845,0.46388953513562753,0.011389245184857217,-0.03798605702531484,0.057593622185834865,0.09011939888884427
0.7052267853742593,1.288748184490909,0.6754783773135339,0.008016790674530073,-0.19450356730606616,0.0035468997687203114,-1.6304504030484805,-0.28977303344476035,-1.7899009274628477,0.5866780476222723,-10.730633963231526,0.2716185143046675,-4.00545071881692,-12.877843664459284,-0.011063861663397007,0.004203338192126442,-0.031222428626390603,0.02762601918201435,-0.07290770559984237
2.0605903472296423,-1.0835401893792314,6.894382155366233,-0.004677195486242666,-0.13667192895302765,0.009378291116479946,0.03330682665911311,-0.09576876059809915,7.56293580999612,0.11127042930996921,-0.1826311378732394,0.38938309988512315,4.26690007082588,-3.4286963855168078,0.22021829442303123,0.011389245184857217,-0.03614482583956823,0.05672891651918829,0.09645589552818236
0.1710076711078031,-1.3685438914608505,-7.935828274700839,0.0007511495326533787,-0.035046933207764,0.0035315262058116985,-0.011906348412458898,-0.2023517201749738,1.400749875475138,0.025265984929803427,0.903823353460358,0.40555349442123967,-1.050520504036919,6.859909625791857,-0.5794390183361565,0.006685044117566529,-0.04010134870839138,0.03352795462109992,-0.04336971804700905
0.4098221354509723,-3.2342840297564703,8.361460400453012,0.0058948975426403195,-0.06072900570161157,0.009378291116479946,-0.7377411690052709,-0.07631483591159802,-1.6776027699172924,0.04948482243392457,0.3324633082186035,0.1346365143590304,-0.5340472333400559,6.0996749418156835,0.33152687671420533,0.011389245184857217,-0.03771235368262695,0.06547638006307757,0.18862497560628239
-0.7475939923591383,0.4076110688440115,19.334284404643004,0.0058948975426403195,-0.04577356462043619,0.009378291116479946,0.2528012441046683,-0.6302862411672117,-0.6217911196800305,-0.15395781951640977,-0.23439090583339298,0.5598104300392418,-0.2656356517345126,6.926067180051411,-0.3425648843390262,0.012137299596993334,-0.03761157687522502,0.06469758652291861,0.16459550872955145
3.076566036294839,-2.2535482477041127,19.83889031607799,0.0007511495326533787,-0.035046933207764,0.003524822163662426,0.003906684917711879,-0.18973409838435026,1.788412092939375,0.07905534991476669,0.2431865455628095,0.49403669842521736,-1.1572314589477362,7.34320961927663,-0.5794390183361565,0.006685044117566529,-0.027276872866289395,0.03352795462109992,-0.07819821177009995
-1.3602141856114347,-1.8688168804169085,-3.3854680735073286,0.0019651128067776375,-0.06521291252666551,0.0035315262058116985,0.26029641628442646,-0.3457432331157516,-2.799620483367241,-0.19579067459057148,0.5344286782827716,0.618852974744316,6.285022889430829,-5.77210267545311,0.0664166682503336,0.011389245184857217,-0.037551241386639594,0.03572355755222299,0.052828798916145656
0.07204647865869687,-5.573346097874697,-2.8564920818651056,0.0058948975426403195,-0.05415139277896808,0.009371587074330672,-0.0019943872547407387,-0.11217440994268398,-0.6836333993552757,-0.03251017912438561,0.4779236264244221,0.23519474004557403,-0.7965981650956674,6.822916598522917,-0.3292711099676064,0.006685044117566529,-0.03779876217769968,0.05652236148424293,-0.11068193330986938
-2.813491122183361,4.451688494437968,18.45782787348586,0.0019651128067776375,-0.03704930497501666,0.0035315262058116985,0.08008992908184867,2.0453643734117937,-0.31563945439061014,0.0550390155121581,0.32119595569853776,0.6526779860176143,-0.7675050298012326,7.87576238145289,-0.22389499916476693,0.011389245184857217,-0.033179850595723134,0.03636631931344847,-0.08415095983400027
0.641578810016357,4.769299944166144,8.298719315588675,0.0021980715566636577,-0.20686111035248544,0.009393664679388559,-0.18393013834949232,0.7156381911576147,4.751305868180924,0.06616210963284715,-0.083725405020721,-1.721838683270881,-4.439780200064778,-9.030179547961808,-0.04199657706017122,0.004203338192126442,-0.03293568420003473,0.05699492118095121,-0.6108389342611519
1.0862884262561745,-2.4164918036164287,-6.54887707695474,-0.004677195486242666,-0.11985837299386498,0.009378291116479946,0.03926006189641492,0.09327143608042679,3.5617620706863793,-0.007126053731464287,-0.4936202928253835,-3.92043511805658,-1.1076858200097899,-10.413569152612657,0.22021829442303123,0.011389245184857217,-0.035845858430017155,0.04006385665954546,0.9333155305963807
0.48810318647755296,9.057790751022715,10.231834506275986,-0.004677195486242666,-0.0649999000099432,0.009378291116479946,0.08634360979821887,-0.09587946318532484,19.18892146404024,0.06747455426744277,0.38881819020194336,0.28707484018412477,8.835994431334429,-0.32115119668672654,-0.1941854451821928,0.011389245184857217,-0.034260140496135925,0.04726861993653944,-0.09026719762745386
-0.09939784032349312,-1.8210369027877682,-2.6986172948695537,0.0019651128067776375,-0.05542895055922681,0.0035315262058116985,-0.21307619435749262,-0.41379880774402916,-0.33066946399193303,0.06080101915173874,0.590894116433536,0.3052326585172139,-1.1069374286159672,6.818647209636157,-0.22161968088587405,0.011389245184857217,-0.037480703439340866,0.03405390691006468,-0.06462708794789503
1.7469053287929088,0.09441841800247269,7.121147176303144,-0.004677195486242666,-0.1379807860376524,0.009371587074330672,-0.37693473786456955,-0.10280112508463718,6.81032466679568,0.05600513590577531,0.32223360793722744,-0.030520151556497642,4.244195991200536,-5.2882086361817295,0.2707849939996858,0.006685044117566529,-0.03614751404977017,0.05678633896959756,0.13470619478101964
2.069641295210221,1.7463899520185113,-5.7026079522784645,0.00660498882606711,-0.025748154815231218,0.009393664679388559,0.1598795847632004,-1.6685718503307054,-0.8238489037086006,0.016995301724140904,0.2538035530576069,0.36733768820481855,-0.6541562227311883,5.277190847758291,0.9205283255934701,0.004328718812284688,-0.03442856403816599,0.05654692049755715,0.20980031815522318
-3.684329661588015,-4.095815182886512,2.5139948183362972,0.0007511495326533787,-0.06471567671273883,0.0035315262058116985,0.010015893223470549,-0.254991974128507,7.851330704834246,0.11114051660084788,0.22341342634221625,0.7902920964002172,5.646064878127402,-8.354101822264603,-0.18076073763712985,0.011389245184857217,-0.03614868475021871,0.03532687463672248,-0.045097784688726966
0.8580852417291396,1.167891544774163,1.7158460092817522,-0.18413241233291616,6.803745046431763,0.0035315262058116985,0.13665860833745028,0.051141388985030074,-1.5581849987373702,-0.19385209871458958,0.900597159385684,0.7597408319307978,-2.4679160599245784,-7.312929331213843,0.10457394758906581,0.011389245184857217,-0.034389165958428065,-5.293959013026399,-0.0989592585512998
2.7946208108607244,-1.4846195617701567,15.14412744564814,0.0002468719498855635,-0.19838998018364093,0.0035315262058116985,0.09421456359117106,-0.07939314404538397,5.042323409096626,0.1517868327450025,-1.9439478128255203,0.4471148911363019,-5.571522798167004,-10.820440406703286,0.4098617826496621,0.011389245184857217,-0.024939183017912606,0.03125124872023552,0.05310564178260971
-0.3849313904877001,-0.4421889510724051,-2.015893298738527,0.0019651128067776375,-0.035046933207764,0.0035468997687203114,-0.011358272239035088,-0.5228609995770425,-0.38675162705931015,0.06080101915173874,0.5858724790953388,0.24237347855222705,-1.0956668156904477,7.014071956339749,-0.35709995425734,0.006685044117566529,-0.037537938866490574,0.034111329360473945,-0.06977669273747669
1.063568428660262,-2.4244720908262622,9.426065193768737,0.0021980715566636577,-0.09026414305866197,0.009393664679388559,0.05104710127486826,0.022295954487354608,0.3444069829389658,0.3985005751091342,0.5292374387351396,0.022678639971090493,-0.881108350514777,6.838152156362791,-0.23919735214713284,0.004203338192126442,-0.03570716557578761,0.056864266913595175,-0.0984367045874242
-3.267879005800149,1.645084397096565,-1.2370651799180283,0.00017945899672691646,-0.20298134485635716,0.0035315262058116985,0.5311760870196367,-0.2480433460253865,-2.0031198090187043,0.1557055052228838,-0.1647419220274227,0.9289446230239524,-3.0239120632185448,-9.397883306551607,-0.3353222065698737,0.011389245184857217,-0.035887973852302565,0.03270430673978392,-0.12080706361623339
0.34270879428679313,-0.14370818262686338,-9.829957186826537,0.0021784006161781,-0.05051753528470423,0.0035468997687203114,-0.11742850713115706,-0.17736449512197633,-0.6607667022724691,0.046722119212029393,0.17799065769912886,0.8905380699412263,-1.1901009332723946,7.294625310018944,-0.42304526205947524,0.006685044117566529,-0.04157476501401096,0.03347769086479118,-0.09316788116942082
-2.5477909255257516,-0.3387943982706234,-9.193457520495148,0.0019651128067776375,-0.06115570777295653,0.0035315262058116985,0.14651004970940987,-0.39292538192067195,-1.8434312837827505,-0.16449437846060705,0.541132126960278,0.366272405389054,-1.2848643266630897,7.753168855503595,0.16210849640056407,0.011389245184857217,-0.03746496023745454,0.03575856081340747,0.14307750209008538
-11.564755771906738,-1.1473480115281913,12.774408852423322,0.0013458470439213256,-0.026174335288168052,0.0035315262058116985,0.055483629039994736,1.7663368321218715,-0.13257100698653987,0.30008734956261296,0.22433413783183312,0.5670440930199777,-0.4368586085155861,4.57119511484448,-0.16821138918211634,0.011389245184857217,-0.034977006591089384,0.024105935237483608,-0.10420182300099051
0.7741917472694527,2.7071700769325386,14.92265093269488,0.0047285094954459105,-0.2199925642940289,0.009378291116479946,-0.6844339075982139,-0.18653270917245654,-2.234359416829041,-0.0720437714718316,-3.028182712577886,0.5086340290384305,-3.261664017040897,-5.157744316928272,0.19528788800595545,0.011389245184857217,-0.035458937165314175,0.05430084091427431,0.17084633217804623
1.641431891628675,-3.9250386220069307,9.157993354721523,0.03266764854749163,-0.022686241032849608,0.009393664679388559,0.19208973072708713,2.6503509141899517,-0.5045693148645332,-0.015637301809265747,0.1840239761492457,0.06428106007133257,-0.16651764059999577,3.9252685469238995,0.7129097320447223,0.00441899833920029,-0.03438018238985161,0.05679702369791311,2.255994809263617
-2.077360817808048,2.263390073438982,-5.887816697063984,0.004634617343492679,-0.06115570777295653,0.0035315262058116985,0.08362073400931497,-0.31130201715762745,-1.1770851155114568,-0.16449437846060705,0.5503356086415461,0.3936931824033808,-1.2848643266630897,7.965837122008088,0.16210849640056407,0.011389245184857217,-0.03815551872771797,0.035793578162985916,0.15456024171906824
-5.60190995079256,3.396357462798242,-6.874138791991693,0.0013458470439213256,-0.05823521045622322,0.0035315262058116985,0.07081843322091982,-0.4625457395966708,-0.44601177187447494,-0.41341551646483826,0.5081218124693845,-0.33717760653812173,0.36157864638803927,4.019133102780673,0.21121295983721908,0.011389245184857217,-0.03790582857766253,0.03686772883126196,0.10869433815347161
0.979644953412168,-3.155890364112662,-1.0758738978342064,0.0058948975426403195,-0.041417754542833474,0.009393664679388559,0.04730995389500601,-0.6316648067540847,-0.6759318398700526,-0.15395781951640977,-0.32542976347065866,0.5454375871876104,-0.1680918830107382,1.9600202071459882,-0.7766531968632419,0.0074330985297026446,-0.03824606102358449,0.056561289102123866,-0.1823554551527427
-1.3168147188359935,-1.4348017858864386,-3.6736939037091654,-0.003463232212118408,-0.04099035514059935,0.009378291116479946,0.00010431457167783614,1.4009339379162575,-2.17077761254462,0.024138848228544656,0.6409269546362918,0.3463693654361155,2.4584948626969036,-12.131757262984136,-0.09713120978781604,0.011389245184857217,-0.0355279181297688,0.047077032041665384,0.032658415288780995
0.11907891850653236,4.277397362064183,-6.367385314531203,0.00478015677945068,-0.024770006925162055,0.009371587074330672,0.0016585158194960456,-3.600584451560296,-0.8366145259488657,0.03929803202319847,0.39079858879027063,0.2048625488224574,-0.8906849813520941,8.876595525101163,0.7580192396200496,0.0035834411414687375,-0.034060370084658356,0.05716171840291062,0.18211113613250993
0.1856334738602568,-1.2374166381063838,7.615722970689533,0.0058948975426403195,-0.15000110850617293,0.009378291116479946,0.2064100535584719,0.19376231580473846,-2.7012590887983787,0.5187757650318277,0.3418851101141278,-1.7436918448178496,-2.977770900229175,-9.147641148069185,-0.12986474802859008,0.011389245184857217,-0.035313387999646555,0.0565955933011897,-1.8949058931348697
-2.354105712647822,0.5967558184760614,-0.4628166553895113,0.0007987247595832279,-0.20298134485635716,0.0035315262058116985,-0.29643266537750657,-0.1066703357557316,-1.4780064956109282,0.13287222278341493,-1.2116133946175534,1.5315017313101442,-1.849591914103992,-8.914108312354548,-0.08923532717091912,0.011389245184857217,-0.03617566268805414,0.03308407927355562,-0.09361070587251627
0.5696696945858856,-2.8621546401984475,5.028941283885,-0.004677195486242666,-0.14451992298074975,0.009378291116479946,0.10800537629443459,-0.07250691526512036,1.6794039674299177,0.03589902516865815,0.4885757293626689,0.5087493889258112,-1.00100968777217,5.275071173444917,-0.2436136152749448,0.011389245184857217,-0.03605401943627617,0.06496479647519851,-0.07240211022423172
0.7640300098826153,-0.20032485612722098,-0.09549706821758966,0.021697974555516933,-0.05083304405179526,0.009393664679388559,0.04639807050317893,-0.5203747633134451,0.2539058564586035,0.9716557782592239,0.597753015925493,-0.07402733961434331,-0.6299413314026109,8.694865776335574,-0.1308199760847422,0.004203338192126442,-0.03774343056220345,0.03890447843390224,-0.0945428359881691
2.005112496900201,-1.3252882780314548,7.403130824748684,-0.004677195486242666,-0.13667192895302765,0.009378291116479946,0.03330682665911311,-0.05734179884645324,7.382241348033615,0.10360741441922165,-0.0908942692660118,0.4916002277549692,4.27086035578177,-3.335505327645473,-0.1819722673116776,0.011389245184857217,-0.036179581158218184,0.05673607334281002,-0.08543034259839971
2.6365456191692433,-2.4980806828354516,20.0619457738139,0.0007511495326533787,-0.03907236226586694,0.003524822163662426,-0.011581330448036255,-0.10586476006806263,10.785846856641697,0.11114051660084788,0.3154394913875268,0.6679202967316902,6.543787403980602,-4.695386503664861,-0.2554962609524098,0.006685044117566529,-0.027342613278665287,0.033492951359915445,-0.05421186049502716
0.8979594436069729,-2.1736183350769807,-8.454054695780075,0.0021784006161781,-0.05083304405179526,0.0035468997687203114,0.017907888833880236,-0.3263255656133926,-0.31761935197565294,-0.1298969378434437,0.03241506171578129,0.5075131705612711,-0.9643072639407144,7.28479753386805,0.60866494965478,0.006685044117566529,-0.036594412302171336,0.03237027668523702,0.15126076106846237
-0.8354647785363137,1.7813573487669032,-3.9319992436705604,-0.004629620259312817,-0.20298134485635716,0.009378291116479946,-0.28998046825137097,-0.13265050519300278,-2.277953523795712,0.06613584280292013,-2.7407031419515304,0.22957088762221683,-1.9804794039366973,-10.845589402306823,-0.12418658990410679,0.011389245184857217,-0.03546886279167947,0.037901248759127586,-0.10444459588563829
-3.045685749894353,7.8910824713180565,-7.212629738088777,-0.003630623996489452,-0.06294039566863559,0.009378291116479946,-0.0015676722959651807,-0.2162572119930013,-5.300772435256297,-0.6575981266794954,0.04868954872084088,-0.05720360141706078,0.694844742817493,-9.897195118807499,0.10283301588299748,0.011389245184857217,-0.03860252960439357,0.05790452949221284,-0.7030721245644271
1.053922460229667,-1.512695328346513,8.566619036824331,-0.004677195486242666,-0.1392586258853407,0.009378291116479946,0.10800537629443459,-0.09596412619460158,1.5408310802865777,0.03589902516865815,0.4936539392531607,0.5379281514102195,-1.0910119296197938,5.563734490550628,-0.2436136152749448,0.011389245184857217,-0.03609455714641738,0.0567710766039945,-0.08303289426154276
0.5213715157299169,10.677252707663833,1.8791650335339944,-0.005181473069010482,-0.20298134485635716,0.009378291116479946,0.1774509027683337,-0.028849046704162384,7.547547411048347,0.07738743787376011,-2.0741543751935185,0.2560409033242528,0.3538194770163468,-10.64195890951549,-0.2885233287641073,0.011389245184857217,-0.030064181278625063,0.04964303730509592,-0.10350925187649752
-0.2928403721975438,1.8469276919398019,14.819671975981048,0.0019651128067776375,-0.03733352827222102,0.0035315262058116985,0.08008992908184867,1.8445440200272218,-1.2188951599828102,0.0662380472651344,0.2413401754596003,0.8133893568790149,-0.658242731704889,9.877860312064016,-0.13101226911976324,0.011389245184857217,-0.026003937223348983,0.03533340367326602,-0.10835322345496988
0.8787154526875693,-0.9545251786775159,7.715959164946345,-0.004677195486242666,-0.08296083490380066,0.009393664679388559,0.028755313037213688,-0.0976132965009778,2.202973278055187,0.08718275354711441,0.34387404237378966,0.43112535300460453,-0.6926556309635197,4.9512003614992395,-0.34294795761983404,0.006685044117566529,-0.036098404560298857,0.05682849905440377,-0.08506763076650345
0.8666575129393412,-0.9626929187011143,0.9278161776206003,0.0007511495326533787,-0.035046933207764,0.009371587074330672,0.003906684917711879,-0.21017340097424383,2.207616687702648,0.00996995851405472,0.2549766575882491,0.4247649175382581,-1.0461489067617693,6.684579349001686,-0.2599188312274214,0.006685044117566529,-0.038406658952348516,0.04203805342299964,-0.07819821177009995
1.2627118739775165,3.4897172695406566,17.33630321402001,-0.003249944402717946,-0.12943654153150086,0.009393664679388559,-0.07751060351730629,-0.00050480370925571,-0.29975310338610006,-0.007177627295299369,0.6264758550980454,0.16410609674260107,-0.9719356814247714,10.377820055006847,0.8199438020503031,0.006685044117566529,-0.029879703412740752,0.0567564342709018,0.18251643100946624
0.2845484252234265,-0.5129230347189517,7.220614653960297,0.0058948975426403195,-0.0498001434284296,0.009378291116479946,0.07543261596834434,-0.22551941972002973,-3.437624483472112,-0.16609537210412725,-0.21436892044452313,1.058140907466319,0.0668826776639253,-4.535780589137218,-0.1911006311113965,0.012137299596993334,-0.0377842152220988,0.056468863390530116,0.17626415876090093
-0.4018299755772108,-0.9740570345979976,-1.6068897255839303,0.0019651128067776375,-0.035046933207764,0.003524822163662426,-0.011358272239035088,-0.5247009367937044,-0.3551967951808453,0.06080101915173874,0.5862640447843311,0.39035673341183424,-1.0956668156904477,7.35515833391364,-0.35709995425734,0.006685044117566529,-0.037537938866490574,0.034111329360473945,-0.0737411637541952
2.4341367716575535,0.5367249788099765,-15.541821208090196,0.007719729589256749,-0.0380229484130235,0.009393664679388559,-2.5370837778596447,1.874724960713372,-0.7444618333205886,0.03159546652891836,-0.39898367226773646,0.5562925254653064,-0.7619385201059229,7.345775500260481,1.3648982640600087,0.006685044117566529,-0.03507946604821113,0.05544882637786958,0.19094967741195962
-1.7191819336617231,-2.391216916844819,10.808161625401814,0.0019651128067776375,-0.11504455328139697,0.003524822163662426,0.02222674997172634,-0.7048178293568556,-1.2946677840615786,-0.45176685751699464,-0.5033736795591474,-15.712610321656133,-3.021161539531034,-14.715987512391155,-0.11941254840920275,0.006685044117566529,-0.034496360805401055,0.034663050303997474,-1.5147769859821465
-5.946730370913776,6.67273494402303,-5.747782052823671,0.0009522635360858183,-0.13715290771389765,0.0035315262058116985,0.022505743817977392,0.0006685219266695385,-0.8294233713802174,-2.0554428243919975,-0.8466941750790064,-5.73227243406545,-2.4279182357675726,-5.154697634871102,-0.34787803843773996,0.011389245184857217,-0.036560349216250385,0.024648066237141025,0.31863875570133127
-5.533024146152508,-2.0432199072949273,-7.64129128146782,0.0019651128067776375,-0.06097447095184027,0.0035315262058116985,-0.29631707366478643,-0.3907657384818771,-1.2387764033594304,0.05639735137142964,-0.03173811966005542,0.5302332007375518,-0.7779003019880442,5.08486017611798,-0.12873695084087036,0.011389245184857217,-0.03745770816596399,0.033140773086715224,-0.11413746403872456
1.2237131408708075,-0.46584050699723334,7.181362067400205,-0.004463907676842204,-0.12943654153150086,0.009393664679388559,0.04134800872127468,0.02377817509124891,1.3823943553823557,-0.1980050495231677,0.6179927862653661,0.6044990972445059,-1.23464360006723,7.645787212864139,-0.25090572205279416,0.004203338192126442,-0.03571691614564262,0.056864266913595175,-0.10648925979055104
0.6383764228212165,1.5635229654701392,2.0241648351375217,0.0021784006161781,-0.05475597685952949,0.0035468997687203114,0.008072582654904946,-0.2538423018803367,-1.878510945967507,-0.18308655700875423,0.08514353085842497,0.6704357020301936,4.6135446351713165,-6.735694981667997,0.16975760283792207,0.006685044117566529,-0.03674023779210918,0.03232507135923382,0.09068612391610126
-0.19679927773324285,-4.186014810840279,0.492057280803022,0.00478015677945068,-0.04776990994956462,0.009378291116479946,0.25496533719032033,-0.7332819629936658,-0.8045230108381244,-0.10589949799685991,0.07721880324177517,0.4826650551171413,-0.40696955001810425,8.23562687717978,-0.26155822269432616,0.009032919879575376,-0.03819356014591375,0.06455763177991203,-0.09882994483271342
4.955405367823517,-3.5957748962972933,-28.87714751531821,0.0058948975426403195,-0.051473757522188586,0.009378291116479946,0.25705448407746684,-1.0923111979927829,-0.7185799738130085,-0.15395781951640977,-0.2018294970265427,0.5816338609509508,-0.3353536836393929,2.0038146631037588,-0.3425648843390262,0.009032919879575376,-0.03947673880260129,0.0539258525108567,-0.09882994483271342
-13.604136422949303,-4.885298010849952,-4.545009542208919,0.0009522635360858183,-0.057756206513291455,0.0035315262058116985,0.0038658862127228066,-0.41734718020415484,-2.4671957164173697,-0.4473489834736125,0.8012926320111046,-0.46522043191358486,-0.6777367104681159,-4.304873165098575,-0.34787803843773996,0.011389245184857217,-0.036775470286015376,0.02569223481845701,-0.2550513338107758
0.9135130633971934,-0.1736040323879763,8.731247239408633,0.0021980715566636577,-0.12211420534967889,0.009393664679388559,0.026830155472079377,-0.20394170630662392,0.8396403928260288,-0.05421284373380628,0.17857827511209057,0.11307546600399714,-0.24807108520497792,6.197688398706662,0.670139026565075,0.004203338192126442,-0.034988972862712006,0.056864266913595175,-0.10155157287204516
2.9343477326069998,-0.4417429988729156,-0.8939772779488316,0.02712631957441298,-0.04872102135410588,0.0035468997687203114,0.05896354322632466,-0.1334885957556734,-0.6683763802199553,0.602632192800714,1.023844170288439,-0.21987937428801355,0.5505993563165457,6.2410837940545765,-0.11297934583464343,0.004203338192126442,-0.038063615504188186,0.033960405395791836,0.13120547442979083
-2.7577193653642973,-2.1876555332366814,-21.456381614333736,-0.9355362995040802,4.031522532076233,0.009393664679388559,-2.4648055508020126,0.24767221561562422,-3.848696235779594,0.5033613596272276,-0.7166833839681869,0.6117095722332494,-0.14474372790071985,-4.885911502047749,0.5514617330023993,-0.5354717589900476,-0.03706701715692576,0.05257603994744281,-0.11476875773751882
-1.2974781432955305,-0.5990715247427998,-4.196074964586541,0.0019651128067776375,-0.06097447095184027,0.0035315262058116985,-0.29631707366478643,-0.3864105028220338,-1.211116543801166,0.05639735137142964,0.06499244062639142,0.5302332007375518,-0.7852069976101188,6.097061259229308,-0.12873695084087036,0.011389245184857217,-0.03745167196945598,0.033140773086715224,-0.10780645381426811
0.48840403442644514,-1.616468192127531,-1.5130062585085906,0.0019651128067776375,-0.03029764827859039,0.0048629464866121516,-0.006068756777786535,1.2785262335566523,-1.6408977124337225,0.00546867093575812,0.25180956795327597,0.566142253150831,-0.35445040573132924,8.201463351256475,-0.16084260336122544,0.006685044117566529,-0.03436490503689684,0.03747442250108096,-0.08946278656012166
0.44167178450585304,-3.7214179935915928,-3.699181524910426,0.02712631957441298,-0.05467723628878193,0.0035468997687203114,-0.16738867893000467,-0.4869842580696585,-1.403190651963154,-0.07684656232405752,0.46011009610744186,0.5771008562156072,3.0329202961745727,-7.426384869669255,-0.06692922068679492,0.004203338192126442,-0.03799543260961777,0.0330305118189126,-0.10486620166299783
0.9602127300646015,-2.155889384537231,-1.500951064748198,0.0007511495326533787,-0.05542895055922681,0.009378291116479946,0.08315674817493278,-0.23040931583725216,1.682037961451603,0.00996995851405472,0.252703515302119,0.33598991870914696,-1.12069791598264,7.496339837852643,-0.20958951118659977,0.011389245184857217,-0.0385855362950064,0.04200826188270906,-0.06908413596379978
0.6700367637085837,-4.361034992829314,2.0331654082678927,0.0021784006161781,-0.04853978453298962,0.0035468997687203114,-0.7866675432563317,-0.5015155022799657,-0.3136382512086818,-0.09562012034190193,0.9669369252833452,0.6328969556282947,-0.7214905812624481,4.46297949898706,-0.10125282081409687,0.004203338192126442,-0.03736053066313256,0.034052035957452306,-0.08324920410008367
0.1823023769849608,-4.537878327916688,-0.7127817608548195,0.0058948975426403195,-0.05820859753267707,0.009393664679388559,0.020834663690898435,-0.15805353929466331,-3.5788062699534593,-0.0701637212449064,0.49382755559993335,-0.1017639417099498,3.221547954742279,-7.586191802107033,-0.15774659809275624,0.006685044117566529,-0.03797295844909253,0.05648735822305846,-0.11989598926779711
-0.5457980683084013,3.8823553658557985,-0.13982089564511557,0.013466583137686627,-0.06405726593138232,0.009378291116479946,0.43499215237327227,-0.2319685682022323,-0.8084270473101515,0.04948482243392457,0.3386385306352515,0.10188810087732597,-0.6537150216259442,5.542739123276317,0.4197943776151708,0.011389245184857217,-0.037942582512145405,0.06422590312395957,0.21017175140880365
-4.552017655998499,7.57546247152,0.11452250296952844,0.0009522635360858183,-0.049815277967787286,0.0035315262058116985,-0.09767892807581989,-0.48364448768334306,-1.587425464287344,0.3628307716147306,0.2641408537471279,0.21494914254502612,-0.7509416405330589,4.9824755754370775,0.5184456771072543,0.011389245184857217,-0.03770542243040078,0.03801817689335621,-0.13978352296282248
1.1407999085819949,1.298704589848329,8.304781413449017,-0.004463907676842204,-0.12197993340370411,0.009393664679388559,0.04134800872127468,0.014885786216813898,1.478761954908332,0.06126757262952992,-0.161333677850272,0.6040400170817076,-1.2106921481378523,6.815248460291125,-0.5726981632981727,0.006685044117566529,-0.03570716557578761,0.056864266913595175,-0.10648925979055104
0.21141186791654706,-0.6076729914376982,2.681644087383114,0.0019651128067776375,-0.034238698444173085,0.009371587074330672,-0.013180676349481616,1.1163998078046187,-2.187809620442822,0.024138848228544656,0.25074799246122387,0.8181854142027984,2.2005833385623887,-8.887134775352115,-0.09983703808628679,0.006685044117566529,-0.030852425384633557,0.037407215276620207,0.034378229495602826
0.5943011101574769,-0.12704927943566144,0.28992946050273494,-0.003463232212118408,-0.03522817002888027,0.009393664679388559,-0.002997039600528054,-0.5355715422154393,-0.4182047436091601,-0.05573768614087279,0.648262022703664,0.23697690183060827,-0.6713927221823267,8.628914406603771,-0.23457058155744345,0.006685044117566529,-0.03858587831063907,0.038868710574710835,-0.08117376216724834
-2.0131711337504417,-0.6028476433293125,4.76421456985201,0.021697974555516933,-0.12943654153150086,0.009393664679388559,-0.11197814174557823,-0.32784121068014627,-0.16366029277664826,-0.1606164051614254,1.2971919925724704,0.0005920212823007517,-1.2459826099383136,8.181298564204138,-0.7078895460083774,0.004203338192126442,-0.03611197832108388,0.0567564342709018,0.159483295423646
-2.049941252749074,-7.626803120552759,7.413582198472488,-0.0027652882453490834,-0.23509260837769166,0.009378291116479946,0.5172574229187143,0.1377156385625613,-0.395490992017149,-0.0539871617464344,0.23788169172904136,1.0680628944301447,-3.772749161806094,-13.582806063945373,-0.5360161641981287,0.011389245184857217,-0.03843465445285731,0.06538311292908719,2.3267636231968516
1.8789784167787704,4.27862903739472,-8.831601698121395,0.007719729589256749,-0.06199134795268207,0.009393664679388559,0.15417958533590967,-0.22797552386212713,-3.9015157864048033,-0.113660013477956,0.5817836610389767,0.43802570030002763,1.4308884366557502,-5.613484173219204,-0.5162519047080378,0.004203338192126442,-0.03780360603723029,0.056027684062301464,-0.13495621990146722
0.3284187507665569,-0.664233317527263,0.801413225299355,0.0019651128067776375,-0.03907236226586694,0.0035468997687203114,-0.34503731810793103,-0.3166569689758266,-1.9426277706990438,0.05604278498222142,0.40311666134950586,0.8697826816468514,9.114355141353455,-4.3252761286980475,-0.11833078809252502,0.006685044117566529,-0.03808575117667036,0.0329947439597212,-0.0914971278420771
0.48297531091824136,-4.857786032618567,-3.441275653985136,-0.004677195486242666,-0.061118303853402785,0.009378291116479946,0.08175313802699978,-0.08936049502974416,2.302130601235226,0.039013322116556344,0.23582799859152956,0.41043884980169254,-1.1978830604398523,7.30663895283791,0.6030769121719506,0.011389245184857217,-0.03958230312151002,0.06366897379345104,0.22242204873645877
0.10394584214519813,-2.6101258507079694,-6.794475022457121,0.0007511495326533787,-0.035046933207764,0.003524822163662426,0.003906684917711879,-0.21017340097424383,1.400749875475138,0.00932778242265712,0.6634806780551992,0.49403669842521736,-1.053221790160962,6.873670477296631,-0.5794390183361565,0.006685044117566529,-0.040142773919167526,0.03352795462109992,-0.07819821177009995
0.07888593190503675,0.03849938180442566,-4.957763894985009,0.0019651128067776375,-0.05561018738034307,0.0035315262058116985,0.14651004970940987,-0.4763699517996181,-0.37339956318412576,-0.16449437846060705,0.5276718395796907,0.3694342612631711,-1.310637850843783,7.617530555990908,0.2944711548219862,0.011389245184857217,-0.03803189840993008,0.033867215086191164,0.08849633218045852
2.309650667321212,2.3178020999556033,-2.782921155135649,0.03266764854749163,-0.057752906377856794,0.009393664679388559,-0.3758329055998928,-0.5843799644999194,-0.4996209756172442,-0.011677094409241,1.1178231429279697,-0.11843513786128071,-1.0111481828596571,5.872700330454818,0.424011908174096,0.004203338192126442,-0.03469148168100671,0.05609035621277776,0.17994463977363273
0.6907209122252337,-1.80410048003531,11.271922098568792,0.0058948975426403195,-0.043833998164261236,0.009371587074330672,0.20215722539341668,0.38767117682134034,-3.807009041423509,0.4358770160529962,0.10317172684963405,-8.437959754987226,1.0088528411500597,-9.508277272702307,0.3686818441127905,0.0074330985297026446,-0.03596238833936614,0.05944572952790583,4.6010555807796605
0.8919916002102949,-1.0235543320645886,-4.265356728795407,0.0058948975426403195,-0.05403469074114621,0.009378291116479946,-0.02971727829874749,-0.3063251949522263,-0.6953037440704999,0.04948482243392457,0.4581985439220596,0.06909996172888996,-0.662378502915111,5.3095950803745415,0.552157036036593,0.011389245184857217,-0.037937450722152155,0.05604529432261573,0.1032311376917098
0.857504116240805,-2.588367208856579,-7.277862293033299,0.008016790674530073,-0.19450356730606616,0.0035468997687203114,-2.758121894948351,-0.28977303344476035,-1.9921556175288435,0.6048308037041427,-11.469963241400961,0.36443207849652637,-6.335635554938774,-16.26746578968498,-0.011063861663397007,0.004203338192126442,-0.03239623783632803,0.027530957919801306,-0.06807345622302276
0.9897267619497478,-0.4482115975228328,5.350663903228155,-0.003463232212118408,-0.14451992298074975,0.009378291116479946,-0.02971727829874749,-0.11803308500562668,-0.6598219618857385,0.015444969430890043,0.4981936047342091,-0.20492714201088855,-0.6474295075805551,7.661240001685264,0.2985130764701193,0.011389245184857217,-0.037659585525270836,0.056492607923125486,0.14638784774599245
1.427937378758138,5.55748000017651,-0.5152062024014533,0.0021980715566636577,-0.050651807230679,0.009393664679388559,0.0005779172046445848,-0.38169367210482563,1.1836027013548716,-0.13935163698969844,1.2880769073043603,0.007479424447177514,-1.6024527572768916,6.637607298343663,-0.1645414566697546,0.004203338192126442,-0.029007413203708796,0.03903997996588744,-0.0984367045874242
0.20295502972379387,2.297846840518977,6.885882149275571,-0.004677195486242666,-0.06097447095184027,0.009378291116479946,0.08175313802699978,-0.08689859897566071,4.565146373789038,0.036214239886367385,0.22658965975976988,0.2784261997246943,0.20723150398289011,7.065772638219072,-0.14926943279265759,0.011389245184857217,-0.03407349375256118,0.051671690643714005,-0.11425354890252662
-0.02184223454361729,-1.2463035366778041,17.326010489016248,0.0058948975426403195,-0.04051226752502712,0.009378291116479946,0.2528012441046683,-0.6311623302347751,-0.6357850305811028,-0.15395781951640977,-0.22858525539366698,0.5640481177668024,-0.279040205172016,6.541439416238573,-0.3425648843390262,0.012137299596993334,-0.03762015456633965,0.05650386665171459,0.16459550872955145
0.4823343285990447,-5.253655904235945,-5.217821299624524,0.00478015677945068,-0.05722513045188604,0.009371587074330672,0.04174468121176407,0.10511729250021024,-4.2433095676261265,-0.1448908704970044,-0.1529389715027349,0.8919034551532438,-2.4229634419271355,-4.484943074432566,-0.18396969669582638,0.004328718812284688,-0.038397972477350245,0.05552849686365022,-0.09627537060766415
0.42000138979112966,0.2858482566969604,-2.856359885591475,0.0021784006161781,-0.05051753528470423,0.0035468997687203114,-0.04517483485420893,-0.5104078911544008,-0.324269364650912,0.030968564076628916,0.5024373491004938,0.5199826063240247,-1.1435421664916634,7.0115921040389475,-0.42304526205947524,0.006685044117566529,-0.037496389703631325,0.03414709721966535,-0.08808345347690329
-1.6121624099265395,-2.454121999997396,-3.030432510611827,0.0019651128067776375,-0.0606902476546359,0.0035315262058116985,-0.21307619435749262,-0.47333421929326003,-0.31256416008399673,0.06080101915173874,0.33916365518692326,0.3009949707896532,-1.0931850561814889,7.586352361979426,-0.22161968088587405,0.011389245184857217,-0.03750784608171812,0.03594525263728098,-0.06462708794789503
-0.4018299755772108,-0.9740570345979976,-1.6068897255839303,0.0019651128067776375,-0.035046933207764,0.003524822163662426,-0.011358272239035088,-0.5247009367937044,-0.3551967951808453,0.06080101915173874,0.5862640447843311,0.39035673341183424,-1.0956668156904477,7.35515833391364,-0.35709995425734,0.006685044117566529,-0.037537938866490574,0.034111329360473945,-0.0737411637541952
-1.5721124382737595,1.0957269242160834,13.803854908374733,0.0019651128067776375,-0.03704930497501666,0.0035315262058116985,0.08008992908184867,2.2842443402914108,-0.12334737675059604,0.0662380472651344,0.2545291472428445,0.8123135250255713,-0.660182781667399,10.851462411710447,-0.22389499916476693,0.011389245184857217,-0.026568333901217905,0.03533340367326602,-0.08034871075382147
1.087065917046831,-1.8284127515912896,-9.622498649155244,0.0010120125689836907,-0.19347856490911827,0.0035468997687203114,-1.3342160378065222,-0.47029190004370724,-0.7506195567917614,0.04628861002105969,-3.8838428149230513,0.843213883328697,-6.9834079995133385,-13.649399801703662,-0.17965424767820298,0.006685044117566529,-0.03516621040059752,0.027530957919801306,-0.06815155572969561
-0.9431819130976414,-4.209675072264643,2.708276107194591,0.0021980715566636577,-0.12943654153150086,0.009393664679388559,0.14108562810800987,0.14858858533640848,0.9340483900315018,-0.4457004912210906,0.7273725779762532,-0.4319667069540496,-1.093544746279408,6.212241067420204,-0.47954212953044084,0.004203338192126442,-0.038294418327152316,0.0566864740517978,0.17691735398637964
-0.6730711735410002,-0.961864632753397,0.32080143455818344,-0.003463232212118408,-0.06115570777295653,0.009378291116479946,0.07625302365669281,-0.2242536542284499,-1.3744286008858964,-0.10976690507941927,0.3137742793469241,0.2615570171040872,-0.7631285385823696,7.444751135511319,-0.21382890538290167,0.011389245184857217,-0.03768974705848499,0.04700500799550561,-0.11035968030327153
-0.3170070435199442,5.792922347651786,4.576784654974692,0.0058948975426403195,-0.06829570750620757,0.009378291116479946,0.10277099696427655,-0.1115608292553213,-3.7065320302566,-0.0701637212449064,0.37706246044367664,0.03336628062620164,3.181671172951371,-7.283498872370022,-0.10833819284046532,0.011389245184857217,-0.03588419379610028,0.0647867693140863,-0.1490819074038203
1.0254227191255458,-2.5855243665498215,6.437675485936525,-0.004677195486242666,-0.12740776577242793,0.009378291116479946,0.10800537629443459,-0.06642175541830257,1.6781843199231319,0.08998183577730337,-0.19217058206908477,0.41508847277624383,-0.9815127247865719,4.806522574459573,0.32438877196281063,0.011389245184857217,-0.035991232647394664,0.05681204819981141,0.07745103785757944
0.8772244142864952,0.5369922627015309,4.5540690953384635,0.0021784006161781,-0.04858674940813111,0.0035468997687203114,0.02216112880667865,-0.523716972843925,-0.2800941346673616,0.006925854576678627,1.0243025935752594,-0.07549022241814887,-0.16833460951429915,5.154613899794176,0.530074709521967,0.006685044117566529,-0.037574075811291664,0.033960405395791836,0.13129588052539395
-0.9008063887603536,-3.247982499940103,-4.935547180297836,0.0021980715566636577,-0.050651807230679,0.009393664679388559,0.02479486300743345,0.09291778107757115,1.127281761774349,-0.15766794797967038,0.3562961816742825,-0.03770203360171753,-1.366121607636894,8.4309852576528,-0.07030923515113335,0.004203338192126442,-0.038944927357321045,0.0555684442318477,0.17502690064318308
-4.747730871979413,6.878950890362558,-7.098131950337473,-0.0040242075043249595,-0.05889022799234518,0.009378291116479946,-0.0015676722959651807,-0.3006612835474029,-2.84409400475338,-0.8308354954909153,0.5157381506284082,0.044035344910993215,0.01698447156305933,-8.68659481471652,0.25453664187952746,0.011389245184857217,-0.03946083843345383,0.044317669972536944,-0.16974893891809817
-0.2513746724057909,-0.9661846639617849,2.2227686186750013,-0.004968185259610018,-0.289311198824506,0.009393664679388559,0.2729446151551792,-0.048984457615810204,2.943333414108809,0.05115704223846637,-3.3563180017004792,0.5635661472602015,-5.862078698527795,-12.432177127820923,-0.39939918725001944,0.006685044117566529,-0.034094893614764844,0.05467249990474399,-0.09880478738514027
0.9277746797233256,-0.02844396155103282,5.053242812732293,-0.004463907676842204,-0.050651807230679,0.009393664679388559,0.015095770453839849,-0.03944708712010729,1.2812603321016973,-0.17049808157303684,0.28220372982153885,0.49393844292150235,-0.395560818617839,8.631714823552183,-0.25090572205279416,0.004203338192126442,-0.034714942504785136,0.04357116108211067,-0.10337439150593009
-1.700644411684435,2.040530976676999,-3.357089588551982,0.0019651128067776375,-0.03704930497501666,0.0035315262058116985,0.40837871288452116,2.0453643734117937,-0.31563945439061014,0.0550390155121581,0.09515727727194398,0.5644217598101918,-1.0375355239615778,8.302774906381165,-0.22389499916476693,0.011389245184857217,-0.03670457777241903,0.03319833047757443,-0.08415095983400027
0.5570203255104177,-2.9962366696957092,-0.600306853549082,0.0058948975426403195,-0.05945466168475921,0.009378291116479946,-0.02649003835134699,-0.07284613376085046,-0.6591060681663633,-0.03251017912438561,0.4825536980736266,0.17911147652450432,-0.8069155864697228,6.642805370414824,-0.22847531518543354,0.011389245184857217,-0.03774140347527878,0.05646493903383366,-0.10156785750356918
-6.252113721010779,5.467309446366456,21.041831948236386,-0.023037053524559883,-0.03733352827222102,0.0035315262058116985,-0.3564921660210617,1.5477736972588623,-0.25026097501606664,0.06902794416116523,0.3275475718392058,0.6541657531180485,-0.763776923678023,7.22675188137784,-0.04719566959449489,0.011389245184857217,-0.032775803415067556,0.03530565203993593,-0.12911726679691618
1.3021377714226512,3.6459293965115314,10.766979933627407,-0.003249944402717946,-0.12943654153150086,0.009393664679388559,-0.1773174160688352,-0.00050480370925571,-0.3485263809614081,0.012742140237584545,0.6366767811821051,0.516378170352019,-0.9719356814247714,9.564449146660955,0.8199438020503031,0.006685044117566529,-0.03565501720988857,0.0567564342709018,0.16519904209900735
1.9254887641280702,4.589045711998932,29.019537483281752,0.007501447797570771,-0.1018650984039356,0.009393664679388559,0.48344704088273366,0.9633412199390318,11.938163417871866,0.3890579106826274,-1.6024260766386877,0.14614345674781007,-1.2048110074155818,1.6064813686946338,-0.3159735063500734,0.003524022017197653,-0.03482486094748139,0.056757394965266945,-0.1059162461837209
0.41446596669584995,-0.06674067163598052,-0.8303345522714451,0.0007987247595832279,-0.1780079628321781,0.0035315262058116985,-0.3091654026039114,-0.4671796878228681,-0.6984754119139248,0.3065586268194095,-1.9244808753659877,0.9010468602739861,-2.8870521922098105,-9.4292630514391,-0.14472183073387113,0.006685044117566529,-0.03576278073338726,0.030837980212054476,-0.06370638700306333
-0.9032441449966429,0.8556672022906409,-7.782102989695172,0.007626416575559702,-0.13539871223348554,0.009393664679388559,-0.36577250198414196,0.20387820792339753,-0.8163244982997035,-0.8455738821463354,-0.34093177269053887,-0.30343835691535387,-5.868688694194744,-13.087569750421725,-0.12222439165478369,0.004203338192126442,-0.03574634392263361,0.0422321064596658,-0.5916433533862029
1.1390043523573579,-0.24076271399577298,-3.6057124774498335,-0.004677195486242666,-0.035046933207764,0.009371587074330672,-0.013309958560391896,-0.12735006719921604,1.8222341737178387,0.05495152462370265,0.17879290573190423,0.4153802676013772,-1.0891877324863917,7.997680965998277,0.8972157734454254,0.006685044117566529,-0.0396056428563645,0.0555326763726563,0.25782659520696494
1.0060657645366966,-0.6824906730721563,-9.963642185566583,0.0021784006161781,-0.05083304405179526,0.0035468997687203114,0.017907888833880236,-0.3263255656133926,-0.3232911032934723,-0.1459829544689781,0.03241506171578129,0.554004971509528,-0.9643072639407144,7.331289334816305,0.60866494965478,0.006685044117566529,-0.04028844859421799,0.03237027668523702,0.15126076106846237
0.5256425689933037,5.155825989222874,-1.836484484426306,0.021697974555516933,-0.05467723628878193,0.009393664679388559,1.2147844001507473,-0.02352052957918191,-4.852458371410499,0.3660573537909461,1.9093498316154582,-0.1291891731743776,3.3018875492820783,-12.049556230833954,-0.06777945594315943,0.004203338192126442,-0.02696858992508104,0.038918945089202815,0.024776931791687544
1.4110088339370224,-0.3221678019676074,3.421421765597979,-0.003249944402717946,-0.12859205939412008,0.009393664679388559,-0.3537519881739607,-0.11881220109388062,-0.6577658278836166,0.00039993917071597324,0.49442400154941846,-0.24581982545767223,-0.7800271753649101,7.859369308072249,0.4784484035797999,0.006685044117566529,-0.03774191223186137,0.056585798232726164,0.1925824414548012
0.6238360307423708,-1.4603444622842834,-1.622968201592832,0.00478015677945068,-0.060242958042523394,0.009378291116479946,0.21319424711527385,0.5155025452834316,-4.021965193718333,0.26159959154432005,-0.06831282104484898,-9.773610704927254,0.16200089714072416,-5.939222127021588,-0.18396969669582638,0.004328718812284688,-0.035731305548042845,0.05774917580615004,-1.564646743447414
-0.016881184184133615,-0.9793267812543196,8.408090823018783,0.0058948975426403195,-0.03638769530740616,0.009378291116479946,0.2483259167794769,3.9736733478258404,-0.8270383271699089,0.11323915066752559,-0.016490878624247644,0.3782414996544615,-0.1162550035147221,3.585947532465868,0.3332034270249685,0.012137299596993334,-0.036595290335982515,0.06489755325951646,-0.09467955138529727
0.9897267619497478,-0.4482115975228328,5.350663903228155,-0.003463232212118408,-0.14451992298074975,0.009378291116479946,-0.02971727829874749,-0.11803308500562668,-0.6598219618857385,0.015444969430890043,0.4981936047342091,-0.20492714201088855,-0.6474295075805551,7.661240001685264,0.2985130764701193,0.011389245184857217,-0.037659585525270836,0.056492607923125486,0.14638784774599245
1.032713022168683,-7.517624937098044,7.858298674814597,0.0058948975426403195,-0.05365394836557609,0.009371587074330672,0.22684318735979264,0.06111077786106809,-3.5329191311305466,0.26136177893841617,-0.17316015032516346,-11.897930416578596,0.6928984048434431,-6.996439088335307,-0.27485655625823313,0.0074330985297026446,-0.03423854008727917,0.059332526619733095,-2.41513515620908
0.23692074296560683,-2.995330440659572,-2.6049628580606212,0.0058948975426403195,-0.05415139277896808,0.009378291116479946,-0.3692250669728139,-0.10435272914341391,-0.6836333993552757,-0.07855387525614163,0.6676624964594935,0.17940327134963777,-0.7938968789716245,6.81362199369126,-0.3292711099676064,0.006685044117566529,-0.03775733696692352,0.05652236148424293,-0.07585343958677847
0.9974489245776834,4.872178420313678,-4.228419578179587,0.02712631957441298,-0.11876045560658458,0.0035468997687203114,1.73632433542498,-1.2209134441756078,-1.9140229601634255,-0.332278902352325,-0.5712693862554249,-8.743209975168218,-4.0436335933106795,-17.605654044399714,0.005737029752990839,0.004203338192126442,-0.03154951319229491,0.03325372673831234,-1.3586116322971675
0.7388916411357842,-1.9902084569217657,-11.620013137668883,0.0021784006161781,-0.050651807230679,0.0035468997687203114,-0.36290770259198324,-0.3159023939357198,-0.31647138355730103,-0.1181765442040815,0.3282776852872309,0.7496457664660559,-1.7348348413199697,7.304314075394809,-0.10125282081409687,0.004203338192126442,-0.0380218109653687,0.03306551508009708,-0.103258306642128
0.917173599360173,-0.8473968995176064,-5.330231353753042,0.0010120125689836907,-0.19450356730606616,0.0035468997687203114,-1.3342160378065222,-0.45712531145136315,-0.7937694416477824,-0.06185266148026054,-3.933348821527942,0.8855475334543672,-6.355991630922947,-13.574967726686337,-0.1050286332338022,0.004203338192126442,-0.03516621040059752,0.027530957919801306,-0.06815155572969561
0.36438298940597447,-3.8060527771058306,2.962379046153804,0.0058948975426403195,-0.13943654250497267,0.009378291116479946,-0.15913341679349405,0.21477867141834409,-2.766191173103019,0.47273206890007174,0.5373068888561693,-1.8269826843306423,-2.9695177588725334,-9.438759723486726,-0.15774659809275624,0.006685044117566529,-0.035306291519785135,0.05665301575159897,-1.8691914752180792
0.24603121755936425,-1.0689764282857557,-3.1009890127037716,0.0021784006161781,-0.050651807230679,0.0035468997687203114,-0.04517483485420893,-0.5015155022799657,-0.3378213111788797,-0.11377287642377243,0.5112247020092874,0.5199826063240247,-1.0697041314641598,6.953890759958738,-0.10125282081409687,0.004203338192126442,-0.037496389703631325,0.03414709721966535,-0.08808345347690329
-0.2815703599897579,-0.03407450446863016,3.011298076736817,-0.004968185259610018,-0.19450356730606616,0.009393664679388559,0.09110225152052914,-0.9213774994960744,1.2258000352382585,0.03289099047461047,-2.006218068528402,0.4467650235777089,-5.368392627734734,-10.889437289857016,0.49479612863485317,0.006685044117566529,-0.03155586507479874,0.04319744963051845,0.08827118391294171
1.4847884039510517,-1.9182565217179584,2.8530497185830916,0.0021784006161781,-0.05051753528470423,0.0035468997687203114,-1.1728463267540794,-0.5104078911544008,-0.3590710654961998,-0.0035077704439251986,0.6231291738030139,0.6752306057539651,-1.5887333845468554,9.09772284178975,-0.42304526205947524,0.006685044117566529,-0.03736053066313256,0.034052035957452306,-0.08324920410008367
0.2821572184801094,-1.7092378818149232,-2.33595075330697,0.02712631957441298,-0.050651807230679,0.0035468997687203114,-0.1158803284983393,-0.5025552497700864,0.35791770923774346,-0.1014108136885874,1.1474867092817609,-0.011727460276908753,-1.0697041314641598,7.046903264376691,-0.08954445090843564,0.004203338192126442,-0.037496389703631325,0.03414709721966535,-0.08800535397023045
-10.76771339265778,-4.394084486336216,-3.6945954771170855,-0.14794586187255548,-0.052266543841238064,0.009378291116479946,-0.5792775364664013,-0.6681013893932743,-0.28617606828477493,-0.18362399578930422,-0.33808661327234796,0.5608862618926853,-0.09791527469772993,0.33446270171796016,-0.19839990691113393,0.012137299596993334,-0.03923802018440518,0.0636369192494061,-0.7413569601504082
2.7602792455967773,-2.592640886125841,-7.13712227941504,0.007719729589256749,-0.05690842424047604,0.009393664679388559,-0.3537519881739607,-0.3425877244631429,-0.7181508705914216,0.0344397921737505,0.4519653660201042,0.08044048724824221,-0.679989481357119,5.758302345103825,1.7836024993491537,0.006685044117566529,-0.03799536951257312,0.05609035621277776,0.19030243557900273
1.6338775745521592,0.05594250377389108,2.348358911730481,0.03266764854749163,-0.06177833543595974,0.009393664679388559,-0.46102446735737035,-0.1409630588707555,-3.844282398177676,0.24804206031785522,1.0347930660565532,-0.3959703927927631,2.6361992602961553,-6.161397309078142,0.32989374922112114,0.004203338192126442,-0.035502398007286794,0.05605535295159329,0.15741004998292707
0.5904182015924515,-2.3590474945730278,-0.9199627822431167,-0.003463232212118408,-0.06087148447575217,0.009378291116479946,0.07625302365669281,-0.5567713052275463,-0.17111053790258654,-0.05573768614087279,0.6521949196825284,0.25358909175478644,-0.6728815529821671,8.24634895916907,-0.21361651250398883,0.011389245184857217,-0.03856423994171006,0.03881128812430157,-0.0760241573776667
1.252284273105858,-1.8940009219793235,5.433653568969277,0.0019651128067776375,-0.0606902476546359,0.0035315262058116985,-0.29631707366478643,-0.23145666914661853,1.4364192333431332,0.050325637888357456,-1.2010620319021628,0.5369996718138391,-0.6888922599336877,6.782462652552249,-0.22161968088587405,0.011389245184857217,-0.03413045254454997,0.03338450055519051,-0.06971151564041253
0.3782185246678382,-0.0976431341180819,-0.5467173545531745,0.0007987247595832279,-0.1780079628321781,0.0035468997687203114,-0.2559688625987723,-0.4751510479707911,-0.9243658819876764,0.09322272258617591,-0.561333561480448,0.8369401825933481,-2.8888002867823865,-9.34894236439509,-0.14472183073387113,0.006685044117566529,-0.035808009580761684,0.030837980212054476,-0.09029362636829098
-1.81272142311456,1.443418510359794,-2.520323295691908,0.0007987247595832279,-0.1795243289682359,0.0035315262058116985,3.1003650315053637,1.877654862159228,-1.329552195155486,0.09157952934097795,-2.6948553016788193,1.0783531748851691,-5.056112165384217,-8.384749340420846,-0.0903170874875969,0.011389245184857217,-0.02991280853247158,0.031006563468723228,-0.1233114356378721
0.807864859922888,2.074327462898441,-21.719448095681365,0.0058948975426403195,-0.05521190359682966,0.009378291116479946,-0.2571689735588129,-0.3060950376965539,-0.8011018418628396,0.04948482243392457,-0.37674588735231523,0.4568029487788893,-0.8444419083018927,8.106790582993534,0.46388953513562753,0.011389245184857217,-0.03798605702531484,0.052342524446708234,0.09011939888884427
-0.7128592558027211,0.4898792340343824,-4.3275070449902335,0.0058948975426403195,-0.052266543841238064,0.009378291116479946,0.33744119342976403,-0.5617068519338977,-1.306890910288798,-0.15395781951640977,-0.3466633499337434,0.5608862618926853,-0.0986308515914606,1.7534168123934815,-0.24968215429402263,0.012137299596993334,-0.03827530553048745,0.06486070019315171,-0.7413569601504082
0.2411880317928716,-5.310383177475907,-17.25646253415085,0.0058948975426403195,-0.04109203560668718,0.009378291116479946,-2.446473352757718,1.6911498844466657,-0.9172381604248696,0.048126486574653016,-0.400119454786537,0.5338754480982487,-0.8380768249220949,6.893826388622138,0.3332034270249685,0.011389245184857217,-0.03499233174455659,0.06354935593947293,0.12785594891874008
1.0204403440457965,-1.3229382540969896,-1.4531368513132965,-0.004677195486242666,-0.0606902476546359,0.009378291116479946,0.08175313802699978,-0.2505766071698157,1.9721491080741744,0.039013322116556344,0.3216244064888612,0.19506267129343807,-1.563666721637389,6.022372238530294,0.45537995465837877,0.011389245184857217,-0.037764634444882476,0.038939632832665036,0.10065086452083948
-4.31033724617724,-5.113786811074943,1.1095969538219197,-0.0006092796186042112,-0.05250934607784102,0.009378291116479946,-0.29618138060618815,-0.1966309671255849,-4.667068119899502,-0.30094759846015795,-0.6927594979798126,1.0483282556518883,-1.7775938449010016,-4.3610001197095905,-0.14700633778823885,0.012137299596993334,-0.038683913413566424,0.06372369716622517,-1.0851072605929575
0.7801059819881276,-4.533036898168752,-5.584988213139878,0.0058948975426403195,-0.12067902745337183,0.009378291116479946,0.25455682535349394,0.1452796439837467,-3.0800230080645696,-0.04572957068785982,0.2962926800404773,-2.6443611447751265,-1.7324174393376224,-7.2467261681973865,0.27938264457630346,0.011389245184857217,-0.03589942812107286,0.05626148260885267,3.474463395541251
1.4110088339370224,-0.3221678019676074,3.421421765597979,-0.003249944402717946,-0.12859205939412008,0.009393664679388559,-0.3537519881739607,-0.11881220109388062,-0.6577658278836166,0.00039993917071597324,0.49442400154941846,-0.24581982545767223,-0.7800271753649101,7.859369308072249,0.4784484035797999,0.006685044117566529,-0.03774191223186137,0.056585798232726164,0.1925824414548012
-0.10779639378270411,-1.2742053922066985,1.6863249089519192,0.0047285094954459105,-0.22568191758820483,0.009378291116479946,-0.6844339075982139,-0.15436442168200917,-3.3475801204648774,0.043743498795666,-2.812008718071295,-0.13894806649330033,-2.3314490423473466,-8.194022883374252,0.16461144180357648,0.011389245184857217,-0.035509637644247034,0.062347163385370497,0.15394719739363544
0.7136535069808706,-0.31996788658335173,-8.328711924704464,0.0021784006161781,-0.05083304405179526,0.0035468997687203114,0.16668784193343913,-0.5125675345931954,-0.38431498438096123,-0.13713516681652324,0.4514539478558991,0.5032773035615284,-1.3529337785070994,8.037100081653962,0.60866494965478,0.006685044117566529,-0.039038062282049646,0.033960405395791836,0.13469092588926726
2.848108675812686,4.838399335831029,0.5476659437069321,0.02712631957441298,-0.04872102135410588,0.0035468997687203114,0.03474659742353583,-0.6088993915126042,-0.6060960620184436,0.49901517160354214,1.2074146076612458,-0.11392749394479065,0.6704660575126322,7.620341153001308,-0.3136331625686342,0.004203338192126442,-0.037580460826433196,0.033960405395791836,0.13120547442979083
1.188688324014322,2.3988654976688393,-5.1760771055452715,0.02712631957441298,-0.05083304405179526,0.0035468997687203114,0.1792733105502963,-0.6088993915126042,-0.6309448765193616,-0.7213839684112044,0.952235558595962,0.2131531409274082,-1.1653569035189222,9.520909544941073,-0.3136331625686342,0.004203338192126442,-0.038203661009198954,0.033960405395791836,0.13460051979366414
-8.004090752397767,-3.2698487044365345,9.0266950365001,0.0001318837697970672,-0.049815277967787286,0.0035315262058116985,0.08607563264578158,-0.8782998993639997,0.794470866982799,0.2904820107017258,0.06803897981103715,0.5102681211596195,-0.9479828108943861,4.801554589537109,-0.6000421067854625,0.011389245184857217,-0.03273975491854742,0.02310149382194209,-0.07850421509347895
0.9601143400493449,-2.0189450149685846,0.44839396435849777,-0.004677195486242666,-0.05542895055922681,0.009378291116479946,0.08175313802699978,0.10708959668007564,1.649152827991132,0.039013322116556344,0.24090620848202146,0.41508847277624383,-1.138395670126405,8.213281944096572,0.7354395705933727,0.011389245184857217,-0.039622840831651227,0.055475253922247024,0.36267145162661585
-0.057624242192662156,1.2549839390923747,-1.792325408929606,0.0019651128067776375,-0.035046933207764,0.0035315262058116985,-0.26222754625031147,-0.5168792559944344,-0.3551967951808453,0.07673922165888504,0.77036678341728,0.30648015623286495,-1.0939187211178727,7.066836425584707,-0.35709995425734,0.006685044117566529,-0.037496513655714415,0.034111329360473945,-0.03891267003110431
-0.49002546523062684,1.7063971959989734,6.5740289700681425,0.0019651128067776375,-0.032934910510074626,0.0035315262058116985,-1.0037202546524344,-0.5168792559944344,-0.33101373521064714,0.042262887138330915,1.3594987957039113,0.4193945055371351,-0.7457051709161615,4.3134666392269,-0.35709995425734,0.006685044117566529,-0.03736065461521565,0.0340162680982609,-0.034078420654284694
0.2449318572432667,0.8052755619925313,0.9765541276406053,-0.003463232212118408,-0.06115570777295653,0.009378291116479946,0.07625302365669281,-0.08885677537540941,-1.4004381348456156,-0.10976690507941927,0.2352940300994509,0.2607437285513805,-0.2145985640419785,7.8527569158496835,-0.12392118312267948,0.011389245184857217,-0.03818016550992098,0.06354062908508758,-0.10402867007881506
2.5425409508689936,-2.427257726571863,1.1176335507265933,0.007719729589256749,-0.0428448969300635,0.009393664679388559,0.16219081900273985,-0.7434369842961228,-0.6267788732207061,0.013421731807373221,-0.12648093049392126,0.5620317101584476,-0.13131488309984543,2.9223024208093182,-0.8570898374794167,0.00441899833920029,-0.03770958677706287,0.05668382078974037,-1.416007172555593
-1.399102594990314,-5.862858798356554,10.139752022913692,-0.004463907676842204,-0.21418344653430738,0.009393664679388559,0.19208784655744934,0.09869393205471926,1.3078075379954734,-0.42284248320679885,0.4620533386478391,-2.869300633930702,-5.868213918234875,-13.333243714097517,0.36034744835500665,0.006685044117566529,-0.03317525324450946,0.056987764357329475,1.8403524386674792
0.07816586756133784,-1.1349250482589914,1.2254333924272898,0.0021980715566636577,-0.08900809333254069,0.009393664679388559,-0.6412648759469766,0.07106718126087964,13.694302168834929,0.6641029474097206,0.33236641519117316,0.11471572502128742,0.3576979688214269,-7.088386926493583,-0.007520031658609656,0.004203338192126442,-0.04117872148419334,0.0568292636524107,-0.07445035331235142
-0.8941564013517664,0.04368459620647065,-4.156485775253386,-0.003463232212118408,-0.06521291252666551,0.009378291116479946,0.0018562552895890635,-0.2306978875127073,-3.256549350531275,-0.10632381845110493,0.6225407200078351,0.1311570050090635,2.0624291490912405,-10.06672256129109,-0.06273175918779872,0.011389245184857217,-0.0384177885757594,0.04697000473432114,0.025923812142201734
0.18223188996720843,-1.2845565237385528,9.883229287427229,0.0058948975426403195,-0.013078953074709498,0.009378291116479946,0.2483259167794769,4.0065340679447266,-0.6608876899877237,0.11323915066752559,-0.009739404521844675,0.3828911226290129,-0.1244947482554067,4.421994437162142,0.46556608544639067,0.012137299596993334,-0.03359811772231646,0.05675196180775108,-0.5545471050518412
0.7006081226725178,-4.794675166056025,-6.881332313669893,0.007626416575559702,-0.050651807230679,0.0035468997687203114,0.026198473155366445,-0.18802771395062598,-1.1426129034204981,-0.48670189922621393,0.8744228850398966,0.07135880749530106,-1.364888274372615,7.255132118932316,-0.3118835149872518,0.004203338192126442,-0.040101224756308285,0.033563722480291325,-0.08760281457430219
-0.41616328458052576,-1.8390052287670848,-2.6259714925159106,0.02712631957441298,-0.054890248805504256,0.0035468997687203114,-0.2291674720123213,-0.20799935074310646,-2.440135342308246,-1.2708334992013708,0.8805138358266852,0.46189074959311016,5.4176985717556825,-9.701421230407814,-0.037315616790246746,0.004203338192126442,-0.03939225288209048,0.03392540213460735,0.05441585279326276
2.8366747208700187,5.634845477473572,-13.503214707668455,0.007719729589256749,-0.057752906377856794,0.009393664679388559,-0.4781531030925336,-0.3593560356594858,-0.706256740292328,0.023569641516340105,0.5840172195687309,0.34702229308250876,-0.67211457938529,6.2247003726571295,2.341112550959143,0.006685044117566529,-0.03757886463563842,0.05609035621277776,0.19030243557900273
0.7267104717410872,-2.5355040386462755,-9.567139821578019,0.008016790674530073,-0.19450356730606616,0.0035468997687203114,-3.3601583636530474,0.030327736082060658,-1.7592707298915884,0.05621717543553448,-5.5056894314320415,0.6035124920585554,-6.618794205865785,-13.97069072044725,-0.0455404070649586,0.004203338192126442,-0.03544387014845634,0.03087374807124588,-0.10100140847722952
1.157029621141238,-2.452176293615864,4.908822457042314,-0.004677195486242666,-0.0606902476546359,0.009378291116479946,0.08175313802699978,-0.11511527438527269,1.3117456017567801,0.036214239886367385,0.25074340532618045,0.275326369624294,0.19046656762832853,7.191984509645554,-0.24215216283766125,0.011389245184857217,-0.034312262464204914,0.04347797077250999,-0.0799180259769218
1.087065917046831,-1.8284127515912896,-9.622498649155244,0.0010120125689836907,-0.19347856490911827,0.0035468997687203114,-1.3342160378065222,-0.47029190004370724,-0.7506195567917614,0.04628861002105969,-3.8838428149230513,0.843213883328697,-6.9834079995133385,-13.649399801703662,-0.17965424767820298,0.006685044117566529,-0.03516621040059752,0.027530957919801306,-0.06815155572969561
0.2040616143752481,0.36517209539879575,12.351319131975416,0.0019651128067776375,-0.10597169578588896,0.0035315262058116985,0.051057926335432754,-0.1534858228172178,-0.2854291152106306,0.056699810655720544,2.7675163987082434,6.440513892651706,3.124090336779496,-6.648711349616024,0.09709311445271268,0.011389245184857217,-0.03461349061963843,0.03404599777298585,-0.039391144527752955
-1.635939213333213,-6.232500265337095,-14.461112399101854,0.00478015677945068,-0.025982229979452376,0.009378291116479946,0.07456983609772032,-1.8530641239417025,-4.198985537090012,0.04408734342958038,0.5282003137860939,0.4582228649107438,1.8680216157898353,-9.70795172613141,0.2095355221569748,0.005140483503712616,-0.03377532024987693,0.05621145845703429,0.10628508684731476
0.8358071376051757,2.281629415576512,-12.880797879645643,-0.16115521096180532,-0.05340639212424421,-1.6525891565590978,0.020081714780280417,0.1601612654950539,2.6322217330467854,-0.011065862060213372,0.571329982723133,0.43121527373140606,-1.0586974525487223,3.268738640028399,0.8450109664802105,0.006685044117566529,13.08762119256753,0.05181657026333061,-0.10317219484574111
-7.375060642755447,5.231251165835867,-4.469682299305466,0.006592841509409643,-0.06405726593138232,0.009378291116479946,1.8447538505007488,-0.6991367071632375,0.004901916640738039,0.06347375108293168,0.2918594877408475,0.10188810087732597,-0.6529994447322135,4.383532826113399,0.35742549943126756,0.011389245184857217,-0.03843471132092367,0.06458638060360711,0.21017175140880365
-0.4018299755772108,-0.9740570345979976,-1.6068897255839303,0.0019651128067776375,-0.035046933207764,0.003524822163662426,-0.011358272239035088,-0.5247009367937044,-0.3551967951808453,0.06080101915173874,0.5862640447843311,0.39035673341183424,-1.0956668156904477,7.35515833391364,-0.35709995425734,0.006685044117566529,-0.037537938866490574,0.034111329360473945,-0.0737411637541952
1.3787709750507022,2.1188149849244664,7.642305328009385,-0.004463907676842204,-0.12211420534967889,0.009393664679388559,0.04134800872127468,0.008068654502887164,1.5402079011165206,0.06406665485971885,-0.16002073944451345,0.5241882539978426,-1.1974461314158646,7.166689548183634,0.8458194975429941,0.006685044117566529,-0.0356327698361521,0.05685711008997344,0.1645223357448722
0.26384607918757913,-0.7919353666276573,6.617416284772369,0.0058948975426403195,-0.04453884633302053,0.009378291116479946,0.07543261596834434,-0.19241425342257198,-3.832355757987508,-0.16609537210412725,-0.2132801800851901,1.0623785951938796,0.11782497179577418,-4.513047686880951,-0.1911006311113965,0.012137299596993334,-0.03776118525059263,0.056468863390530116,0.17626415876090093
0.23596767522686998,2.3426735219843273,-2.616029705135296,0.0007987247595832279,-0.18976460007107396,0.0035315262058116985,0.1257481566422551,-0.4055479202376963,-0.8368873387505338,-0.09924845091023202,-3.351860060175605,-0.5501260680638014,1.8220296068842181,-8.968710596720303,0.1323406482189287,0.011389245184857217,-0.036382822780090356,0.027346137048540154,0.051909694038943306
-1.3698362413989278,3.828566332992803,-4.717909040924345,0.02712631957441298,-0.050651807230679,0.0035468997687203114,-0.1504966315874349,-0.3669934236729743,-0.9174277007743136,0.08240806748955591,-0.2678579030381197,0.2762770031248695,-0.7609330595010234,7.392114416810488,0.21357517246876961,0.004203338192126442,-0.03766753191179419,0.03347769086479118,-0.08823019425091494
0.2349934262092695,-2.789490155948308,3.5457619918489245,0.0019651128067776375,-0.033180682114485285,0.0035315262058116985,0.08881849637983859,-0.41743212071041247,-0.23609430244604335,0.0031169861563813913,1.1639555604897882,-0.10999316725070638,-0.1516558293888706,4.693063405574821,0.2944711548219862,0.011389245184857217,-0.03751603374559952,0.0339153435056298,0.044224582638101195
0.8249885939731535,-1.5268368080904633,3.006229031389725,0.0058948975426403195,-0.05415139277896808,0.009393664679388559,-0.0019943872547407387,-0.334447048470971,-0.5318940142689235,0.0035050037463766706,0.4721774535234702,0.2710852261855385,-0.8020511320807514,3.074672702629451,-0.34460234912290527,0.006685044117566529,-0.03774297137917897,0.05652236148424293,-0.10671746229315086
-0.24997344361051965,4.053966997146588,-1.254753673041624,0.0019651128067776375,-0.033116147331190886,0.003524822163662426,0.14827805941414224,-0.5282124289570281,-0.38040649261626,-0.04292670997537462,1.0742146425474945,-0.1966598151591229,0.5837995768261153,6.2399454665954535,0.5119155852643389,0.006685044117566529,-0.03711381334224548,0.03392463753660043,0.10360669850268067
-11.761860935365995,7.456316329135662,14.251485359439245,0.0009522635360858183,-0.026174335288168052,0.0035315262058116985,0.055483629039994736,2.620282228251795,-0.5338901858970801,0.3570687679751499,0.25064342958320196,0.5670440930199777,-0.32715299285731025,2.2703893395457464,0.5161703588283615,0.011389245184857217,-0.035092188671081985,0.040904270475178514,-0.16993817888623874
0.43879948068520835,-0.5383755192384386,-3.998332942097429,0.0019651128067776375,-0.035046933207764,0.0035468997687203114,-0.09459915154632888,-0.5228609995770425,-0.3654016994377316,0.05639735137142964,-0.002928041289307804,0.4705358766466819,-0.8328721660350827,6.455139594282573,-0.35709995425734,0.006685044117566529,-0.038046161432097346,0.033029747220905674,-0.08495154590270136
0.5207949646660706,0.1584042211047845,-13.496637086412804,-0.003463232212118408,-0.03907236226586694,0.009371587074330672,-0.053257125183430086,-0.11065089281225776,-4.235290644420622,0.0876965633691582,0.19029488415412296,0.19740342609024586,-0.3356736878191958,-16.848959120408566,0.5544494898865965,0.006685044117566529,-0.039710770850300676,0.055396997292400184,-0.4223899625775788
1.252500544737781,-1.0834786252369437,-1.0230516078552052,0.0021784006161781,-0.050651807230679,0.0035468997687203114,-0.12841571416150274,-0.18891140883743493,1.2269661714569715,-0.16651731474760334,-0.14685226802357212,0.9084650779063427,-0.7208431232467081,7.056473914368297,-0.10125282081409687,0.004203338192126442,-0.03648912863788109,0.03347769086479118,-0.09316788116942082
0.9165875678817906,-0.4358104910753199,-0.801093396487661,0.02712631957441298,-0.03401355060377803,0.011015638098219137,0.04089817795581322,1.1977555880889688,-1.012176762728231,-0.4944583902386718,0.38896576836974384,0.21193473386999737,-0.5843957269653607,8.170636058929121,0.1067128999876789,0.004203338192126442,-0.0343316182704853,0.037510190360272366,-0.0988673893643239
2.2451481654529526,2.532347254634811,-24.794802994740945,0.006592841509409643,-0.07946027248430419,0.009378291116479946,0.03081890020801117,0.0440608199980093,-3.592751179756724,0.23169560266552175,0.13233738934323244,-11.224733268033756,-0.36615342845350685,-2.9646011269860923,0.33089272628743677,0.009032919879575376,-0.03819456059898729,0.06135267304613733,-1.6264984971571235
0.9045704505933333,-0.251316158785086,7.092287194039811,-0.004677195486242666,-0.08296083490380066,0.009378291116479946,0.012942279707042913,-0.09163155291836969,2.116338688924304,0.1031209560542607,0.2907082792258201,0.4952320306852424,-0.6899543448394768,5.238910012499948,-0.34294795761983404,0.006685044117566529,-0.0360569793495227,0.05682849905440377,-0.054203608060131074
0.8688452624756078,-1.681135684869382,-5.119262960769684,0.0058948975426403195,-0.0498001434284296,0.009378291116479946,0.07543261596834434,-0.22551941972002973,-3.964079360943575,-0.16609537210412725,-0.1876131620773987,0.9063829230651556,0.5643216130598172,-6.386128776505155,-0.1911006311113965,0.012137299596993334,-0.0377842152220988,0.056468863390530116,-0.04964620430193015
1.076513570495116,-3.7708268152919535,4.832926401714281,0.03266764854749163,-0.06199134795268207,0.009393664679388559,-0.5096569465563735,0.0022165487238451293,-3.675683172237506,0.9731326027704803,0.9854589633260776,-0.24109023893349887,0.15789511139670595,-10.605869180726193,0.04458748762447789,0.004203338192126442,-0.04450025960230461,0.05652312608224987,-0.1292549159345219
-0.18516966482033473,-0.2582468981766357,-12.300558958592331,0.0019651128067776375,-0.0368087442418209,0.0035315262058116985,0.014421728012734811,-0.3971083143536066,-2.9905891368026745,-0.052287853189515995,0.7898246761442499,-0.5671682941086105,-5.061265605496862,-11.985744647843548,0.09709311445271268,0.011389245184857217,-0.038875475568652125,0.03388034024444532,-0.03596008436230021
-0.8770938848626791,-2.165405815050794,-27.765797957762288,0.013466583137686627,-0.0712455690168581,0.009378291116479946,0.31613380293471116,-0.13274992980239153,-4.567176270768748,0.06255974353900876,-0.38715547686338064,0.9637703906846785,3.577469331690229,-9.089610674156797,0.2027809221443205,0.011389245184857217,-0.038072181221275314,0.060488129986867596,0.13973937500683853
-1.4069686148755935,2.0625126856516585,7.692815486755617,-0.0027652882453490834,-0.15034570337488512,0.009378291116479946,1.8447538505007488,-0.006132989655884717,0.10738699605131254,0.029433898079897172,0.35248525090138977,-0.15958941127492482,-0.6388407657513325,7.993904827635619,0.10378153986479383,0.011389245184857217,-0.038181254040211936,0.06508182262355551,0.2124517572846021
1.4670765089977371,0.6686538693095254,6.767611969366254,0.0019651128067776375,-0.035046933207764,0.0035468997687203114,-0.09459915154632888,-0.2102569061345115,1.185883801604047,0.050325637888357456,-1.0608613077123716,0.47742247668589516,-0.689891463614892,7.14497870701131,-0.35709995425734,0.006685044117566529,-0.03415196763820779,0.033441923005599776,-0.07486112042999418
0.43879948068520835,-0.5383755192384386,-3.998332942097429,0.0019651128067776375,-0.035046933207764,0.0035468997687203114,-0.09459915154632888,-0.5228609995770425,-0.3654016994377316,0.05639735137142964,-0.002928041289307804,0.4705358766466819,-0.8328721660350827,6.455139594282573,-0.35709995425734,0.006685044117566529,-0.038046161432097346,0.033029747220905674,-0.08495154590270136
1.347190783095539,2.652645719416258,-2.0620243036653263,0.0021784006161781,-0.04858674940813111,0.0035468997687203114,0.02216112880667865,-0.523716972843925,-0.39244073314218525,0.006925854576678627,0.7782909749549293,-0.12823776062945985,0.5691787106849857,6.217642275991789,0.530074709521967,0.006685044117566529,-0.0371613051294053,0.033960405395791836,0.13129588052539395
0.54416717408012,1.4418622588002794,-5.594486632816205,0.00478015677945068,-0.022363051094486414,0.009371587074330672,0.023163300478071604,-1.2863849441205986,-4.4114664076944,0.05134504346846387,0.38578056313632214,0.6557119915678933,1.1170783931237156,-8.874972332188667,0.24707905963192855,0.004328718812284688,-0.03298633706654741,0.056268880907443565,0.12479049853341033
-2.6536203358913952,0.6661467579695709,-27.296795728125772,0.007719729589256749,-0.039224887468819664,0.009393664679388559,0.15270951251593476,1.5558890467707247,-4.2824381150796205,0.12194800022237998,-0.16686122021645192,0.9330677254531613,-0.15242472111837488,-6.952732514400469,0.6427101235752563,0.004328718812284688,-0.03769122556764293,0.05160678217013064,0.1524796805561236
0.38679187582789926,7.331572735487489,-0.6618401755761696,0.02712631957441298,-0.05467723628878193,0.0035468997687203114,-0.0008794535425353557,-0.18567041135873577,-2.29840157818897,0.6236846624218282,2.2278352798685366,0.3949555910230116,7.814461412954357,-11.364718313563985,0.015327180977949039,0.004203338192126442,-0.030847378072599692,0.03401703269626783,-0.07677249878561067
-3.2059498120532175,5.551474914830813,16.023916732150273,0.0007987247595832279,-0.18019426139092873,0.0035315262058116985,0.11974297595154539,1.4201857828041196,-0.5671517958127373,0.09157952934097795,-2.3865302468699188,1.057976989259844,-2.563710319562688,-11.491485603820623,-0.11184364267572162,0.011389245184857217,-0.03093049500592166,0.03417455230459727,-0.09376982364073465
-1.5610723388650771,4.5854811925125345,-3.541239841052506,0.007626416575559702,-0.13539871223348554,0.0035468997687203114,-0.35886387938172765,0.6858164993553468,7.896487950932803,-0.5989133452831241,-2.3504261312857024,-4.845499524977836,-5.92663897762892,-9.229247139384185,-0.11553926234304458,0.004203338192126442,-0.03491692843992641,0.03369437674764738,-0.5916433533862029
3.127685115134758,1.5100799143185453,5.997780440763135,0.007719729589256749,-0.05793414319897307,0.009393664679388559,0.11288647785299306,-0.3189147427521493,-0.4925193326684363,1.5203053773566295,0.6012395080197928,0.4927201439093113,-1.1065574632283621,3.58830544258784,-0.2525601135558655,0.004203338192126442,-0.037351732394667755,0.056558129343434335,-0.12502422303257754
0.7014334368287527,2.117221563375102,-10.483652959747145,0.0058948975426403195,-0.04227436731864676,0.009378291116479946,-2.059721484942903,0.8184428226702989,-4.231036902152403,0.059145776209825335,-0.39530419445295767,1.0844461765270863,2.931660522566781,-8.00566806474073,0.2342544548958303,0.011389245184857217,-0.03519882320330637,0.055368761226523074,0.04655774192556722
0.4276805477513086,-0.01337913251477916,-5.425002118695973,0.00258844565563403,-0.19522304885038047,0.009393664679388559,0.8034906980433382,-0.22822837815410796,-0.2320212833532327,0.8904581469669893,-4.3607733079718605,-0.30416758930838844,-1.9095610358487278,-12.768336794927835,-0.10027978929451438,0.004203338192126442,-0.03703306008514277,0.029751249281039192,-0.06947702894833155
0.657119736166103,-2.935581090886391,-5.637291419421222,0.02712631957441298,-0.050651807230679,0.0035468997687203114,-0.199121207805633,-0.5025552497700864,0.3402548597510595,-0.10581448146889647,0.45991889713121853,0.17935481326301414,-0.8069094818087945,6.487970902319517,-0.08954445090843564,0.004203338192126442,-0.03800461226923809,0.03306551508009708,-0.09832061972362212
1.1195629817309876,2.412931962212074,-1.645582025329203,-0.003249944402717946,-0.050651807230679,0.009393664679388559,-0.11596387045505306,-0.22549719394721013,-0.42817586382321654,0.013057354955293777,0.38239623325037153,0.3975619663754042,-0.7940513099318269,9.000866379671933,1.4632325468171865,0.006685044117566529,-0.03743503596849846,0.03893214732319407,0.13246275574728425
-4.122466815448908,5.5218385514633646,20.410699674457405,-0.023037053524559883,-0.03733352827222102,0.0035315262058116985,-0.3564921660210617,1.5477736972588623,-0.25026097501606664,0.06902794416116523,0.3275475718392058,0.6541657531180485,-0.9823688355391931,9.01452118775231,-0.04719566959449489,0.011389245184857217,-0.032775803415067556,0.033246750717041085,-0.12911726679691618
-0.9881293099307712,-3.9125456447772082,5.705683759263445,0.0013458470439213256,-0.03733352827222102,0.009378291116479946,-0.2922515299110886,3.4857720625941546,-1.234092209606487,0.06859362966386355,0.06908056583686775,0.4780015212380344,-0.6954440161655203,8.213079221371075,-0.12875598022718734,0.011389245184857217,-0.03440670824026981,0.0643195870169073,-0.1164860465467401
0.7140156305547338,-5.331749673981974,-7.313476316689195,0.0021784006161781,-0.03401355060377803,0.0035468997687203114,0.013432561508688759,1.8746445416189907,-0.29763401118748195,-0.13896267347441238,0.0337802180233858,0.8286204972724817,-0.9705461313932114,7.034436018463286,-0.10352813909298973,0.004203338192126442,-0.03353690936921362,0.03250926257293798,-0.11823810940031963
0.9253451833232178,-0.05275527390447037,10.947577113790885,-0.003463232212118408,-0.1380453208209468,0.009378291116479946,-0.08669631398495597,-0.11744887070030414,-1.9127567427537409,0.05660749263533449,0.5162860560472093,0.23962481229617869,4.005638152511641,-8.781904838756933,0.11577092351056373,0.011389245184857217,-0.03610878923280909,0.056676369119555293,0.02888756442598195
-0.44325288309798966,4.71561822834265,2.159764736717383,0.013996149310973458,-0.060297670680485034,0.009393664679388559,0.17779868689361963,-0.47940260814171926,-4.2981125655189505,-0.45698632562309754,-0.052515534182007585,0.5120818837325092,0.15555069091699586,-6.4682856020517,0.3125484134991686,0.003524022017197653,-0.03885855305966413,0.05556426472284162,-0.10166982625767045
0.4219008955956979,-2.8976503706489596,-5.416736136827767,0.0019651128067776375,-0.035046933207764,0.003524822163662426,-0.09459915154632888,-0.5247009367937044,-0.3338468675592666,0.05639735137142964,0.07965542105423609,0.5915449848673151,-0.8328721660350827,6.493313141464165,-0.35709995425734,0.006685044117566529,-0.038046161432097346,0.033029747220905674,-0.08891601691941987
-1.1890927485678415,-0.02587105307554914,10.002909213709366,0.013466583137686627,-0.025477223378975997,0.009378291116479946,0.031207576219598795,3.7601749012054633,-0.7626228847888934,0.11405110144936409,-0.03739253798410389,0.41567926177744885,-0.05870411319499489,3.7746954848123897,0.3332034270249685,0.012137299596993334,-0.03501829337606452,0.06493257060909491,1.758600484062599
3.52866447070521,-2.8554167651549376,4.437369926958448,-0.823653158933827,1.4926406282886502,0.009378291116479946,0.3918851826059185,0.7475391791710159,6.7801657715136665,0.03007378598134245,-0.105581406365469,0.5904471407599067,-0.8107454736235448,3.5287635690149117,0.305905980355525,0.009032919879575376,-0.03434970256862598,-9.754455520806667,-0.13930742405241126
-0.5285789809352931,8.446169502134458,-4.184050764368501,-0.003931676292543493,-0.2037008264006715,0.009378291116479946,-0.04672650086306339,-0.07217181352960948,-1.8092975503261761,-0.1894846398304477,-2.9473857591544173,0.09888002002808406,-1.9276456473134662,-10.541343450483565,0.394768899143995,0.011389245184857217,-0.03419233141814048,0.03695422523936309,-0.08928268408733545
4.898422670177743,-1.139334503937469,-0.24446558024957754,0.00660498882606711,-0.04027788417696339,0.009393664679388559,0.13682774158259214,1.2326030852243024,-0.8056333526591695,0.3093059619376752,0.0642403307946388,0.5035968840516387,-1.027707990349369,10.946274934603267,-0.6052165083198772,0.0027787443463817016,-0.03727452779464132,0.05710766798285356,-0.12228631036172173
2.3840797571389194,-2.044516846863864,9.76051172377503,0.007719729589256749,-0.0628609121473586,0.009393664679388559,0.34172405246752663,0.09917498686924213,-3.337821134533862,0.9603611237733971,-0.27940114635831853,-11.734392759295265,1.0597213792594906,-4.735714313380303,-0.43417727123066835,0.00441899833920029,-0.035387554877575625,0.05928153065049939,-1.6921934324236596
0.2667004735974006,-0.9847602712909156,6.809818697096836,0.0058948975426403195,-0.04453884633302053,0.009378291116479946,0.07543261596834434,-0.2260620138423967,-3.8285921839776194,-0.16609537210412725,-0.21357860993926947,1.0623785951938796,0.11782497179577418,-4.485273942716458,-0.1911006311113965,0.012137299596993334,-0.0377842152220988,0.056468863390530116,0.17626415876090093
0.12841274750083648,-5.8277184288456345,-5.41481351858745,0.00478015677945068,-0.029875255381187266,0.009378291116479946,0.2504900098651287,6.295081826782259,-0.824101346941684,0.10293922559975893,0.374232375953561,0.36921523673278156,0.006270878313379427,5.795474070566673,0.3598209159186881,0.009032919879575376,-0.03511170411428496,0.05645373018795647,0.16360572444641444
1.927877054166325,0.7132179328673119,-4.941132945948721,0.013558119647608724,-0.23421639072647768,0.009393664679388559,1.1181173550389671,-0.19778563603791005,-2.6578791435452302,-0.09182556444748242,-4.227348208551188,-0.0715650686905253,-1.3923424945245908,-6.636673231456531,-0.5309345774437225,0.004203338192126442,-0.035820948052864024,0.05421896493447532,-0.12214359264299708
-1.3747303945144627,-1.0920190956241749,-2.327726095184721,0.0019651128067776375,-0.14572137595464685,0.0035315262058116985,-0.03103108321991258,0.04439847938020409,-2.231037123230248,-0.05654269473033125,-0.4054616024213174,-5.827199524783605,-4.830225032789929,-11.130029909108291,-0.0628442845295731,0.011389245184857217,-0.03446720178973841,0.03607590690463704,-0.08329078714509792
-0.7322975919621155,2.3513137454839512,-0.6666651901962455,0.0019651128067776375,-0.0606902476546359,0.0035315262058116985,-0.21307619435749262,-0.45075309743134195,-0.3413053644932324,0.06080101915173874,0.3398910957361574,0.3005830355426625,-1.086208133284819,6.79559706298353,-0.22161968088587405,0.011389245184857217,-0.03714771660185973,0.03594525263728098,-0.05399630391058398
-5.5336222119781375,-1.4840321816829762,-6.464417895081601,0.0019651128067776375,-0.06097447095184027,0.0035315262058116985,-0.29631707366478643,-0.3907657384818771,-1.2375660918146694,0.05639735137142964,0.061964181361771335,0.5302332007375518,-0.7852069976101188,5.068489034493538,-0.12873695084087036,0.011389245184857217,-0.03748966722430262,0.033140773086715224,-0.11413746403872456
-6.172967826241329,-3.5769740043498017,-3.181450918715254,0.0009522635360858183,-0.05889022799234518,0.0035315262058116985,-0.0003873537600756347,-0.23357054384546705,-2.0728712957267748,-0.5124176184176874,-0.12523127003198573,0.551412575170029,2.4716260554862046,-1.7556295131134938,-0.34787803843773996,0.011389245184857217,-0.03813388151189455,0.02168675668996642,-0.633333021013422
0.7175131789945983,-1.2757443593441182,-27.444587940184103,0.0058948975426403195,-0.06039677971845354,0.009371587074330672,0.21813414691687436,-0.22170546015695256,-4.74038744681064,0.07849794604615505,-0.2373292343731576,0.9274310856718158,3.613382094310326,-9.7964783178462,0.36788475756365957,0.006685044117566529,-0.03808911521863067,0.052316815216494394,0.09218087715432424
-0.3452612019472294,2.2201344340014755,-3.0262075799086916,0.0019651128067776375,-0.03522817002888027,0.003524822163662426,0.20596961274371353,-0.5282124289570281,-0.40756425977600563,-0.1225820364500185,0.9800595636157016,0.356115909077741,-1.4771626099924533,9.715528012429289,0.5119155852643389,0.006685044117566529,-0.03782867751950826,0.03392463753660043,0.107001743866554
0.5943011101574769,-0.12704927943566144,0.28992946050273494,-0.003463232212118408,-0.03522817002888027,0.009393664679388559,-0.002997039600528054,-0.5355715422154393,-0.4182047436091601,-0.05573768614087279,0.648262022703664,0.23697690183060827,-0.6713927221823267,8.628914406603771,-0.23457058155744345,0.006685044117566529,-0.03858587831063907,0.038868710574710835,-0.08117376216724834
2.2647334617729835,-7.5335057122227225,0.041576534447875076,0.013996149310973458,-0.06271887874646555,0.009393664679388559,-0.14894049770904688,0.7376129116193247,-4.17574523616969,0.8645184311666329,0.6112825229428962,1.521918667046055,-4.602761186306949,-17.820321004786997,-0.3716979051539524,0.0027787443463817016,-0.029187736425112673,0.06264401593838931,-0.6141252451839362
1.188688324014322,2.3988654976688393,-5.1760771055452715,0.02712631957441298,-0.05083304405179526,0.0035468997687203114,0.1792733105502963,-0.6088993915126042,-0.6309448765193616,-0.7213839684112044,0.952235558595962,0.2131531409274082,-1.1653569035189222,9.520909544941073,-0.3136331625686342,0.004203338192126442,-0.038203661009198954,0.033960405395791836,0.13460051979366414
-1.4373516822632215,2.5567738528031314,-22.1680147128707,-0.0006092796186042112,-0.05701927791480204,0.009378291116479946,-0.6575474693561016,-1.0745194092429096,-0.2567332900892384,-0.18362399578930422,-0.6133873529409142,0.6607739796038851,-0.2640783529942628,0.6930047825659794,-0.19839990691113393,0.009032919879575376,-0.03991890733621725,0.06109392245812664,-0.13496728062563207
0.05588282735080528,-0.8159122310805759,0.3848627649482537,0.00478015677945068,-0.026256076496221303,0.009371587074330672,0.029185686325295737,1.9997966635971,-0.8682776940327429,0.03929803202319847,0.44549163728309804,0.3643340473921073,-0.13565904425017947,7.616178701158417,0.7179033762286975,0.004328718812284688,-0.03514666230898689,0.056511152638365744,0.18211113613250993
1.2513972145885413,6.385066998058345,4.0265478732758195,0.002211182795061694,-0.0649999000099432,0.0035315262058116985,0.3644269085028301,-0.29417607003513385,-1.782236909765938,0.08740639066177626,0.6928015407712727,0.5350987275707969,5.10054361657272,-4.782933991721077,0.8058482240174507,0.011389245184857217,-0.036883354838284525,0.03643384052597715,-0.0895315685561939
-0.040439377050227446,1.5809234353849504,7.070105177679503,0.0019651128067776375,-0.06492868922946114,0.0035315262058116985,0.010168488039936387,-0.4326669495869777,-1.5341103777425327,-0.19579067459057148,0.2372509155380401,0.6842580380315302,3.806263189512778,-7.335258975209432,0.09709311445271268,0.011389245184857217,-0.037314421150475445,0.03656016757612126,0.008311665180057168
-3.2295622429965185,11.829279451324098,-1.0288765519854313,-0.12860469369168956,1.352248361965911,0.009378291116479946,-0.2179929638680448,0.0672749605394767,-0.8487520101197747,0.11990342675661471,-0.3734289187566664,0.20788539457693267,0.46669916611205076,2.5271782606940243,0.17583245852755033,0.011389245184857217,-0.03929317498033528,-5.543863942643488,-0.08996548478321374
-2.5477909255257516,-0.3387943982706234,-9.193457520495148,0.0019651128067776375,-0.06115570777295653,0.0035315262058116985,0.14651004970940987,-0.39292538192067195,-1.8434312837827505,-0.16449437846060705,0.541132126960278,0.366272405389054,-1.2848643266630897,7.753168855503595,0.16210849640056407,0.011389245184857217,-0.03746496023745454,0.03575856081340747,0.14307750209008538
0.807168293866357,-6.7693390796637125,-7.971072508368393,0.00478015677945068,-0.028673409107332383,0.009378291116479946,0.2504900098651287,-3.3328764705000298,-1.7852466941121268,0.03204033198431498,0.30742333048582887,0.34493685872315916,-0.7177479965482655,8.127800148379016,0.22745825749726606,0.009032919879575376,-0.03256758287760681,0.06529801582370537,0.20812285818250295
0.45199168636106984,-0.6083428648005051,-3.6262246055851497,-0.003463232212118408,-0.05966739213405206,0.009378291116479946,0.0018562552895890635,-0.19156908237018155,-4.514367959813117,-0.16035303738965143,0.3302967067262315,0.10132406109601837,2.7919740089556555,-9.894231292048673,-0.11932210245088541,0.011389245184857217,-0.03799037722593697,0.03877628486311709,0.06025933506780659
0.1032851761130005,-3.478143687447694,-0.7117488517081745,0.0009644373420538415,-0.13539871223348554,0.0035468997687203114,0.04445998257612038,0.5529898269708025,6.814318277433011,-0.29614016061391096,-0.5088789401382434,-14.811798009970778,-6.69494734369965,-12.899885087663938,-0.17502748851188812,0.004203338192126442,-0.032710050047795335,0.03369437674764738,-0.7621509967938891
-1.0653931601378877,0.06393901601398415,9.835332650496944,0.013466583137686627,-0.025477223378975997,0.009378291116479946,0.031207576219598795,3.7601749012054633,-0.7626228847888934,0.11323915066752559,-0.042223540475686515,0.41567926177744885,-0.05870411319499489,3.7966079857530355,0.3332034270249685,0.012137299596993334,-0.03501829337606452,0.06493257060909491,1.6963978420883
0.038973481313747435,-6.102098030510447,-7.544884427239323,0.00258844565563403,-0.19450356730606616,0.009393664679388559,-1.7444389004323897,-0.07649574817134695,-1.8681902513012065,-0.08270690834132129,-5.591624259388219,-0.5077714126636733,-2.1336262540704087,-12.026136972622645,0.17623389730646935,0.004203338192126442,-0.03536249030384975,0.029778918170331025,0.026619974314497266
1.9299705926138295,0.3062349423876909,2.8751515657369264,0.00660498882606711,-0.041629681802047874,0.009393664679388559,0.1643549120883919,-0.6823241576756868,-0.788684468357566,-0.1098384504849006,0.12311710982875822,0.5679904511025542,-0.2563630326680236,6.403778737107731,-0.8868930861739034,0.004328718812284688,-0.03783253722144615,0.056457102218308686,-0.12228631036172173
0.2948498613048398,0.6936100016332228,2.2788944346646542,0.0019651128067776375,-0.03907236226586694,0.003524822163662426,-0.34503731810793103,-0.31734997164460227,-1.7167373006252917,0.05604278498222142,0.40295578320429754,1.0511178764162679,9.943552428399919,-4.43006249657319,-0.11833078809252502,0.006685044117566529,-0.03823693507737639,0.0329947439597212,-0.09546159885879561
0.6693899892300705,-1.3658615510177263,-2.5278029536375595,0.0021784006161781,-0.054890248805504256,0.0035468997687203114,0.41620500334268434,-0.5041756071464775,-2.170162753548407,-0.17052634057765118,0.4430110893238786,0.7682808026420908,6.055114419040053,-7.24351769214935,0.19857247552328347,0.006685044117566529,-0.03911044770376746,0.03392540213460735,0.05450625888886587
0.7152423518501817,-0.024728496477247165,-6.99613581009583,0.0021784006161781,-0.050698772105820494,0.0035468997687203114,0.16668784193343913,-0.523716972843925,-0.4137247089088522,-0.16068551004030981,0.5231119258896464,0.4039372060957283,-1.3926853464747875,7.920345817417676,0.530074709521967,0.006685044117566529,-0.039104877337332374,0.033960405395791836,0.13469092588926726
0.9277746797233256,-0.02844396155103282,5.053242812732293,-0.004463907676842204,-0.050651807230679,0.009393664679388559,0.015095770453839849,-0.03944708712010729,1.2812603321016973,-0.17049808157303684,0.28220372982153885,0.49393844292150235,-0.395560818617839,8.631714823552183,-0.25090572205279416,0.004203338192126442,-0.034714942504785136,0.04357116108211067,-0.10337439150593009
0.7605432716396022,2.0147861543485166,0.7959444886370354,-0.003249944402717946,-0.05083304405179526,0.009393664679388559,0.009595656083532916,-0.5193350158233244,-0.31849313835986026,0.9812854540434444,0.45855917479642705,0.4207972770709022,-0.6299413314026109,8.745265133330587,-0.14252834599040345,0.004203338192126442,-0.03774343056220345,0.03890447843390224,-0.09948052290667497
0.4572226415876302,-2.6307187895231743,2.5891834479683804,0.0021784006161781,-0.04853978453298962,0.0035468997687203114,-0.13751914006819413,-0.5015155022799657,-0.2331186463895979,-0.457041236208313,0.9669369252833452,0.057935742722480865,-0.1610956398861744,4.35015069473545,-0.10125282081409687,0.004203338192126442,-0.03756413210757055,0.034052035957452306,-0.08324920410008367
-1.5770139689103218,1.9944793331157133,-6.335789676386804,0.021697974555516933,-0.050651807230679,0.009393664679388559,-0.1380447878809852,-0.32828368379392,-0.2698191318426356,-0.13310943721129465,0.9572508689543111,-0.008122608534108703,-0.8177350498857625,10.57529121375492,-0.3005949532717594,0.004203338192126442,-0.038434074258365945,0.0567564342709018,0.19079648592000154
-4.641041163801285,18.36927267576053,13.083093529465437,-0.005238170778449219,-0.07212896090623025,0.009378291116479946,0.09022340257877838,-0.16626447935563896,5.859048176362899,0.35838991497679934,-0.2791401895929934,0.32682895505101306,-0.5324448934987243,2.20164710242793,0.23316130363901436,0.011389245184857217,-0.03683539891068403,0.06984452800542051,0.29683769357732204
1.4527853311525853,6.350731055993557,5.513981577322593,0.007719729589256749,-0.06346931994705253,0.009393664679388559,-0.31917076990939386,-0.21869666537650065,-4.4508612025722245,0.044919329264520025,-0.3386156503817675,1.030357668397829,3.9806153528910238,-11.76530327524411,0.6419130370261252,0.006685044117566529,-0.037688531420793064,0.05760368081481243,0.1198700591770375
0.7845770616400521,-0.13968051386772432,-5.2608272494686235,0.02712631957441298,-0.037954600769360726,0.0035468997687203114,0.033786258384118154,0.48954824380407574,-1.9877544012117179,0.213418645592988,0.37660747512118353,1.346540223201917,4.255420241568991,-8.043575740711542,-0.10878655594392532,0.004203338192126442,-0.03602770106193068,0.03350024499446591,0.024973626691400602
0.6963831474385321,-11.251020554597961,-17.099465567007083,0.00478015677945068,-0.04310523237881238,0.009378291116479946,0.25496533719032033,-1.452545126643886,-0.7560279915685095,-0.13275331790928688,-0.1643503807379127,0.47098240876522623,0.09669282276650658,2.1231734830992446,-0.26155822269432616,0.009032919879575376,-0.03820213783702838,0.05636391190870801,-0.09882994483271342
0.8065555746820757,1.1328092048655385,11.602258260263804,0.0058948975426403195,-0.050706430511375467,0.009378291116479946,-0.7377411690052709,-0.07340333355839092,-0.7018099261072734,0.04948482243392457,0.4581985439220596,0.13779837023314756,-0.5354040190071481,6.67280585675176,0.46388953513562753,0.011389245184857217,-0.037937450722152155,0.05733078861131219,0.1032311376917098
0.6876959534538349,-2.0833701533734117,14.95444927849882,0.0047285094954459105,-0.215408776932552,0.009378291116479946,0.21067511464273636,-0.14272428684922314,-1.5881926047377297,-0.6643376356926107,-3.857412930085754,0.9257172065159024,-2.940042238053815,-5.527037639623542,-0.18978853393907866,0.006685044117566529,-0.035521642844784505,0.05433059447539176,-0.09210524842878338
1.058878346647992,0.6203271005236171,-1.057778397160538,-0.004677195486242666,-0.035046933207764,0.009371587074330672,-0.013309958560391896,-0.2325686300989,2.00454928890291,0.05495152462370265,0.26030141424399766,0.24296909429688843,-1.6039287870441747,6.377580554085744,1.1332099254756904,0.006685044117566529,-0.03779155225439188,0.0389970552830743,0.11915627620693496
0.3845403247576527,7.181850013363966,0.021780530605440857,0.02712631957441298,-0.05467723628878193,0.0035468997687203114,-0.0008794535425353557,-0.18567041135873577,-2.3085997633272997,0.6236846624218282,2.273273629995396,0.40881022357357527,7.814461412954357,-11.364718313563985,0.015327180977949039,0.004203338192126442,-0.03065331477227208,0.03401703269626783,-0.07677249878561067
-4.252027967026243,-4.657033943562842,0.49091814015791707,-0.0039792515194733424,-0.06097447095184027,0.009378291116479946,-0.3036597879652241,0.22224711205494388,1.0041426489746144,0.05300225076556347,0.21688553902175858,0.44137139216341026,-1.0343012903081623,9.420000408275897,0.6049517556603895,0.011389245184857217,-0.040559085833072446,0.06264332386951697,0.4287353611652255
0.4342593016618678,-1.3945127460331723,-0.047482613841902714,0.0007511495326533787,-0.0606902476546359,0.004869650528761424,0.08315674817493278,-0.20695210490777086,2.2089637922052234,0.00932778242265712,0.24762530541162717,0.29758960146755387,-1.0307255823444275,6.873053161720518,-0.20958951118659977,0.011389245184857217,-0.034355123941354516,0.0502019817539131,-0.05845335192648874
-3.635705748280315,4.362920234526002,7.85015150013219,-0.0017240203817938515,-0.07109174734092796,0.009378291116479946,-0.085303727733362,1.789260804151696,-4.201902338416565,0.15005968978148626,-0.7044876554129451,-10.600928722232778,0.07444455708236375,-3.783446589647938,-0.09148917044949094,0.009032919879575376,-0.03581416592030631,0.06485982330301071,-1.6264984971571235
0.27926912819660343,9.9956432816973,9.94905686513509,0.02712631957441298,-0.05467723628878193,0.0035468997687203114,1.2855734357515909,-0.18567041135873577,-2.267425026571786,0.6055319063399578,2.128080190714551,0.3423135600369587,5.599954402904424,-9.14216075346858,0.015327180977949039,0.004203338192126442,-0.029248834142619744,0.03411209395848087,-0.07677249878561067
0.6611843794315154,-0.8416025757953682,2.5981178160004386,-0.9297351588240321,2.1092596236039345,0.009393664679388559,0.116868682305221,-0.09914968078563519,2.099758870552181,-1.5007835224670159,0.43624565428995676,-0.020385465965774577,-0.39884017365228636,1.5102760107999025,-0.6168892259672188,-0.6369955613331552,-0.03691625148641735,0.0566864740517978,-0.1140090563005783
0.5128461198567262,-5.246086287001285,-16.259407269673186,0.008016790674530073,-0.19450356730606616,0.0035468997687203114,-3.3601583636530474,-0.45751692687116186,-0.38339752103364816,-0.08501803185749368,-5.327702506966548,0.5117145736819066,-6.590091450924325,-8.411941095496266,-0.09332026332814095,0.004203338192126442,-0.035795116743552034,0.03087374807124588,-0.10100140847722952
0.16624492040527986,1.318103761204802,3.1633758267763548,-0.004463907676842204,-0.05467723628878193,0.009393664679388559,0.0010113652360247446,-0.9508448306945709,7.308066961182982,0.031252873511388925,0.2368415743094457,0.47526394535119065,5.795698291781622,-5.873812211250695,0.3260173209843795,0.006685044117566529,-0.033782249552863665,0.045354213378185175,-0.03236298452026421
0.2099283323564114,-4.4154785037168445,-4.811077422715228,0.008016790674530073,-0.19450356730606616,0.0035468997687203114,-2.7953217101511023,0.030327736082060658,-1.9672275364725116,0.09174460854795265,-7.82685854126396,0.37901635412170875,-6.085610138205603,-15.530153934181532,-0.0455404070649586,0.004203338192126442,-0.03612463205593801,0.027530957919801306,-0.06807345622302276
1.0145305823909185,-0.279333757867628,6.047105526794358,-0.003463232212118408,-0.1340198917628439,0.009378291116479946,-0.02971727829874749,-0.0825496715829643,-0.640814111592171,0.015444969430890043,0.5006571794513738,-0.20027751903633725,-0.6489625304757943,7.717447032134752,0.2985130764701193,0.011389245184857217,-0.03768399344144042,0.05654073634256413,0.10551114356750829
0.8772244142864952,0.5369922627015309,4.5540690953384635,0.0021784006161781,-0.04858674940813111,0.0035468997687203114,0.02216112880667865,-0.523716972843925,-0.2800941346673616,0.006925854576678627,1.0243025935752594,-0.07549022241814887,-0.16833460951429915,5.154613899794176,0.530074709521967,0.006685044117566529,-0.037574075811291664,0.033960405395791836,0.13129588052539395
0.16183443127915167,-1.5510478168340824,1.0642567499578264,-0.003463232212118408,-0.03733352827222102,0.009378291116479946,0.07177769633150134,2.9051215882159687,-1.247244599591361,0.006110847027155711,0.6361997975675299,0.40197724967774723,-0.6807906636318154,8.506806719711966,-0.15431482186403783,0.011389245184857217,-0.03518130481541117,0.04711203530284986,-0.1191871134680919
-0.7128592558027211,0.4898792340343824,-4.3275070449902335,0.0058948975426403195,-0.052266543841238064,0.009378291116479946,0.33744119342976403,-0.5617068519338977,-1.306890910288798,-0.15395781951640977,-0.3466633499337434,0.5608862618926853,-0.0986308515914606,1.7534168123934815,-0.24968215429402263,0.012137299596993334,-0.03827530553048745,0.06486070019315171,-0.7413569601504082
-0.14058077261408644,-0.6622248219206153,9.249235425797409,0.0058948975426403195,-0.025621056280538512,0.009378291116479946,0.23264909982651572,1.6911498844466657,-0.8270383271699089,0.11405110144936409,-0.01970619181556922,0.3782414996544615,-0.1162550035147221,2.6738167486703204,0.3332034270249685,0.012137299596993334,-0.03499233174455659,0.06489755325951646,-0.03247690941099802
-1.4180527346880232,20.065490558036018,11.226166733601756,-0.004797012043683862,-0.09560525921892678,0.009378291116479946,-0.2697641345027647,-0.16584010499461882,-0.2847718641876386,1.6392861861355377,2.4417551799567887,0.14859815770724893,1.175099026568208,-2.06801803794328,0.357579869146807,0.011389245184857217,-0.03438942013425246,0.06101289999575089,0.2877147853584473
-0.390864123365248,-0.7541104926280484,5.179252194230324,0.0019651128067776375,-0.03907236226586694,0.0035468997687203114,0.1336730724917341,-0.5022700773200725,-1.928680845381922,0.07341746201276912,0.08580695292231796,0.6234609013547706,5.1466033926748,-5.969449961361018,-0.11833078809252502,0.006685044117566529,-0.03756032991493299,0.034350276184720155,-0.05854383755285688
-0.24463037734213103,2.8699006025954343,13.73270526173582,0.0019651128067776375,-0.034238698444173085,0.0035315262058116985,0.1314211658588469,1.925807436249319,-1.6463310084254077,0.07033779424416974,0.4461525203094344,1.1177730370631878,4.567847748526507,-10.741335154178508,-0.11941254840920275,0.006685044117566529,-0.03364419240047182,0.0324384914525621,-0.07561290789389634
0.44687399001122285,-2.4325379668102762,1.1638976025604832,0.00478015677945068,-0.03869141351942366,0.009393664679388559,0.04947404698065796,-0.13896190551152446,-0.8139280425691726,-0.13095904032255518,0.07830124619738338,0.4682922122655098,-0.01066272088451949,5.678849662915394,-0.4846640043123501,0.004328718812284688,-0.0382237762059574,0.05642133435911728,-0.1039795496222951
0.4898971467504709,-1.4001198705723796,-14.415498977273403,0.0010120125689836907,-0.19450356730606616,0.0035468997687203114,-1.8990526913084669,-0.27151220310711727,-0.5772381220188937,-0.09738009459267867,-2.588034913595584,1.1486245579933219,-6.528802591866607,-10.682536473906582,-0.1050286332338022,0.004203338192126442,-0.03596349934038867,0.03087374807124588,-0.1059390953957354
1.4085522542357136,5.239430269816189,7.262687574264911,0.00655334154206234,-0.1908288822950113,0.009393664679388559,-0.8794409271276684,-0.18811516213248486,-3.5811183069135377,0.0738245002253788,1.5844915951468788,1.0443191291327742,-3.7161861445605417,-15.302082518444221,0.6771605707923413,0.006685044117566529,-0.03579105885713691,0.05863508798208124,0.1558340818213203
1.2627118739775165,3.4802338905257932,10.779160461060235,-0.003249944402717946,-0.12943654153150086,0.009393664679388559,-0.08989722431964603,-0.00050480370925571,-0.29975310338610006,0.012742140237584545,0.6366767811821051,0.516378170352019,-0.9719356814247714,9.621196553334508,0.8199438020503031,0.006685044117566529,-0.03565501720988857,0.0567564342709018,0.16519904209900735
0.3318049806894078,-0.21591074869657192,3.664397021923328,0.0019651128067776375,-0.03907236226586694,0.0035468997687203114,-0.5018077999395953,-0.5022700773200725,-1.9426277706990438,0.05604278498222142,0.40311666134950586,0.8697826816468514,9.039516974662103,-4.362190001431578,-0.11833078809252502,0.006685044117566529,-0.03806855248053975,0.0329947439597212,-0.0914971278420771
0.994031479326152,0.15716726864893713,6.133475355914311,-0.003463232212118408,-0.1392586258853407,0.009378291116479946,-0.02971727829874749,-0.11890917407319002,-0.644488798088763,0.015444969430890043,0.49898391523946267,-0.20027751903633725,-0.6657247543703453,7.800906123177435,0.2985130764701193,0.011389245184857217,-0.03770370131006695,0.056492607923125486,0.14638784774599245
-0.23091430443133523,-1.891257527565933,-3.4323557169146737,0.02712631957441298,-0.054890248805504256,0.0035468997687203114,0.04487499707455095,-0.16812103655869556,-2.472289918126762,0.030451464974438014,0.15666030116648755,0.6638354093420316,3.9445683486671954,-6.923104112480012,0.01289587923467983,0.004203338192126442,-0.039901731140482906,0.03233527342405254,0.07888536766171995
0.6555115972663876,9.405969802369787,13.639003114611286,0.004634617343492679,-0.05904368507526714,0.0035315262058116985,0.025929180679743737,-0.31130201715762745,0.4512156492504995,0.0031169861563813913,1.009481333364497,-0.10360497599357399,-0.2787534147341657,4.934329434751822,0.16210849640056407,0.011389245184857217,-0.037848805853890194,0.035793578162985916,0.1511651963551949
1.121354093721777,-2.2319999881826216,-2.967627047165925,-0.004677195486242666,-0.05542895055922681,0.009378291116479946,0.08175313802699978,-0.12280849516676272,1.4297609354214544,0.039013322116556344,0.24090620848202146,0.24186401091904836,-0.5431784224432219,6.8676400092789525,0.3243887719628107,0.011389245184857217,-0.03833716393596124,0.039885073972750776,0.10065086452083948
-0.24730788227707626,4.768085493423788,1.0113777317689348,0.0019651128067776375,-0.033116147331190886,0.003524822163662426,0.14827805941414224,-0.5282124289570281,-0.3527117883872232,-0.04292670997537462,1.0742146425474945,-0.1966598151591229,0.22626438088836967,5.823287352859105,0.5119155852643389,0.006685044117566529,-0.03711381334224548,0.03392463753660043,0.10360669850268067
0.9165875678817906,-0.4358104910753199,-0.801093396487661,0.02712631957441298,-0.03401355060377803,0.011015638098219137,0.04089817795581322,1.1977555880889688,-1.012176762728231,-0.4944583902386718,0.38896576836974384,0.21193473386999737,-0.5843957269653607,8.170636058929121,0.1067128999876789,0.004203338192126442,-0.0343316182704853,0.037510190360272366,-0.0988673893643239
-11.458079945098277,3.7559267885214336,-20.541846740833773,-0.0024666627240391577,-0.05823452967664857,0.009378291116479946,0.5136653936091017,-1.1631840779952356,-1.8006124668488517,-0.20353832182480758,0.1336318373166962,-0.032517721809325856,-0.39395673468872133,0.8991889080422772,0.11109551061560492,0.011389245184857217,-0.03847147630622257,0.06328148072036777,-0.08484377659557489
0.9733170544361869,-0.5677202040702943,5.263980796267514,-0.003463232212118408,-0.1380453208209468,0.009378291116479946,-0.12188370295005585,-0.1236555513618514,-3.4044016677115754,0.0333951409110555,0.5060851299631495,-0.5969325170622801,2.7069819681075993,-8.77683336072505,0.11577092351056373,0.011389245184857217,-0.037779179377847166,0.05650573308137966,0.08297655377680271
-5.627588408844585,11.185292543072414,-7.77925653579471,0.0013458470439213256,-0.05920190237339691,0.0035315262058116985,0.06656519324812138,-0.2993215048927219,-1.0095327244244265,-0.5898746687342816,-0.08210462433142786,0.3317987864940033,-0.7498774780507923,4.964512844232401,0.21121295983721908,0.011389245184857217,-0.0410714087677596,0.04511651992395479,0.12865921869654004
0.69573569831971,-1.2583085872888289,-1.824387725981255,0.0058948975426403195,-0.057995585015954754,0.009371587074330672,0.14698594311302823,-0.22274449275517008,-4.008490318559705,0.07849794604615505,0.5976151969012172,-0.10219161803423597,2.43034485837519,-6.144066671181875,0.46806486309582584,0.006685044117566529,-0.03804050891546799,0.05601958509240189,0.1400786637655838
0.48611634283952804,1.257696565669425,-3.675865857545421,0.0019651128067776375,-0.035046933207764,0.0035315262058116985,-0.34546842555760526,-0.5168792559944344,-0.3338468675592666,0.07233555387857594,0.26375815968718497,0.53464255432732,-0.8311240714625078,6.507904063527532,-0.35709995425734,0.006685044117566529,-0.03800473622132119,0.033029747220905674,-0.05408752319632899
1.3699303778698728,2.758027137043811,26.782593329691306,0.00655334154206234,-0.12646101072714708,0.009393664679388559,-0.9889769341426213,-0.13412691466780463,-3.0321118858051412,0.0738245002253788,1.5844915951468788,1.0443191291327742,-1.828630925054403,-12.220005454225769,0.6771605707923413,0.006685044117566529,-0.03574245255397422,0.05858572015359889,0.1558340818213203
0.5854178817740652,-0.28281828841491585,-22.677395603334922,0.0009644373420538415,-0.05051753528470423,0.0035468997687203114,0.016499380601772844,-0.1754410527450467,1.296250243155752,0.049222894839656854,0.15935984987897203,0.8071602831178569,-1.4117817757675348,6.617613313493393,-0.6453843261382918,0.006685044117566529,-0.050435542805091896,0.033563722480291325,-0.09254050149280807
1.32442571400696,1.6664063960602207,13.61883661933191,-0.004677195486242666,-0.1339553569795495,0.009378291116479946,0.012942279707042913,-0.09048485913130305,1.8339817206358027,0.1031209560542607,0.6277418309523257,0.4952320306852424,-0.9872675213391179,5.147611998982856,-0.34294795761983404,0.006685044117566529,-0.03609111816425401,0.05682849905440377,-0.05731847634475203
-9.17314091260385,-4.225368708994246,-5.08945857853415,-0.02425101679868414,-0.06097447095184027,0.0035315262058116985,-0.0858833493042102,-0.20145556177323642,0.7169165762440733,0.023316711071664248,0.717327239229732,0.3584504330612877,-1.0194078505354383,6.685863735387338,-0.19357420637770187,0.011389245184857217,-0.0415667165400176,0.034301210624394424,-0.1034196588894046
1.6139380888553798,1.1945237656576162,1.4417395492757696,0.00655334154206234,-0.21834704521517623,0.009393664679388559,0.41000547735353193,-0.1102182425335338,-2.8032635746765124,0.11703552331437213,-3.1445025899615677,0.11412296420723404,-3.5735289774444303,-11.81720617326573,-0.24560509396772356,0.006685044117566529,-0.03578550066231068,0.05436636233458316,-0.1343379568214555
0.5294207979508067,-0.2425628532585466,-11.380736621379308,0.0019651128067776375,-0.035046933207764,0.0035468997687203114,-0.3290911399768092,-0.3372478912327965,-0.3654016994377316,0.05639735137142964,0.40292546237328264,0.4720366386942581,-1.9281941609593933,7.36449527177582,-0.35709995425734,0.006685044117566529,-0.03821454402893398,0.033029747220905674,-0.08495154590270136
-0.352620613985258,-1.611045511762374,-5.888396979469506,0.0019651128067776375,-0.035046933207764,0.003524822163662426,-0.4816195662757847,-0.5247009367937044,-0.3841247046330542,0.06080101915173874,0.5407856003727757,0.4723839172140345,-1.2832271091989234,8.221356135952831,-0.35709995425734,0.006685044117566529,-0.03913648279647051,0.0340162680982609,-0.0737411637541952
0.6439414303424003,-2.124499788393074,-6.231509829853867,0.0021784006161781,-0.050651807230679,0.0035468997687203114,-0.12841571416150274,-0.5015155022799657,-0.31647138355730103,-0.1181765442040815,-0.07757581837535948,0.7481450044184796,-0.8069094818087945,6.394958397901562,-0.10125282081409687,0.004203338192126442,-0.03800461226923809,0.03306551508009708,-0.103258306642128
0.07888593190503675,0.03849938180442566,-4.957763894985009,0.0019651128067776375,-0.05561018738034307,0.0035315262058116985,0.14651004970940987,-0.4763699517996181,-0.37339956318412576,-0.16449437846060705,0.5276718395796907,0.3694342612631711,-1.310637850843783,7.617530555990908,0.2944711548219862,0.011389245184857217,-0.03803189840993008,0.033867215086191164,0.08849633218045852
-0.24997344361051965,4.053966997146588,-1.254753673041624,0.0019651128067776375,-0.033116147331190886,0.003524822163662426,0.14827805941414224,-0.5282124289570281,-0.38040649261626,-0.04292670997537462,1.0742146425474945,-0.1966598151591229,0.5837995768261153,6.2399454665954535,0.5119155852643389,0.006685044117566529,-0.03711381334224548,0.03392463753660043,0.10360669850268067
-3.4502219019100533,-1.3399040158354163,-2.0004068559162747,0.0007987247595832279,-0.18019426139092873,0.0035315262058116985,0.11974297595154539,1.34923970742823,-0.3572746102777942,0.08910155094805379,-1.1782654961196595,1.009090058528156,-3.9368435747746084,-11.269937482756236,-0.11184364267572162,0.011389245184857217,-0.03129062448578005,0.03212585304652114,-0.095736083168789
0.9312614179663384,-4.460921095872876,4.280678308766472,0.0021980715566636577,-0.050651807230679,0.009393664679388559,0.02479486300743345,-0.04048683461022792,-0.15769185081542803,-0.1655371967872701,0.4321739047086664,-0.08742293418911494,-0.395560818617839,8.58131546655717,-0.23919735214713284,0.004203338192126442,-0.034714942504785136,0.04357116108211067,-0.0984367045874242
1.033892095441752,-3.5740315998289565,1.3964395262761995,0.007626416575559702,-0.050651807230679,0.011015638098219137,0.026198473155366445,-0.18802771395062598,0.048729121032487104,-0.48670189922621393,0.3180292767009036,0.03134138019589521,-1.364888274372615,7.981664261762484,0.08363996859659369,0.004203338192126442,-0.034367710472372956,0.04210145219230974,-0.08760281457430219
-4.739833100015438,-9.319790040060385,0.18281230518921263,-0.004483529102241157,-0.29495224955138344,0.009378291116479946,-0.07404748773233602,0.014394943040559986,2.892931050918851,0.09872416669580555,-2.2556844845780875,0.42360872502546776,-3.7539787655201207,-11.472551703527978,0.36157814538117994,0.011389245184857217,-0.03735774142464716,0.061740222718791524,0.16667817139638072
0.5749167859644843,1.1583657941603376,-4.283628926848738,-0.003249944402717946,-0.054542964342807164,0.009393664679388559,-0.08423134157942477,-0.1914830088216424,-4.395069824334298,0.034385908571566585,0.37380594178648796,0.4072984078431604,3.0922348461050495,-9.98704499167445,-0.26257373250696014,0.006685044117566529,-0.03750025204851365,0.038918945089202815,0.019839244873181637
0.35288338476790354,-6.039310156943165,-11.954014500485,0.0047285094954459105,-0.215408776932552,0.009371587074330672,0.29512461224579806,-0.2672521412389729,-3.0131681756432287,-0.04803391235215836,-2.9540259306360315,-0.151239750728054,-2.944141126373235,-7.992293206230907,-0.18978853393907866,0.006685044117566529,-0.03565083783064312,0.05433059447539176,-0.12265695881072951
-3.517500260975513,1.7374150721399308,-2.2879939737664725,0.0007987247595832279,-0.20298134485635716,0.0035315262058116985,-0.29643266537750657,-0.3158483789159044,-1.4432075261293784,0.09322272258617592,-0.9363598560329683,0.9008104439217506,-2.4763038140531126,-7.219133709404555,-0.08923532717091912,0.011389245184857217,-0.03523502137438296,0.030949006077864022,-0.11900525074891957
0.009900140796197473,0.09934575253213729,-0.480053798192281,0.0019651128067776375,-0.11979383821057057,0.0035468997687203114,0.009432719558821766,-0.04336527138987393,-1.2939231905154023,-0.05654269473033125,-0.13578712289861566,-4.714070422101941,-4.86481351840112,-11.722649333466277,-0.11833078809252502,0.006685044117566529,-0.03507818525096377,0.03424198362782999,-0.0604358792335312
1.1390043523573579,-0.24076271399577298,-3.6057124774498335,-0.004677195486242666,-0.035046933207764,0.009371587074330672,-0.013309958560391896,-0.12735006719921604,1.8222341737178387,0.05495152462370265,0.17879290573190423,0.4153802676013772,-1.0891877324863917,7.997680965998277,0.8972157734454254,0.006685044117566529,-0.0396056428563645,0.0555326763726563,0.25782659520696494
0.43879948068520835,-0.5383755192384386,-3.998332942097429,0.0019651128067776375,-0.035046933207764,0.0035468997687203114,-0.09459915154632888,-0.5228609995770425,-0.3654016994377316,0.05639735137142964,-0.002928041289307804,0.4705358766466819,-0.8328721660350827,6.455139594282573,-0.35709995425734,0.006685044117566529,-0.038046161432097346,0.033029747220905674,-0.08495154590270136
0.9287188447328447,8.566005996221937,2.3595842080008955,0.02712631957441298,-0.05467723628878193,0.0035468997687203114,0.9201618610070664,-0.1567546409651894,-2.293588943759386,0.5881572293094102,1.41298319891403,0.7034576743389107,7.08507615932626,-6.663065281827411,0.015327180977949039,0.004203338192126442,-0.027978615685420274,0.0330305118189126,-0.10486620166299783
-0.33738137489234593,0.9412021466712897,6.224144756793495,-0.004463907676842204,-0.1334619705896038,0.009393664679388559,0.003905044223175029,-0.08323099014612807,5.258979411330813,0.022426519124140273,0.6102190085276283,0.1573614930242603,5.830221217031884,-7.8559303497636925,0.36034744835500665,0.006685044117566529,-0.035746930251932554,0.056822106828788965,0.16239537680373292
-0.4581823014771005,-2.379220835362504,13.304508012507199,0.00258844565563403,-0.19589363653871983,0.009393664679388559,-2.135499338564247,-0.11410985461481088,-1.7782809381998677,0.5146553219516746,-3.080561305966445,-0.3033439591902651,-3.9662737870873723,-11.903301296541132,-0.06058384137310557,0.004203338192126442,-0.034854764560683475,0.054564667262050615,0.14620713828219603
0.940292438199645,1.1463991554778612,0.23992080699341803,0.0021784006161781,-0.052349083481441495,0.0035468997687203114,0.012325822627703376,-0.5041756071464775,-2.1037097321436184,-0.0692057839134309,1.0246259019264015,0.7991679681441608,1.5699746543301163,-6.239731904730106,0.19857247552328347,0.006685044117566529,-0.03653460564417456,0.03392540213460735,0.05111121352499255
0.7803808825258103,-1.3010513574569844,-7.639570994737613,0.0019651128067776375,-0.03029764827859039,0.003524822163662426,-0.006068756777786535,1.2083258111677087,-0.6439445360294723,0.0662380472651344,0.24662424000909186,0.8938261324902806,-1.1888546493547731,7.392702000206184,-0.5563660869450712,0.006685044117566529,-0.038493677495903184,0.03349948039645898,-0.08946278656012166
0.8179116025741662,-0.04741458800903148,-5.264620187340247,0.0021784006161781,-0.05051753528470423,0.0035468997687203114,-0.12841571416150274,-0.5104078911544008,-0.3029194370293333,0.02656489629631982,-0.08636317128415291,0.7481450044184796,-0.8807475168362986,6.4526597419817735,-0.42304526205947524,0.006685044117566529,-0.03800461226923809,0.03306551508009708,-0.103258306642128
-3.5815740529534708,1.0510593374243726,1.4576778067242162,0.0019651128067776375,-0.0649999000099432,0.0035315262058116985,-0.5399915552884463,-0.34296740826518574,-2.2875909654061144,0.05604278498222142,0.2908258369141002,0.9333229664272811,9.000196832815035,-2.2673547646781507,-0.0628442845295731,0.011389245184857217,-0.03746846043031893,0.03310576982553074,-0.12068304597810028
-0.03214810666600777,1.2436138504954402,-18.67055730330275,0.02712631957441298,-0.13611819377779985,0.0035468997687203114,-0.09806394674783725,0.10880261013179877,-2.0741528619277614,-0.8116488258679645,0.8464136778916961,-4.184759952490238,-6.010022202044202,-18.451100922993977,-0.037315616790246746,0.004203338192126442,-0.035503603550437406,0.034091059663147884,0.17577042771088403
-3.3164474516726945,5.4863496058810926,-11.230472198431361,0.005426453462215234,-0.20938329365219488,0.009378291116479946,0.1133111416584954,-0.223353965316759,-3.2107151577579423,-0.22229291157825795,-2.193820488691074,0.2486526155223968,-1.6909066694100054,-3.4079603026631657,-0.0733527700967532,0.011389245184857217,-0.03680153511923011,0.06142194089279924,-0.14595939493619686
-0.7742279542635446,-1.9666279008897383,2.102021540421665,0.0019651128067776375,-0.03733352827222102,0.009378291116479946,0.07318130647943434,1.2262968709049653,-1.460476407864402,0.006110847027155711,0.2378609873232618,0.4498673421358326,-0.6011869291982356,5.970039883747024,-0.12300910073787792,0.011389245184857217,-0.033721796704011577,0.04557851595859946,-0.1146842336794263
0.8223273340254177,0.20790360970764687,12.338548701990154,-0.17919526984937278,-0.22394099610485285,-1.6525891565590978,-0.44922558726940914,0.20350026793453593,-1.6544964101096866,-0.47474464058350857,0.4393895854583015,-1.2664095567615818,-3.925681161037607,-12.4269953986372,0.15789456771739022,0.006685044117566529,11.884960054579356,0.051969056330351995,-1.7387713406620389
0.07888593190503675,0.03849938180442566,-4.957763894985009,0.0019651128067776375,-0.05561018738034307,0.0035315262058116985,0.14651004970940987,-0.4763699517996181,-0.37339956318412576,-0.16449437846060705,0.5276718395796907,0.3694342612631711,-1.310637850843783,7.617530555990908,0.2944711548219862,0.011389245184857217,-0.03803189840993008,0.033867215086191164,0.08849633218045852
2.085908274261128,8.137536545855623,10.742417945261671,0.007719729589256749,-0.04885959717422102,0.009393664679388559,0.002419092353924148,-0.3312081289567407,-0.4538263346080562,0.023569641516340105,-0.34459604472774374,0.5580600051385345,-0.594911588163816,7.104617752772866,1.7047171122197484,0.006685044117566529,-0.03757886463563842,0.05758931624751455,0.17719069677613714
-6.334669856908213,2.033803767320556,16.964663795814676,0.0013458470439213256,-0.04127457843780372,0.0035315262058116985,-0.39389588181941043,0.9956529294158603,-0.6917346519117563,0.06838852038603056,0.6223201173241694,1.1211197675829114,3.0327889991290857,-7.367515990772673,0.804766463700773,0.011389245184857217,-0.03518342214370297,0.035305666128329895,-0.13746466160360568
1.9052228841266488,0.030320397249318513,10.148573938623462,0.007719729589256749,-0.06471323465648592,0.009393664679388559,0.13878463628088478,-0.16054342445662734,-3.550640704689165,-0.12466533120755723,-0.12701910422111515,1.1582194921905342,2.171420842059411,-6.565547046249898,-0.5088028856750691,0.0074330985297026446,-0.037852212340392974,0.05998591187873662,-1.6985798576987476
-1.4091559147765746,-1.9339529058807283,0.7238955780378259,0.0019651128067776375,-0.035046933207764,0.0035468997687203114,-1.4217096323545344,-0.5228609995770425,-0.4215533279045981,0.026324684631184612,0.7065643037978588,0.39762147798216757,-1.54085803374564,8.680140846834586,-0.35709995425734,0.006685044117566529,-0.03740207982599181,0.0340162680982609,-0.06494244336065708
-2.9706044354833336,1.9552958547047348,-5.505137640363437,0.002211182795061694,-0.03733352827222102,0.009378291116479946,-0.363400788623476,0.8848350846538083,-1.8519062352043199,0.020099775676162838,0.2537169237014153,0.4155991534339591,-0.461657013981821,7.054197561897619,-0.009817250225242559,0.011389245184857217,-0.037274498863493995,0.0447131663185963,-0.1164860465467401
1.3206246687277408,-5.042518073748825,-2.3653602972722356,0.02712631957441298,-0.050651807230679,0.0035468997687203114,-1.2435518203982097,-0.5025552497700864,0.3231160083924556,-0.08325805760671687,1.343447667243833,0.10118688902736164,-1.5148953495193516,9.027564668733177,-0.08954445090843564,0.004203338192126442,-0.03736053066313256,0.034052035957452306,-0.08317110459341083
1.1562671454182354,-1.6007912467035055,-4.328511028048959,0.00258844565563403,-0.19522304885038047,0.009393664679388559,0.7849637312560855,-0.206610825368714,-1.029063003482064,2.1970136802182654,-5.641476857563635,-0.23405498738838293,-0.5643472397992028,-14.01577043691282,0.00818050291922435,0.004203338192126442,-0.03280584856306906,0.029751249281039192,-0.06947702894833155
1.437827467439809,1.247017657984113,-2.5982912809714165,-0.004463907676842204,-0.05051753528470423,0.009393664679388559,0.015095770453839849,-0.12285461108611288,1.777227983319174,0.023968291856382246,0.23634629479197714,0.3967212348113065,-1.1056939884955685,8.777713308516107,0.9153748977030535,0.006685044117566529,-0.039653134643524324,0.0555684442318477,0.18074264731854442
1.2009002513983886,1.4996522737419113,5.303554853030027,-0.003249944402717946,-0.1334619705896038,0.009393664679388559,-0.39031897371324004,-0.14413918137406875,-3.3448957400507666,0.015754726636566782,0.632456249444022,-0.34863310987107343,3.569260584606157,-9.910732596489655,0.2500834573867499,0.006685044117566529,-0.03738646783691865,0.056550794971541696,0.17004785166409553
-3.4261625082216205,-1.694610973450457,-20.980840055727242,0.0047285094954459105,-0.10387839860384983,0.009378291116479946,0.30129543030489725,-0.2936081400930944,-3.2855497888597807,-0.47281537492753245,0.3527728055369121,0.9480715330986951,0.07880855488982802,-2.394914511748966,-0.30124759889957914,0.004328718812284688,-0.038544422644515706,0.052512603198959576,-0.06452015875193189
0.11437180335085725,-0.011558280379106375,-4.145320054211747,-0.16643201912201536,-0.1940423287427259,-1.6525891565590978,0.08969864137259614,-0.1131019718520192,5.600710365994707,0.0773874378737601,-2.8892837111347163,0.2698214790620745,-8.566717690770805,-8.866584480255753,-0.4255737938333253,0.006685044117566529,-0.03572467665468068,0.029886750813024388,-0.09044309652331334
1.2004590607519137,1.286255814891173,1.346095667077018,-0.005181473069010482,-0.1780079628321781,0.009378291116479946,0.06884221330730622,-0.06821770616753381,4.378441666547751,0.2907233421069937,-1.8630565482545884,0.28859167038681366,-0.10137948927804355,-11.00207867496737,-0.3379317340163982,0.006685044117566529,-0.03210453191354689,0.041343626214068036,-0.04821038813064126
0.7185212405730487,0.4364072709589559,-2.4776692051107334,0.0021784006161781,-0.05083304405179526,0.0035468997687203114,-1.5992345152219425,-0.5125675345931954,-0.32859128969096774,-0.13713516681652324,-0.0033243328817897104,0.5731525783237312,-0.9089533972822187,7.505731123686112,0.60866494965478,0.006685044117566529,-0.03743951835206972,0.03750280289139512,0.13469092588926726
-0.8784667007054434,-6.645692084206989,0.6814908366279543,0.004108453382927899,-0.15034570337488512,0.009378291116479946,0.11949065509990088,-0.0006385868804512944,-0.46564183398644865,0.038657321155169046,0.39129809224862566,0.4577106431156768,-0.8907795194122312,8.26190187859851,0.16239421215475316,0.011389245184857217,-0.03906278599543303,0.0648919811820836,0.18506835792880832
2.496495449360954,7.721829115457794,7.887242393956738,0.007719729589256749,-0.03815722035899827,0.009393664679388559,-0.5889625745133906,1.857327618955344,-0.5487619611505061,0.02221130565706854,-0.3606006517412096,0.6374656590341679,-0.8496501765996706,9.56643756678465,1.7063936625305114,0.006685044117566529,-0.034662961171276416,0.05772421809487781,0.19094967741195962
0.052701517114437046,3.056900421656203,-2.116795441647606,0.0019651128067776375,-0.06087148447575217,0.0035315262058116985,0.14651004970940987,-0.47549386273205474,-0.3883849079841261,-0.16449437846060705,0.526881529074437,0.3647846382886199,-1.2919947850570168,7.555150603507918,0.2944711548219862,0.011389245184857217,-0.037659613164302136,0.033867215086191164,0.08849633218045852
0.8852589778372676,18.695061762715447,-21.785939972414173,-0.14155452847216263,2.257319139830606,0.0035315262058116985,0.052939639844392004,0.24289053119703,-3.9398493034013087,-0.332708753443413,-0.35045347625612483,0.7994844192438043,-3.393043073677489,-3.5646103362214125,0.10973178884995247,0.011389245184857217,-0.04070562963881666,-3.3091636704638825,1.0580973048734679
-1.7206615484693113,0.4098705413335416,12.083960284506949,0.0021784006161781,-0.05051753528470423,0.0035468997687203114,-0.12841571416150274,-0.19780379771186993,0.052538197359961854,0.06191979249519324,-1.887290415882941,0.8642460570640382,-0.7377668144161074,8.155404759678557,-0.42304526205947524,0.006685044117566529,-0.036081976440438895,0.03347769086479118,-0.09316788116942082
-0.7305234261386317,-0.47254979499802496,-12.290691585559188,0.0021784006161781,-0.13598392183182506,0.0035468997687203114,0.31422540753915223,-0.19154352066000832,-1.4874531290739907,-0.08299414232503775,0.0939846974872873,-7.835014832733913,-5.834027206802593,-13.196904507881799,0.16975760283792207,0.006685044117566529,-0.03662509837084808,0.034091059663147884,0.05107519872341311
-0.48955311708463584,-0.0905964166058538,7.577404165894096,0.0058948975426403195,-0.14952365247850324,0.009378291116479946,0.2064100535584719,0.22633422687419386,-3.5347363034986756,0.5187757650318277,0.21922191955653894,-2.2249629825116246,-2.938343420829425,-8.777857227277913,-0.10833819284046532,0.011389245184857217,-0.03506858309149482,0.06478931317239373,-1.922910405836018
-0.8597290121229818,-4.877254822480883,-25.191631697814817,0.00478015677945068,-0.04805413324676898,0.009378291116479946,0.2108336518071594,0.9825642546205575,-1.0813998328215522,-0.10648039080535673,0.6242436314429206,0.15666217496345794,-1.0331284116803783,11.213925050700357,-0.18449020830537605,0.0051404835037126145,-0.030123117879676017,0.0644685137143152,-0.1087581987946502
-3.4464218377790066,5.673640557822674,-5.656996759493421,0.0013458470439213256,-0.06180637418958188,0.0035315262058116985,0.01025228838038341,-0.39945508571590294,-2.350022770087907,-0.5707343060346718,0.8962434422842647,0.5447477502652384,1.6113425479380352,-4.458885387995298,0.0520314065734217,0.011389245184857217,-0.03666905612939273,0.03683706240009478,0.02850967115307028
2.201205264849441,-0.8465605274929227,-4.242596644702393,0.0007511495326533787,-0.05542895055922681,0.0035315262058116985,0.08315674817493278,-0.1699978152204579,1.2297144995121965,0.00932778242265712,0.871167753288553,0.4052616995961063,-1.0980428392647785,6.947449811201866,-0.2840560596958145,0.011389245184857217,-0.04008541521674665,0.03347053217069065,-0.06908413596379978
0.5904182015924515,-2.3590474945730278,-0.9199627822431167,-0.003463232212118408,-0.06087148447575217,0.009378291116479946,0.07625302365669281,-0.5567713052275463,-0.17111053790258654,-0.05573768614087279,0.6521949196825284,0.25358909175478644,-0.6728815529821671,8.24634895916907,-0.21361651250398883,0.011389245184857217,-0.03856423994171006,0.03881128812430157,-0.0760241573776667
0.4687565583868581,-1.3449600953646477,1.439841228501303,0.0058948975426403195,-0.052266543841238064,0.009378291116479946,0.2528012441046683,-0.5977143300977564,-1.5965150794560483,-0.15395781951640977,-0.3499173977663174,0.5608862618926853,-0.10593754721353535,1.417784313176684,-0.24968215429402263,0.012137299596993334,-0.037375349658187916,0.06469758652291861,-0.571400050649185
-1.2594132702187384,12.583086036665092,-0.28581859617456445,-0.30497116994197915,0.7964086141272325,0.009378291116479946,0.3050461580556595,4.066505365244465,-1.6306917960287124,0.11063118158024204,-0.5328684408116495,0.6121840545603596,0.1722862868322444,0.8055163978424944,0.23707202085721252,0.009032919879575376,-0.035447765489989944,-5.5988546994475294,-0.11707745712721292
0.19132338234250892,-0.9832173061869598,10.245800116515422,0.0058948975426403195,-0.01486827487670918,0.009378291116479946,0.07368067525043315,1.3480402588326097,-3.8599909052427726,0.1395884144968688,-0.011675618290668228,0.9288122280832998,-1.2290248257095646,-8.186021825303978,0.2342544548958303,0.012137299596993334,-0.03378377933955157,0.0567169585465666,-0.6118677426509403
0.7883590672941773,2.297169467279829,2.5446439019531275,0.03266764854749163,-0.05793414319897307,0.009393664679388559,0.14968889227263907,0.49613964413680767,-0.5040213220458568,1.0963771217240914,0.8607072125150182,-0.03599677403375426,-1.0159954923411403,7.5647064312040015,0.5450246143736781,0.004203338192126442,-0.038389030969295565,0.056558129343434335,-0.11607638895987567
-1.8135813690518798,14.706923738268221,10.538995434753339,-0.003630623996489452,-0.17952533636445508,0.009378291116479946,-0.3590312226955556,-0.5235272923295641,-2.6435030059386957,1.3142267721876277,-0.027975940560595113,6.284154967409053,1.0654425284375895,-3.0421303050045476,0.09897831882187738,0.011389245184857217,-0.03680422990969576,0.05770323323369286,3.011937745189128
-1.7600977000735052,0.8107822278849366,19.815999709941735,0.0019651128067776375,-0.03029764827859039,0.003524822163662426,0.0008398658246277977,2.424252544710096,-0.3295308850782229,0.0550390155121581,0.21732680020551393,0.8000246794788655,-0.7779169037583294,8.656362311367621,-0.3593752725362328,0.006685044117566529,-0.03357019613562517,0.03453239603664142,-0.10389581967761151
0.5354975737011498,-1.1443189332122106,6.28378564059738,0.004232123695959237,-0.08715868074143619,0.009393664679388559,0.2932708823676052,0.9351187495539757,-3.066716443209921,-0.3063536519199646,0.5616116972334214,0.8063296682069455,0.5081537751716847,-3.2957965917385117,-0.21036073933717242,0.004328718812284688,-0.03582966662877896,0.056559904030919025,-0.09110739811715955
0.5166585946190781,2.098767559133362,6.624462159198858,0.0019651128067776375,-0.0367442094585265,0.003524822163662426,0.13742634654955652,-0.5078886226002223,-2.321848234729692,-0.098331549321272,1.457783422981837,-0.4010163247226263,-1.0458495460703525,-8.332468369365456,0.15159847858029407,0.006685044117566529,-0.036585499620360194,0.03388963427541595,0.023422031502279332
0.12929538983290786,-2.7625417568160855,1.4200737539692008,0.02712631957441298,-0.05467723628878193,0.0035468997687203114,-0.08414779962271089,-0.4869842580696585,-1.3770267347755545,-0.0594718852935099,1.1476779082579844,0.21745750396123142,4.704840036322517,-6.656648432472203,-0.06692922068679492,0.004203338192126442,-0.037487210044010996,0.03411209395848087,-0.07677249878561067
1.5170819728330605,2.8056935412524315,5.545088112558694,-0.003249944402717946,-0.12943654153150086,0.009393664679388559,-0.3537519881739607,-0.008059261661774519,-0.6393655155477495,-0.010470211486694431,0.6264758550980454,0.0037923734665623525,-0.82192376607957,8.680125047562315,0.8199438020503031,0.006685044117566529,-0.037325407354926676,0.056585798232726164,0.1925824414548012
0.7803808825258103,-1.3010513574569844,-7.639570994737613,0.0019651128067776375,-0.03029764827859039,0.003524822163662426,-0.006068756777786535,1.2083258111677087,-0.6439445360294723,0.0662380472651344,0.24662424000909186,0.8938261324902806,-1.1888546493547731,7.392702000206184,-0.5563660869450712,0.006685044117566529,-0.038493677495903184,0.03349948039645898,-0.08946278656012166
0.6014411502957363,-2.1166677727545955,-0.6770866932367607,-0.003463232212118408,-0.05561018738034307,0.009378291116479946,0.07625302365669281,-0.5576473942951096,-0.18271353463842763,-0.05573768614087279,0.652985230187782,0.30079178468611273,-0.6817101435563787,8.334845236357124,-0.21361651250398883,0.011389245184857217,-0.03856423994171006,0.03881128812430157,-0.0760241573776667
6.086399605218066,0.4495801896363793,24.322205352616265,0.0021784006161781,-0.03387927865780326,0.0035468997687203114,0.013432561508688759,2.3498248943536795,-0.29860345454828974,0.025206560437048275,0.13411759084002942,0.8962986124812459,-0.8257922545595451,8.56394888046665,-0.42532058033836806,0.006685044117566529,-0.03353690936921362,0.040703854877326785,-0.11823810940031963
0.7845770616400521,-0.2410818154318312,-4.518029722313796,0.02712631957441298,-0.037954600769360726,0.0035468997687203114,0.0406948809865325,0.48954824380407574,-2.0643571974362978,0.213418645592988,0.3859863909995369,1.460584196039402,3.781952717535993,-8.262460527201078,-0.0680109810034727,0.004203338192126442,-0.03602770106193068,0.03350024499446591,0.024973626691400602
-0.9431819130976414,-4.209675072264643,2.708276107194591,0.0021980715566636577,-0.12943654153150086,0.009393664679388559,0.14108562810800987,0.14858858533640848,0.9340483900315018,-0.4457004912210906,0.7273725779762532,-0.4319667069540496,-1.093544746279408,6.212241067420204,-0.47954212953044084,0.004203338192126442,-0.038294418327152316,0.0566864740517978,0.17691735398637964
-0.648854390362707,-2.0724646526492028,-0.7781527673990222,-0.004968185259610018,-0.19450356730606616,0.009393664679388559,0.08969864137259614,-0.048819837629532285,2.3709564532952503,-0.11419591606335716,-2.3642792438800693,0.4635392924228699,-1.7028227209228424,-12.837065615331282,-0.3247735728056187,0.004203338192126442,-0.033092919973907356,0.04137939407325944,-0.09044309652331334
-0.12904990880975573,-5.941578454543186,-3.9791238361215537,0.00478015677945068,-0.026410286178219257,0.009378291116479946,0.07584476833608517,-1.0742113902321428,-4.323459271708456,0.04408734342958038,0.31927559390228066,0.7258429303356043,3.0524584942010238,-11.542513017528972,0.1387432125632437,0.009032919879575376,-0.03294331816241293,0.06440517832823832,0.08938595206290399
0.3183042739836018,-4.987198324047426,-1.4143612130916234,0.0007511495326533787,-0.061118303853402785,0.009378291116479946,0.08315674817493278,-0.20138100529157907,2.7474870129032447,0.012769040744243672,0.24360258214346997,0.20852352744696478,-1.1572698870836489,6.287557386775758,0.1736005916688411,0.011389245184857217,-0.038286697583122184,0.05016719402017268,0.07614319629209877
0.6824890110772107,-5.3610177302948925,-12.174551648207592,0.0021784006161781,-0.050651807230679,0.0035468997687203114,-0.5154361288909584,-0.5015155022799657,-0.36242482688583816,-0.09562012034190193,0.5152035583410395,0.5726246373100776,-1.4384934940315537,9.338991090000627,-0.10125282081409687,0.004203338192126442,-0.03909493363361125,0.034052035957452306,-0.08808345347690329
-1.4182707983216432,-4.097299959952679,-7.104961606202069,0.0021980715566636577,-0.12943654153150086,0.009393664679388559,-2.7023541246486826,0.14858858533640848,0.7880320952550616,-0.4424079070296955,0.7273725779762532,-0.333234774703266,-1.093544746279408,6.715593640289337,-0.47954212953044084,0.004203338192126442,-0.04476874809634904,0.0566864740517978,0.17148192884996105
0.38616737038607457,2.857904876809179,-11.064329634935282,0.0021980715566636577,-0.13539871223348554,0.009393664679388559,-0.367176112132075,0.15767820229552257,3.6335149616208318,-0.42092494892328847,-0.4300555584519771,0.9973704664712901,-5.26461150908697,-12.931085473382819,0.48700060220402974,0.004203338192126442,-0.03646514839083676,0.055699098499203736,0.8870607908416426
-1.2950195884358449,-2.007042510257516,-6.766955445846551,-0.004629620259312817,-0.2043707588233643,0.009378291116479946,0.11695518896582191,-0.23451021817917359,-1.0387350488392708,-0.10578924461900675,-4.978009791536273,0.024856409748508994,-1.966401460642075,-12.655499416900767,-0.11064935701726945,0.011389245184857217,-0.04105499390140036,0.03785177884264253,-0.05789642539095607
-0.4289050558896278,1.478397237766542,-6.653790474744208,0.0019651128067776375,-0.06492868922946114,0.0035315262058116985,0.40520746165205873,-0.2671567470046754,-1.5390486386055964,-0.18990197295093214,0.07532605552034329,0.5906656717351882,4.60584856111191,-3.7015984600651968,0.09709311445271268,0.011389245184857217,-0.039859997453465995,0.03112279353665396,0.044491530207292594
1.5447080643562772,-0.47678959027380635,10.11611290450051,-0.004677195486242666,-0.1340198917628439,0.009378291116479946,-0.04087829419005847,-0.06642175541830257,1.6719761288836121,0.01877833986596319,0.47189877506309374,-0.0055813080095547755,-1.0377347978393845,5.755046990226243,0.3262066762140657,0.011389245184857217,-0.03600098321724967,0.05681204819981141,0.09719592542432116
1.958989490417815,-0.17647909305372986,-6.437274185800676,0.007719729589256749,-0.0241973669282438,0.009393664679388559,0.15771549167754836,3.4807251257335308,-0.7333373190917152,0.09819412040735151,-0.20386047080835584,0.4178305521251842,-0.259637174976924,4.312102842532516,1.3648982640600087,0.0074330985297026446,-0.035301673261482217,0.05668687524056373,0.16617546827145205
-6.698985975413413,4.334855299246971,-3.578537272474547,0.0013458470439213256,-0.05515173469710649,0.0035315262058116985,0.06656519324812138,-0.4804378340849224,-0.653045749825893,-0.8772640477653234,-0.09920697657060201,0.36618211914646015,-0.5915204606310894,3.3190631150355014,-0.18869648517394247,0.011389245184857217,-0.037767548697070684,0.032707770940859054,0.17444680263880927
1.32442571400696,1.6664063960602207,13.61883661933191,-0.004677195486242666,-0.1339553569795495,0.009378291116479946,0.012942279707042913,-0.09048485913130305,1.8339817206358027,0.1031209560542607,0.6277418309523257,0.4952320306852424,-0.9872675213391179,5.147611998982856,-0.34294795761983404,0.006685044117566529,-0.03609111816425401,0.05682849905440377,-0.05731847634475203
-0.6590894203940729,-2.287499358408123,13.115932595924349,-0.004677195486242666,-0.1454371526574425,0.009378291116479946,0.03926006189641492,0.20852198569767205,5.051008807905515,-0.08407676707173291,-0.4188850087207138,-4.555942562164658,-4.901881353243075,-10.063514192668835,-0.18197226731167762,0.011389245184857217,-0.023045803324153867,0.06380678488442881,-0.7495285212780031
0.7950059463326115,-10.809113947733024,-13.764162933874717,0.00478015677945068,-0.04836652947422146,0.009378291116479946,0.25496533719032033,-1.4516690375763228,-0.7413315877971312,-0.13275331790928688,-0.16514069124316627,0.4667447210376657,0.06546821342516773,3.158243475687137,-0.26155822269432616,0.009032919879575376,-0.03820213783702838,0.05636391190870801,-0.09882994483271342
-0.7735241894084639,-0.5412116997752308,3.710971183530677,0.0019651128067776375,-0.06115570777295653,0.0035315262058116985,0.08456525640704014,-0.38857014626082864,-1.2232364499348325,-0.16449437846060705,0.23865649169283085,0.43711235051575936,-0.8870782215069118,6.921980811857224,0.16210849640056407,0.011389245184857217,-0.03702906966511021,0.038486516564522046,0.13301346591654703
0.5699557815226303,-1.2249558369406401,-6.090816909838548,0.00478015677945068,-0.022363051094486414,0.009371587074330672,0.023163300478071604,-1.2546008135694606,-4.657653635054175,0.05134504346846387,0.316500120428119,0.6863132503962381,1.1170783931237156,-7.369769190804346,0.24707905963192855,0.004328718812284688,-0.03455591672544152,0.05561831514289869,0.12479049853341033
2.0396082977365486,4.894363098876142,1.9172399251520758,0.02712631957441298,-0.03401355060377803,0.0035468997687203114,0.3518786385581112,3.2527209903589904,-0.481654089541012,0.2161719795816436,0.2984251711766172,0.41220836451878956,-0.7611956949902722,10.163252102691132,0.18166910419269927,0.004203338192126442,-0.03186798951664843,0.033123072470956284,-0.11330042248181375
1.3310136432958741,-3.0633318389183515,-1.7596920092735175,0.0007511495326533787,-0.06471567671273883,0.009378291116479946,0.0031072706210562187,-0.1321424182416777,8.624046491485437,0.04123027289513011,0.3300345291269329,0.3033783831632218,4.59082013505074,-5.216510548411008,-0.18064821229535546,0.011389245184857217,-0.0385657171051184,0.0419410546582483,-0.045097784688726966
1.574176003739501,3.5696875508974575,7.1376279358050505,0.007719729589256749,-0.06199134795268207,0.009393664679388559,0.13571552879863233,-0.13457830587277086,-3.330059424153939,0.5666655406969963,0.6228896100962561,0.1438533353152617,4.3022490494061145,-8.721858717042673,-0.14458843688197673,0.004203338192126442,-0.037550148756518575,0.05652312608224987,-0.13820275000722376
-1.1011119850319921,-0.38606467484548473,0.7981788087172139,0.0019651128067776375,-0.035046933207764,0.0035315262058116985,-1.6725789063658107,-0.5168792559944344,-0.389998496026133,0.042262887138330915,1.0244783971323732,0.46172815566280545,-1.539109939173065,8.732905316079542,-0.35709995425734,0.006685044117566529,-0.03736065461521565,0.0340162680982609,-0.034078420654284694
-2.1078826980456475,-4.15789851986672,-0.1727627918474295,0.002211182795061694,-0.06115570777295653,0.01488306485205972,-0.47617447089813825,-0.04724160730643378,-1.4372617083899915,-0.08997306177541194,0.20388127029039982,0.37129379572479326,-0.249629249850157,8.913960869722489,-0.0007219163039158422,0.011389245184857217,-0.03789912908280366,0.04443588204542196,0.13839379054654025
-0.17990907308450813,-1.8951719782916685,2.151306715085145,-0.004968185259610018,-0.30518054433580744,0.009393664679388559,0.2729446151551792,-0.05376365894763146,3.3263855026179674,0.05882005712921391,-3.76166223781326,0.47188281887602757,-5.826520502527438,-13.310193008516116,0.5233096359496912,0.006685044117566529,-0.034020497875129334,0.05466534308112225,0.14333231299813964
-7.802351418646316,-2.1186368796670134,2.7369007126021367,-0.14794586187255548,-0.05008436672563396,0.009378291116479946,-0.16171334568407844,-0.20848175603849042,-2.6480160400839967,-0.1957615483770217,0.015373029829111828,1.063534434528367,-1.587716515492229,-2.204775837586899,0.33089272628743677,0.012137299596993334,-0.03940057767171053,0.06360191598822161,-0.7296883101190588
-1.5748940403989082,-2.21510699410006,-10.94146919296303,0.0007987247595832279,-0.20479881502213118,0.0035315262058116985,0.3051927901194272,-0.31862420376647027,-0.9908057785509808,-0.24275127231128754,-3.5606430081293463,0.5838443755234501,-5.625813934932227,-11.05548025314921,0.10166420201654969,0.011389245184857217,-0.03542010031281645,0.029237482775756475,0.03840560461840584
0.5145015652639168,-2.7869666360878225,-11.456973236260671,0.00258844565563403,-0.19522304885038047,0.009393664679388559,0.8034906980433382,-0.11229787803859206,-0.29853645106569365,0.23059699454704086,-3.410666211167431,-0.3447179482371175,0.5841191038208727,-13.055441972933966,-0.11498873098131708,0.004203338192126442,-0.04070286593763999,0.03765815256513678,-0.06947702894833155
-13.686988447224888,6.503941087545861,1.8748249018613392,0.0013458470439213256,-0.05823521045622322,0.0035315262058116985,0.07081843322091982,-0.4625457395966708,-0.06324271315448997,-0.41341551646483826,0.8321716258285208,-0.17582806705107118,-0.15231445608080493,3.7907645781970367,0.21121295983721908,0.011389245184857217,-0.03762177931725185,0.03686772883126196,0.10869433815347161
2.7108669174596574,8.306304942198302,-0.9799993328102096,0.02712631957441298,-0.050651807230679,0.0035468997687203114,-0.1504966315874349,-0.5859568705405234,-0.6699023876469469,0.3301321310573607,1.1315134390528174,0.3042108693387415,-1.0110954309269065,8.18677341118669,0.21357517246876961,0.004203338192126442,-0.038394949289858996,0.03306551508009708,-0.09832061972362212
-0.2896993647981873,0.8628311732355416,-7.221546253999631,0.0009644373420538415,-0.05467723628878193,0.0035468997687203114,0.0010113652360247446,-0.1197579439129443,7.882280390145315,-0.010591803741896322,0.9059038015042694,0.8092054332337327,6.293601034924304,-5.355649848266071,-0.21580306345234088,0.004203338192126442,-0.040433854181250624,0.03352871921910685,-0.06855415021773528
-0.4206617717660322,-3.637144774605899,-8.196358710809188,-0.004677195486242666,-0.06471567671273883,0.009378291116479946,0.0017036604731232251,-0.09608799685975708,6.054738203097828,0.06747455426744277,0.3172446056405201,0.27198636151915423,-1.2738237137031156,-11.072093844613468,-0.18197226731167762,0.011389245184857217,-0.037502405693064116,0.05163668738252953,-0.05593167470184899
3.110530774962618,-1.8016324009884983,17.988192596423843,0.03266764854749163,-0.025727910127491864,0.009393664679388559,0.1989932334223858,-0.6171722485253833,-0.215013925442044,0.0061376916151305375,-0.15084270086737037,0.12703831867826645,-0.13131488309984543,5.388686756179362,-0.8453814675737554,0.00441899833920029,-0.03785482203907325,0.05659705696131527,-0.19171438181946748
0.7140156305547338,-5.331749673981974,-3.375925722862427,0.0021784006161781,-0.03401355060377803,0.0035468997687203114,0.013432561508688759,1.8746445416189907,-0.29763401118748195,-0.13896267347441238,0.0337802180233858,0.8286204972724817,-0.9705461313932114,8.005871197861335,-0.10352813909298973,0.004203338192126442,-0.03353690936921362,0.03250926257293798,-0.11823810940031963
-6.471034236987607,2.121743758492329,-1.4733240052798313,0.0009522635360858183,-0.0541850427799328,0.0035315262058116985,0.07081843322091982,-0.4804378340849224,-1.6834151394357832,-0.4442392560778492,0.8578254716818405,-0.18064955005311034,-0.17039615948087614,4.163238183686161,-0.18869648517394247,0.011389245184857217,-0.03702962245460357,0.03384219322570773,-0.1748666668103745
-0.33549882352767435,0.9188592868147731,-3.570456291895299,0.0010120125689836907,-0.19347856490911827,0.0035468997687203114,-0.20654454590665236,-0.47029190004370724,-0.5483648667257653,0.08076494454161376,-3.5685632189466405,0.7504003191368382,-4.57205665254196,-10.218518670130656,-0.17965424767820298,0.006685044117566529,-0.03530206944109629,0.02762601918201435,-0.07298580510651523
-0.10138182313641458,-1.3315184285623736,2.4817800587057985,0.0019651128067776375,-0.059454379617329745,0.0035315262058116985,-0.017809498712258176,-0.39121826892174427,-1.8825352461342992,0.07341746201276912,0.589796465999653,0.5339428882363098,5.194093888743784,-5.63649949196047,-0.08437083971769783,0.011389245184857217,-0.03750564923413533,0.034018903648880196,-0.05339423276327521
1.319226711282517,4.344784752140845,2.921470737745141,-0.003249944402717946,-0.12943654153150086,0.009393664679388559,1.4419280045878429,-0.008059261661774519,-0.2853379048014846,-0.007177627295299369,0.6264758550980454,0.15200427687488005,-0.8766994357248953,9.725810070936555,0.8199438020503031,0.006685044117566529,-0.04116030106684343,0.056585798232726164,0.18251643100946624
-0.7434917824832261,0.2317837956064761,7.280708326209865,0.0021980715566636577,-0.21418344653430738,0.009393664679388559,-0.2112360154003989,0.15812067540929625,2.5079779928327803,-0.7056649079733137,0.5338195804365533,5.999193528937404,-4.832274308237985,-9.73161808630857,0.0817664236292567,0.004203338192126442,-0.03415676102061657,0.056987764357329475,1.3772031113097423
-1.7901933465787554,0.4711545395259608,1.2083245945448133,0.021697974555516933,-0.12943654153150086,0.009393664679388559,-0.3758329055998928,-0.335395668632665,-0.4392359329094392,-0.4211419804527149,1.2869910664884108,-0.4518672530439749,-1.1022952318806423,7.811141163328809,-0.7078895460083774,0.004203338192126442,-0.03778236846612197,0.056585798232726164,0.1822246456494312
-0.26851266670971013,-2.0251904261353704,-7.112624821727242,0.0019651128067776375,-0.03029764827859039,0.003524822163662426,-0.006068756777786535,1.2785262335566523,-0.21668045714212292,0.00546867093575812,0.6669183725014814,0.7057217938848233,-0.35445040573132924,7.846070803405086,-0.5563660869450712,0.006685044117566529,-0.036697629865575586,0.03349948039645898,-0.08946278656012166
0.8548054974996268,-0.10621840011985847,4.002221622839165,-0.003463232212118408,-0.1339553569795495,0.009371587074330672,0.18127288122242452,-0.12260343653369084,-0.6727797032875639,0.031383171938036344,0.4230188867357244,-0.22716079266760159,-0.7644741109072014,7.854624382746039,0.46028927932217195,0.006685044117566529,-0.03769442044470155,0.05655003037353476,0.16489325943208794
1.1982677278489935,-0.12229820119450861,3.33666548621608,-0.003249944402717946,-0.13261748845222304,0.009393664679388559,-0.39031897371324004,-0.16487039592056216,-3.335131108401319,0.026624877293977174,0.5004043958953948,-0.60020662998681,3.2745332455822567,-8.945322848872625,0.17868012728905722,0.006685044117566529,-0.037809597726790635,0.056550794971541696,0.17004785166409553
0.47774464196361555,-1.3851828505187262,-8.520975558977176,0.02712631957441298,-0.03401355060377803,0.0035468997687203114,0.04089817795581322,0.8494308877292187,0.05121233743044021,-0.038033339694907,0.3837804404255597,0.5382648023911696,-1.2198063089865894,6.640539893778836,-0.2888105835961667,0.004203338192126442,-0.038460390729491645,0.033535248255650386,-0.0988673893643239
-0.2490705594857905,2.736575360445301,6.617167741723754,0.0019651128067776375,-0.034238698444173085,0.0035315262058116985,0.1314211658588469,1.23900520054628,-2.4607022138252357,0.09585588968068995,0.6960743640662652,1.7276623221345355,2.2747705472811544,-13.644723477375221,-0.11941254840920275,0.006685044117566529,-0.031313706231356216,0.033464477135274506,0.06920672321869371
0.7883590672941773,2.297169467279829,2.5446439019531275,0.03266764854749163,-0.05793414319897307,0.009393664679388559,0.14968889227263907,0.49613964413680767,-0.5040213220458568,1.0963771217240914,0.8607072125150182,-0.03599677403375426,-1.0159954923411403,7.5647064312040015,0.5450246143736781,0.004203338192126442,-0.038389030969295565,0.056558129343434335,-0.11607638895987567
0.7713987558163492,0.0658962312898066,-8.633791000340672,0.0021784006161781,-0.037954600769360726,0.0035468997687203114,-0.0005879806654206201,0.4874716042385377,-2.9228715974750945,0.20454048664969593,0.16502941824802472,1.84338668980307,3.781952717535993,-8.42031313963609,-0.12049492584958656,0.004203338192126442,-0.03602770106193068,0.03350024499446591,0.020035939772894716
0.3121449354217769,2.353218974401631,12.742150560853096,0.0058948975426403195,-0.06161581185801223,0.009378291116479946,-0.7292739470250071,-0.3341567140955015,-0.6540682866746824,0.04799883264836397,0.0019941114067413158,0.4665244491285747,-0.6801742069347347,5.851390571777999,0.46388953513562753,0.012137299596993334,-0.03800576489394137,0.05995539371961224,0.6917744230495236
-3.4964739754102814,3.4917848776753226,3.934163272463833,0.005478100746220004,-0.04537794198081694,0.009378291116479946,-0.23897917498239998,0.36970677671657604,-3.65905186703207,0.050860439366245694,0.3869428068136885,0.6951409768041451,1.0282407987137818,-9.678267526239445,-0.4823674289430699,0.009032919879575376,-0.03580484071602166,0.06272896263975936,0.17234899638592452
0.4075794446245856,2.912108668906491,7.323942197126506,0.0019651128067776375,-0.033116147331190886,0.003524822163662426,0.14827805941414224,-0.5282124289570281,-0.2680598941414361,-0.04292670997537462,1.386354580431148,-0.10778099917055264,-0.1537137433731697,5.176917090397839,0.5119155852643389,0.006685044117566529,-0.037526584024131844,0.03392463753660043,0.10360669850268067
0.01701794612707589,1.6420737332726805,-7.987059383812231,-0.004463907676842204,-0.054542964342807164,0.009393664679388559,-0.0003922449119082488,-0.09145375742037305,6.356747725133011,0.049834139992954045,0.3462217665716637,0.4930344905269094,1.0650295274800021,-11.21483741016009,-0.271321570609465,0.006685044117566529,-0.0363322162884574,0.043536157820926194,-0.0793880402308573
-0.029519321130909548,0.14122769848425862,-4.002096518625854,-0.14155452847216263,1.0448332757878238,0.0035315262058116985,-0.4371517865193422,-0.11404903042771564,-0.8257753951605954,-0.2153417842745348,-0.3040072024634935,0.4811954963585313,-0.7105041481819496,5.018039885055477,0.1795174718548621,0.011389245184857217,-0.03847364045175336,-6.686073772941158,-0.0659730354074835
0.704470395250471,-0.6370792316814264,-7.8227962187310975,0.0019651128067776375,-0.035046933207764,0.0035468997687203114,-0.0836119445159832,-0.1898176035446179,-0.7232489646808676,0.07655457428713917,0.2614257876939739,0.6129289421694288,-1.1422255824711793,7.523352499129361,-0.35709995425734,0.006685044117566529,-0.04161631417687021,0.033441923005599776,-0.07486112042999418
0.9952869726119881,-0.8580462667773432,-1.6707360050845668,-0.16115521096180532,-0.0351114679910584,-1.6498845482696198,0.08175313802699978,-0.24850667617362196,1.7693022430452925,0.036214239886367385,0.3331781991892138,0.3225290625556203,-1.6232921294057912,5.97234242416695,-0.33205988509788337,0.011389245184857217,-0.037890588369892605,0.03899491807572541,-0.06560812703784752
0.1068854678338503,5.235216417081024,-1.3414342009544602,0.0019651128067776375,-0.03522817002888027,0.003524822163662426,0.20596961274371353,-0.5282124289570281,-0.4016904683829268,-0.2105380745923631,0.8851639127455347,0.3716464293433247,-1.2959335409335344,7.9426490080213386,0.5119155852643389,0.006685044117566529,-0.03802274081983587,0.03392463753660043,0.107001743866554
0.8138376145244269,1.3124474493897085,-11.977174889125127,0.0058948975426403195,-0.050823132549197333,0.009393664679388559,0.047028085997069695,-0.36442518766493776,-0.7278117238766806,-0.13752522490005678,0.43642611167815026,0.23866036908743224,-0.49608903867507936,3.8586427593669725,-1.1731638264405082,0.006685044117566529,-0.038052219458411425,0.05602691946429453,-0.10347093218739432
0.5461563432897244,-1.1338892887960947,-3.021840296766744,0.0019651128067776375,-0.035788308313058806,0.009378291116479946,0.07318130647943434,1.2961137892310632,-1.0417618723771325,0.006110847027155711,0.2561412097484013,0.46172601451184186,-0.5161703955918601,7.99633077051138,-0.18651657979551464,0.011389245184857217,-0.03759015060156534,0.037417000050671695,-0.08034871075382147
-4.568287166049589,1.4697616765960613,-2.9234966435324425,0.005478100746220004,-0.028673409107332383,0.009378291116479946,-0.7443474173660601,-1.8850633558426872,-0.6146215763908465,0.03881342792098029,0.17080316554071795,0.41148811257405704,-0.70972572403246,5.885272634769836,0.1650893793133628,0.009032919879575376,-0.03485952017479766,0.06362180013522642,0.2296696339850242
2.376445952567927,3.9859365021506616,22.734219655732378,0.013167745548638352,-0.04885959717422102,0.009393664679388559,0.15049620650200657,-0.39758408293091624,1.3924596837782417,-0.01512021195745588,-0.27282017646362955,0.13273376979155227,-0.7521046692209575,2.850058375197118,0.0832614626983071,0.004203338192126442,-0.03472037686428207,0.05768999206658619,0.1675572963802277
-0.020577274606799537,-1.0923619873424868,-1.0972414772198869,0.0019651128067776375,-0.035788308313058806,0.0035315262058116985,0.08008992908184867,1.0667142882751275,1.4082798511922645,0.04896730202908591,-0.0807274933519046,0.8165512127531318,-0.6739351541018777,7.093496684914516,-0.22389499916476693,0.011389245184857217,-0.033350682417352416,0.033442057946049715,-0.08034871075382147
0.657119736166103,-2.935581090886391,-5.637291419421222,0.02712631957441298,-0.050651807230679,0.0035468997687203114,-0.199121207805633,-0.5025552497700864,0.3402548597510595,-0.10581448146889647,0.45991889713121853,0.17935481326301414,-0.8069094818087945,6.487970902319517,-0.08954445090843564,0.004203338192126442,-0.03800461226923809,0.03306551508009708,-0.09832061972362212
0.07140011433972078,-1.8934833509132027,-0.3653073504655312,-0.003463232212118408,-0.06115570777295653,0.009378291116479946,0.07625302365669281,-0.08885677537540941,1.8353619029082802,-0.10976690507941927,0.23723370343530284,0.2615570171040872,-0.5375574045679307,7.127155831673387,-0.05425818520968905,0.011389245184857217,-0.036050627979903556,0.05153618911172881,-0.10402867007881506
-7.438000135999547,-1.2380143450957612,-4.057078760912552,-0.004844587270613711,-0.06097447095184027,0.009378291116479946,-0.30875589749674015,-0.03217585104686948,0.4408021842335844,0.05020316853537452,0.19509437946643457,0.30574709027418945,-0.4391990201988127,6.818942885435295,-0.15167030951954869,0.011389245184857217,-0.04319252483140479,0.04706030074364247,-0.11605536176984042
1.063568428660262,-2.4244720908262622,9.426065193768737,0.0021980715566636577,-0.09026414305866197,0.009393664679388559,0.05104710127486826,0.022295954487354608,0.3444069829389658,0.3985005751091342,0.5292374387351396,0.022678639971090493,-0.881108350514777,6.838152156362791,-0.23919735214713284,0.004203338192126442,-0.03570716557578761,0.056864266913595175,-0.0984367045874242
0.2787220215975358,-1.6827556761727758,-8.196101511265265,0.0019651128067776375,-0.034238698444173085,0.0048629464866121516,-0.013180676349481616,1.1163998078046187,-2.960591631962401,0.023496672137147068,0.24408415881469925,0.6094001354081557,0.6991939131834163,-11.124805761850254,-0.07831782145775966,0.006685044117566529,-0.03826267837733355,0.037439419239896486,0.034378229495602826
-1.1781638990403018,0.8786599060736926,5.901004821687062,0.013466583137686627,-0.050525178785791186,0.009378291116479946,-0.26456451635298717,-0.22344058485528165,-0.7521287949792601,0.11540943730863565,-0.028816760335189404,0.34644176759355494,-0.11395660560535309,2.533116066679797,0.33152687671420533,0.012137299596993334,-0.03799118881530809,0.064847036590214,1.7448415034267766
2.5086658832236326,3.7833365103481493,5.516869631118249,0.007719729589256749,-0.05793414319897307,0.009393664679388559,0.11288647785299306,0.004801334174176325,-0.6502192116154613,1.1231826299725454,0.6065941152317522,0.3589525495027091,-1.0106322850111482,7.560290910312476,-0.23722887440056656,0.004203338192126442,-0.03740752319318847,0.056558129343434335,-0.12502422303257754
-2.9013605398643194,6.626311555504117,-30.502391698244043,0.03266764854749163,-0.05759422156403386,0.009393664679388559,0.1790295275923954,-1.0501923332440462,-0.5457830481963348,0.489988733825372,0.13785750001309488,0.2250429231765576,0.5383441237524753,5.032890417755562,-0.057032609688710496,0.003524022017197653,-0.0397504523218629,0.05155196715206665,-0.11333847628901987
-1.4998462851515062,-4.8059030047736835,4.4944684390062974,0.0021980715566636577,-0.12943654153150086,0.009393664679388559,0.0059091451442023595,0.15614304328892725,0.8447199743762269,-0.4424079070296955,0.7273725779762532,-0.32113295483554505,-1.1347664048659212,6.439820029687226,-0.47954212953044084,0.004203338192126442,-0.03662402818211422,0.05685711008997344,0.17390942750624397
0.2799690788153205,-2.7743238102204604,-2.3015876282474643,0.0019651128067776375,-0.03907236226586694,0.003524822163662426,-0.0628666226707005,-0.5029630799888481,-1.7167373006252917,0.05604278498222142,0.07929417619625867,0.9892910278199082,3.474683652526853,-6.811977059344744,-0.11833078809252502,0.006685044117566529,-0.03806855248053975,0.0329947439597212,-0.09546159885879561
-5.334686103716452,1.5224762272743961,-3.489635838301281,0.0013458470439213256,-0.06097447095184027,0.0035315262058116985,0.5197463846158636,-0.3049624583979824,-1.4441960329088959,0.1188801340081375,-0.05154999417654404,0.5583673798397535,-0.8675373174892147,6.475124351681192,-0.13448383033017974,0.011389245184857217,-0.038142619702222214,0.03489607374863511,-0.11593927690603836
-0.301826601120929,-3.204329557067581,-1.1026107101056992,0.0007511495326533787,-0.06471567671273883,0.009378291116479946,0.0031072706210562187,-0.1321424182416777,8.630953762557803,0.04123027289513011,0.3250191891924605,0.3033783831632218,4.58677161721341,-5.789667556103012,-0.18064821229535546,0.011389245184857217,-0.0385647943976872,0.05013934758260993,-0.045097784688726966
-3.625371201504682,5.323147355244562,-3.514318539929602,-0.003630623996489452,-0.06115570777295653,0.009378291116479946,-0.28182806380409786,-0.18079288612737515,-0.5581115488613535,-0.24227349584347208,0.24411237473825426,0.2896911962062889,-0.7917710467123651,7.996831496352388,-0.21957578487221105,0.011389245184857217,-0.03859442370121815,0.05122664587802026,-0.08544423650734588
-2.042992094189745,1.3887599500142576,-2.3156005441758523,-0.003630623996489452,-0.14323667806712256,0.009378291116479946,-0.16325480503468798,-0.6759282287474024,-1.025753261324168,0.2604933034813449,0.12508173690351296,-0.2741318483873221,-0.07128435279637901,2.8427891222079453,0.22048960451704433,0.011389245184857217,-0.03792449026104979,0.05756824213631952,0.1699808990828788
1.2478330063215786,-2.1673483211286757,4.848405324018725,-0.004677195486242666,-0.0351114679910584,0.009378291116479946,0.08175313802699978,-0.08729630224848944,1.3902457894562654,0.039013322116556344,0.24451914602978453,0.24267729947175498,0.16435777039882254,7.349053155158526,0.21258038446004848,0.011389245184857217,-0.034093955455421654,0.0435189423683269,0.05977416034235547
-4.068836945005105,-1.7283872822876358,-3.724328095656891,0.002211182795061694,-0.05904368507526714,0.0035315262058116985,-0.3107835834631423,-0.22811733621609137,-0.19338179370788205,-0.026549190116513043,0.6685867155406272,-0.2649545154806246,0.23659797116997314,4.786532906930696,0.05927005823467622,0.011389245184857217,-0.03816259235682471,0.034732910889473376,0.1511651963551949
-3.045685749894353,7.8910824713180565,-7.212629738088777,-0.003630623996489452,-0.06294039566863559,0.009378291116479946,-0.0015676722959651807,-0.2162572119930013,-5.300772435256297,-0.6575981266794954,0.04868954872084088,-0.05720360141706078,0.694844742817493,-9.897195118807499,0.10283301588299748,0.011389245184857217,-0.03860252960439357,0.05790452949221284,-0.7030721245644271
0.1637516052954367,-0.6101535016687316,0.10732834309067604,0.0019651128067776375,-0.03934990956588366,0.0035315262058116985,0.26029641628442646,-0.3971083143536066,-1.7950175672067907,-0.19579067459057148,0.5203498014253806,0.6176971354098287,6.285856025511056,-6.133210977938974,0.09709311445271268,0.011389245184857217,-0.038118701417436146,0.03388034024444532,-0.03256503899842688
1.0488781895885084,-2.3320161745974706,-10.748657422706541,-0.004677195486242666,-0.11985837299386498,0.009378291116479946,0.03926006189641492,0.1466115202069983,3.9441184805644864,-0.007126053731464287,-0.4936202928253835,-6.976001035406445,-5.672705276701285,-12.950541884255173,0.6312690930535932,0.011389245184857217,-0.037131535325707156,0.0556540366090417,1.1953361177021569
0.5334900186605974,-0.4621922898462181,-11.49529160429523,0.0021784006161781,-0.037954600769360726,0.0035468997687203114,0.006320641936993712,1.4246562568796248,-3.425212539622789,-0.013759247655729459,0.025158965409333753,1.5756242557635816,0.5923743017187576,-12.078368360052073,-0.07971935090913394,0.004203338192126442,-0.03730603460852005,0.032484461376572224,0.020035939772894716
1.0145305823909185,-0.279333757867628,6.047105526794358,-0.003463232212118408,-0.1340198917628439,0.009378291116479946,-0.02971727829874749,-0.0825496715829643,-0.640814111592171,0.015444969430890043,0.5006571794513738,-0.20027751903633725,-0.6489625304757943,7.717447032134752,0.2985130764701193,0.011389245184857217,-0.03768399344144042,0.05654073634256413,0.10551114356750829
0.4765989792982924,-1.2006588804428677,-17.598756072232675,0.0010120125689836907,-0.19347856490911827,0.0035468997687203114,-1.1086234308668925,-0.47029190004370724,-0.7506195567917614,0.0462886100210597,-3.5091437905968936,0.8064654182167692,-6.90700614402554,-14.97348512802916,-0.17965424767820298,0.006685044117566529,-0.03670655007074862,0.027530957919801306,-0.07298580510651523
2.3620105831968754,7.589273823935028,10.380670890300314,0.013167745548638352,-0.04885959717422102,0.009393664679388559,-0.580505042735971,-0.6302757870690798,1.3924596837782417,-0.01512021195745588,-0.27282017646362955,0.13273376979155227,-0.7521046692209575,1.6347841812342057,0.0832614626983071,0.004203338192126442,-0.03472037686428207,0.05768999206658619,0.1675572963802277
1.015566901082722,-0.36449627383220434,0.5353674605276196,-0.004677195486242666,-0.035046933207764,0.009393664679388559,0.0025030747697788866,-0.22495715456636303,2.0695607228571418,0.036214239886367385,0.32831901685940973,0.2587141797001158,-1.6295476382431473,5.490940662177318,-0.754386589713333,0.006685044117566529,-0.03627512435155978,0.03900421210669604,-0.08506763076650345
-1.042444725805367,-2.9984838602111386,-8.244485846808093,0.013466583137686627,-0.03900931052456714,0.009378291116479946,-0.2480837062364166,3.334088001588462,-0.6477065344815615,-0.12192646300420752,0.36195137135015054,0.06651406460457443,-0.7933577912333342,4.202452937295477,0.19049365081198374,0.011389245184857217,-0.03466043899366939,0.06480687916278888,0.22621073792042465
-0.3415747043510658,-0.20799381020069202,-24.402746172113638,0.00478015677945068,-0.04776990994956462,0.009378291116479946,0.2108336518071594,0.9769287010728633,-0.8170177230073342,-0.10648039080535673,0.6411883030400188,0.1551744078630238,-0.8531150027201261,11.415234714102862,-0.2129720642251251,0.0051404835037126145,-0.030289389822839914,0.0644685137143152,-0.06379189183173432
-14.363790153098524,17.072068112239105,21.15976095104437,-0.0036330507712335675,-0.0875947832617487,0.009378291116479946,0.17759242602340664,-0.2068675983673489,-3.572193388647854,-0.8757684367806177,2.792796057833288,0.998802757494216,2.9010154542368984,-4.094828810374691,-0.19280361859264342,0.012137299596993334,-0.03717209326360689,0.057063661697299047,0.48141268842666984
1.3070688853705978,-2.2950416818179646,8.80396521611359,0.0021784006161781,-0.03387927865780326,0.0035468997687203114,0.013432561508688759,1.3724713158634405,-0.3106980532109776,0.03640559219002458,0.17279394652196062,1.036772386542579,-0.7114930835290413,8.980798034822117,-0.42532058033836806,0.006685044117566529,-0.031554172122926376,0.033535248255650386,-0.10380507628282978
3.2429269798442744,4.0229068990794445,2.5254850118600927,0.00660498882606711,-0.025824399144824706,0.009393664679388559,0.1598795847632004,4.567007077200959,-0.7926302980193669,0.08789419533958485,0.12524206086024378,0.3625025744865302,-0.10529012112378255,4.45221091847679,0.9205283255934701,0.004328718812284688,-0.03520241649259443,0.05654692049755715,0.20980031815522318
-12.153915441437428,1.3791963424599838,5.024635598196136,0.002211182795061694,-0.05904368507526714,0.0035315262058116985,-0.3107835834631423,-0.22811733621609137,0.18938726501210287,-0.026549190116513043,0.9926365288997636,-0.10360497599357399,-0.27729513129887084,4.5581643823470595,0.05927005823467622,0.011389245184857217,-0.03787854309641402,0.034732910889473376,0.1511651963551949
0.44770315469945593,-2.87188102647735,-3.1476848313694816,0.0021784006161781,-0.05467723628878193,0.0035468997687203114,-0.37885388072310494,-0.3009795343056139,-2.0599168952715137,-0.08920862505924262,0.32846888426345405,1.163657699833509,9.501789072047632,-4.873224443079585,-0.07863759059245616,0.004203338192126442,-0.038163815206454406,0.0330305118189126,-0.10980388858150374
1.7906803721652793,2.3116130027304354,3.006014692278446,0.0058948975426403195,-0.041417754542833474,0.009378291116479946,0.03149692056483524,-0.6256830631714766,-0.6640759357799039,-0.17492450851762875,-0.05112367920925471,0.5643399125919358,-0.16539059688669536,1.997551995275752,-0.7766531968632419,0.0074330985297026446,-0.03760036772449251,0.056561289102123866,0.7305664443096471
1.828781910445256,-0.7674974509068961,6.444023757966692,0.02712631957441298,-0.037954600769360726,0.0035468997687203114,0.0406948809865325,0.5744950822916507,-1.90184909199544,0.213418645592988,0.28679182429637917,1.460584196039402,2.3955652560924166,-11.298114517054037,-0.0680109810034727,0.004203338192126442,-0.029540549494460354,0.03350024499446591,0.024973626691400602
-16.118093957559136,-1.9859546695078667,-9.445649703524744,-0.0024666627240391577,-0.052898072947329365,0.009378291116479946,-0.16054058411343225,-1.0806955032926846,-1.1882331508011799,-0.2309702957319341,-0.1329994352463689,-0.012654336235071242,0.022505318358659515,-2.0207619706886137,0.2858657781200359,0.011389245184857217,-0.039233357371807984,0.05060850032539823,-0.16843876809716532
1.0531855790747306,-2.3328958996111995,-0.47137995647100017,0.02712631957441298,-0.050651807230679,0.0035468997687203114,-0.1504966315874349,-0.2202951043248491,-1.115662200545964,0.3110851974747242,0.6821626020515964,0.4065997446314457,-0.736166454631167,7.396183064173362,0.21357517246876961,0.004203338192126442,-0.042860587341168835,0.03347769086479118,-0.08823019425091494
0.979644953412168,-3.155890364112662,-1.0758738978342064,0.0058948975426403195,-0.041417754542833474,0.009393664679388559,0.04730995389500601,-0.6316648067540847,-0.6759318398700526,-0.15395781951640977,-0.32542976347065866,0.5454375871876104,-0.1680918830107382,1.9600202071459882,-0.7766531968632419,0.0074330985297026446,-0.03824606102358449,0.056561289102123866,-0.1823554551527427
0.979644953412168,-3.155890364112662,-1.0758738978342064,0.0058948975426403195,-0.041417754542833474,0.009393664679388559,0.04730995389500601,-0.6316648067540847,-0.6759318398700526,-0.15395781951640977,-0.32542976347065866,0.5454375871876104,-0.1680918830107382,1.9600202071459882,-0.7766531968632419,0.0074330985297026446,-0.03824606102358449,0.056561289102123866,-0.1823554551527427
0.1286054128342976,1.6375285580250465,7.799236921324413,0.0019651128067776375,-0.0397293584786415,0.0035315262058116985,0.008416547322025162,1.1381400639523185,-2.4342422535102246,0.07991768717354365,0.25187298296808824,1.7204688639172034,2.327387216906457,-12.90931220334658,-0.08545260003437562,0.011389245184857217,-0.028818208015802947,0.03340705468486524,0.043492305301903005
3.600387296051071,-0.9683229329007311,11.326169753250994,-0.8307350488191427,1.8616841568702913,0.009378291116479946,0.37307634594479683,0.1590307134707839,3.7786354789841514,0.04428984859692673,-0.44579259231948515,0.5801570214496079,-0.538466351694943,1.1664109535936646,0.41165114988322765,0.011389245184857217,-0.039338151002205134,-9.800407063441298,-0.12943327890117795
-8.974286669059024,-2.763851551278729,-1.0675117575851372,-0.02425101679868414,-0.0649999000099432,0.009378291116479946,-0.13062431582401984,-0.1022243954603369,7.386435192369642,0.05521920154413724,0.35687470217153977,0.3054936080865476,4.5188681348159445,-5.053689388892157,-0.026018700843472894,0.011389245184857217,-0.038294765058186644,0.04907868030909741,-0.07943330761433184
1.0145305823909185,-0.279333757867628,6.047105526794358,-0.003463232212118408,-0.1340198917628439,0.009378291116479946,-0.02971727829874749,-0.0825496715829643,-0.640814111592171,0.015444969430890043,0.5006571794513738,-0.20027751903633725,-0.6489625304757943,7.717447032134752,0.2985130764701193,0.011389245184857217,-0.03768399344144042,0.05654073634256413,0.10551114356750829
-0.4049657531112378,-5.571947630236098,-2.3666900363834342,0.004232123695959237,-0.10874317854168819,0.009378291116479946,0.3301393168954479,1.0759171033520663,-3.499883936645203,-0.3063536519199646,-0.7793405193314906,0.8526862684030511,-0.4765186556993113,-7.017018573424475,-0.16197450641399463,0.009032919879575376,-0.03575099655112476,0.06469620145171377,-0.07960379263141157
0.627958545522043,0.07964568762170132,-8.02980480747158,0.0019651128067776375,-0.03907236226586694,0.0035315262058116985,-0.054721761859534084,-0.14525189198254423,-2.8795083018941265,0.1116304876866067,0.5022215019834971,1.4480802089403055,3.7605459344503647,-9.578481089502331,-0.11833078809252502,0.006685044117566529,-0.03909205614606779,0.033406919744415293,0.07984391833210264
0.5289107441697268,0.8722101378969765,-1.2432968840225955,0.0058948975426403195,-0.06405726593138232,0.009378291116479946,-0.02971727829874749,-0.30923669730543357,-1.6710965878805184,0.04948482243392457,0.3324633082186035,0.06593810585477283,-0.6610217172480188,5.240163949171207,0.4197943776151708,0.011389245184857217,-0.03771235368262695,0.06419088577438112,0.18862497560628239
-2.2266656629136294,-5.604797875741641,-0.6737485027844201,0.00478015677945068,-0.04776990994956462,0.009378291116479946,0.25369040495195544,0.45968208504170865,-0.7728598427542474,-0.10589949799685991,0.2669764577944394,0.4085861092052761,-0.5070996226866781,9.194770958883694,-0.30167408608567836,0.012733388670896285,-0.034730564226039026,0.0652081975444569,-0.09882994483271342
1.955052581844764,3.389586681237295,7.1952558935696045,0.006056955742575668,-0.09810569752962178,0.009393664679388559,0.40639980675742776,0.2801143563117842,-3.6012743253488244,0.5314170243796484,-3.8168471652828857,0.91816183936286,-0.31680053143083214,-9.518039596949464,0.5563548728606105,0.004328718812284688,-0.03294858272016546,0.05668549016935891,0.18844370320040632
-3.853236965517581,-1.655647513529111,17.103493940342492,-0.0006092796186042112,-0.06829570750620757,0.009378291116479946,-0.35348294893535154,-0.1867260688912404,-3.038481002706634,-0.14970218353400752,-0.15350465636242638,0.9933727236979145,3.485534210580281,0.657547228823817,-0.09142134791040876,0.011389245184857217,-0.03832605903117129,0.06359800571991914,-0.1508837202711341
-0.7139390918663414,1.0016918629344456,5.011800911466943,-0.003463232212118408,-0.15437113243298806,0.009378291116479946,-0.12188370295005585,-0.12520299768792537,-3.7209651404169635,0.0333951409110555,0.3765852294191681,-0.5251424430625887,2.6792092449031903,-8.312783448479621,0.08509447730818478,0.011389245184857217,-0.037545925004390454,0.06465132453314504,0.17843442786491365
-1.7431991149839947,0.012612661559220126,18.114609512665098,0.0019651128067776375,-0.03029764827859039,0.0035468997687203114,0.0008398658246277977,2.414495813414402,-0.361085716956688,0.0550390155121581,0.21693523451652152,0.6186894847094485,-0.7779169037583294,8.586975970425692,-0.3593752725362328,0.006685044117566529,-0.03357019613562517,0.03453239603664142,-0.099931348660893
-1.8680062734452485,0.6602681272841527,-11.217425587864817,0.004634617343492679,-0.14644085749896113,0.0035315262058116985,0.16761324411251005,-0.053312080903162175,-2.1531533643047194,-0.08680301074533502,0.11179195516385348,-7.6702237214858044,-5.676558575300586,-13.281250321070253,0.0664166682503336,0.011389245184857217,-0.03667430377776687,0.035924232430341964,0.07094451455321414
2.7825329509284935,-0.8822767381062763,2.033203218539075,0.007719729589256749,-0.04271062498408873,0.009393664679388559,0.14651400204977866,-0.316230567121566,-0.6190265485189016,-0.13518286527073306,-0.14331459908561883,0.5620317101584476,-0.23881565876814995,3.385163890644659,-1.1788822787247948,0.0074330985297026446,-0.03770958677706287,0.05668382078974037,-1.7201226528813305
0.311203109155508,-0.1470140176679593,-0.9089170593341661,0.0019651128067776375,-0.035788308313058806,0.0035315262058116985,0.08008992908184867,1.792064784128881,-0.11483669210706891,0.05256103711923398,0.11283214612928152,0.6083993234830342,-1.0068262369935508,7.008479100117,-0.22389499916476693,0.011389245184857217,-0.03351283743320427,0.03241607226333731,-0.09478174387131134
-4.80966229228453,-10.879654857537885,0.1297968801865284,-0.0039792515194733424,-0.15437113243298806,0.009378291116479946,-0.3834738672476019,-0.010278535416675255,3.434196940855831,0.054055862047636134,0.36617207503579186,-0.009015034450569365,3.8420464296482,-7.493485700305664,0.11039468675443415,0.011389245184857217,-0.03967467688015188,0.06389698646645824,0.18226469263353384
1.6541596450567049,2.923058547699138,-4.895653743812348,-0.004677195486242666,-0.0649999000099432,0.009378291116479946,0.0017036604731232251,-0.06829528712212302,16.526660534895022,0.07513756915819034,0.21200872467542503,0.4002338908225332,5.306482598187129,-5.901180786692709,0.6005926468512143,0.011389245184857217,-0.03950237769340019,0.06363397053226658,0.1122384079513755
-2.0904240548990636,4.563061573988702,2.132216612347813,-0.02420344157175429,-0.20298134485635716,0.0035315262058116985,0.08580374183758184,-0.317506252415761,-0.20246897962876093,0.10721165123518306,-0.7320012033295124,0.9008104439217506,-2.4480578994451583,-8.731904069358842,0.42972016187718265,0.011389245184857217,-0.03499724613689129,0.031309483557511564,-0.11900525074891957
-1.685165784711333,-1.2601180055397718,-4.091660401643365,0.0019651128067776375,-0.03733352827222102,0.0035315262058116985,0.40837871288452116,1.6298184498933443,-1.2068005613201223,0.0550390155121581,0.08124086493946575,0.565909526910626,-1.0425723968957379,8.119928105730626,-0.13101226911976324,0.011389245184857217,-0.036500310574408494,0.03319833047757443,-0.12278625657245971
0.8423931632760719,-6.970778682290128,-1.0544332534623588,0.03266764854749163,-0.042308117655828384,0.009393664679388559,-0.4909110221211595,-0.1929600087741597,-4.371863064164918,-0.5788942027482364,0.09627553349843998,0.7243756276850585,-4.0637143450475435,-9.304841338320497,-0.2633378612035491,0.00441899833920029,-0.04360213314803917,0.056562053700130795,-0.180045731788118
0.052701517114437046,3.056900421656203,-2.116795441647606,0.0019651128067776375,-0.06087148447575217,0.0035315262058116985,0.14651004970940987,-0.47549386273205474,-0.3883849079841261,-0.16449437846060705,0.526881529074437,0.3647846382886199,-1.2919947850570168,7.555150603507918,0.2944711548219862,0.011389245184857217,-0.037659613164302136,0.033867215086191164,0.08849633218045852
0.49382951945731607,-0.815006094798745,-7.242930065210106,-0.004629620259312817,-0.1780724976154725,0.009378291116479946,-0.28998046825137097,-0.04347809851224987,-1.2287820234173799,0.08586788081887668,-2.072802955532212,0.16392974380562786,0.6293858742520684,-15.102224530077361,0.5449469441319471,0.011389245184857217,-0.03743142967273853,0.05323093951376284,0.218314061786819
-1.5613320269151356,-2.184162591570088,4.374253246165215,0.0021980715566636577,-0.12943654153150086,0.009393664679388559,0.026830155472079377,-0.31926775246800326,0.7628110457419416,-0.1640595227096403,0.8379353153680308,0.06518397609624427,-1.0085173945684807,6.3066179413066905,-0.6801959462644311,0.004203338192126442,-0.036140873504359225,0.05685711008997344,0.15880658906951087
0.7194085676872662,1.8291587074095697,-8.576533530166357,-0.004677195486242666,-0.0649999000099432,0.009378291116479946,0.0017036604731232251,-0.06351608579030178,8.395898741906665,0.06747455426744277,0.3040556338572759,0.28707484018412477,-1.265739560347476,-10.500262532283966,-0.16044571212355288,0.011389245184857217,-0.03725702032388977,0.05163668738252953,-0.08393618740299738
-0.9049727871636203,0.05802478281261644,-5.395799810079657,0.0021980715566636577,-0.050651807230679,0.009393664679388559,0.0005779172046445848,-0.3824930146793595,0.9029276126013346,-0.13655255475950945,0.5021462589242041,0.056469346279834846,-1.239872597339454,8.742600138717755,-0.27096305188512415,0.004203338192126442,-0.03846177267956605,0.0555684442318477,0.17502690064318308
-1.700109881722732,-0.6300980609703467,-4.980679828220729,0.0019651128067776375,-0.0606902476546359,0.0035315262058116985,-0.48854510290325004,-0.47333421929326003,-0.34149206953620587,0.06080101915173874,0.5754032310250552,0.382057484227351,-1.265357385874591,8.452550164018612,-0.22161968088587405,0.011389245184857217,-0.038071745281361376,0.035850191375067945,-0.06462708794789503
0.9690488039309387,-3.9849737986842326,-0.9640856757255856,0.0058948975426403195,-0.041417754542833474,0.009371587074330672,0.04730995389500601,-0.6335047439707466,-0.6640759357799039,-0.15395781951640977,-0.3250381977816662,0.6445421626416283,-0.1680918830107382,2.0068466001074077,-0.7766531968632419,0.0074330985297026446,-0.03824606102358449,0.056561289102123866,-0.18631992616946116
-1.3065784167524528,1.5140143218899602,20.203582357524777,-0.023037053524559883,-0.03733352827222102,0.0035315262058116985,-0.3564921660210617,0.7273227292834814,0.10299418990164495,0.10438284036003866,-1.2353043749915562,0.7691703360367104,-0.6159805464593261,7.621557163540542,-0.04719566959449489,0.011389245184857217,-0.030234938236683134,0.034272736399753485,-0.1146842336794263
0.24603121755936425,-1.0689764282857557,-3.1009890127037716,0.0021784006161781,-0.050651807230679,0.0035468997687203114,-0.04517483485420893,-0.5015155022799657,-0.3378213111788797,-0.11377287642377243,0.5112247020092874,0.5199826063240247,-1.0697041314641598,6.953890759958738,-0.10125282081409687,0.004203338192126442,-0.037496389703631325,0.03414709721966535,-0.08808345347690329
1.1848650847608242,2.4839918319261405,5.599608841851327,-0.004463907676842204,-0.050651807230679,0.009393664679388559,0.015095770453839849,-0.055156607708469085,1.3343271995171908,0.013098141198971841,0.27666898865435574,0.41408667983763714,-0.20299029157341977,9.30154563422761,0.2519576387042869,0.006685044117566529,-0.03451581368553406,0.043564004258488935,0.14684545822964823
1.3336838887715357,-3.175456914968114,19.333919350119054,0.013167745548638352,-0.06177833543595974,0.009393664679388559,0.14878061974057621,-0.10820597351312988,5.351308370049236,-0.7833324992167604,0.7641095909752653,0.16833103570185734,6.326004766590225,0.32842938917169073,-0.5649915165778023,0.004203338192126442,-0.03743592533808546,0.05665862761423507,-0.12294627011903093
-1.3950090953119345,2.582105543970339,17.150359151354515,0.0047285094954459105,-0.09659872819617978,0.009378291116479946,0.34217435724117046,-0.16635485830948177,-3.052410699818847,-0.3275581535270875,1.4864262610506702,1.0773951995840596,1.3868908148583514,-2.014517302536806,-0.19596511856461787,0.012137299596993334,-0.03497078227893348,0.06569399042900295,-0.5143041237709264
0.4397755968166344,-0.8698264215081442,-2.250044657102972,0.004232123695959237,-0.09461647767154552,0.009371587074330672,0.2832552092684649,-0.3494573249714994,-3.8802920176518696,0.11539979517415434,-3.021408288242389,0.6787593891721561,-1.7790806763543896,-12.410653302084187,0.28232659339814464,0.004328718812284688,-0.032761463331298625,0.0566497223101675,0.1649850207517206
0.1068854678338503,5.235216417081024,-1.3414342009544602,0.0019651128067776375,-0.03522817002888027,0.003524822163662426,0.20596961274371353,-0.5282124289570281,-0.4016904683829268,-0.2105380745923631,0.8851639127455347,0.3716464293433247,-1.2959335409335344,7.9426490080213386,0.5119155852643389,0.006685044117566529,-0.03802274081983587,0.03392463753660043,0.107001743866554
-1.0533331734140927,-1.620617539623164,-4.0167664935062914,0.0007987247595832279,-0.1780079628321781,0.003524822163662426,-0.17272798329147845,-0.4758440506395667,-0.7127520414768175,0.11059739961672362,-3.8753675523847244,0.588199960644047,-4.448324145204029,-10.725943579170297,-0.14472183073387113,0.006685044117566529,-0.03531496227830594,0.027590251322822945,-0.061304807095789275
-0.5894042329400337,-1.5791492799651692,1.1206520774568993,0.0021980715566636577,-0.1334619705896038,0.009393664679388559,-0.5333942700340758,0.038487597376060126,6.01505215835771,-0.180304352837356,0.774357087896072,-0.3931088866599134,4.446625445836073,-5.59150654457589,0.03155492760433012,0.004203338192126442,-0.039031879946496484,0.056651470790613334,0.1642011791527324
-5.139367922158716,11.472807522430056,8.011873242778705,-0.0006092796186042112,-0.022641423125274594,0.009378291116479946,0.17711019647876294,5.899494304483472,-1.0793970999301754,0.2526766468945235,-0.6567278993809288,0.30113682466505154,0.2492653443416052,0.5297693054804296,0.3875426134933157,0.012137299596993334,-0.03525365840568062,0.07197212409676279,0.6760509783915959
0.77549215145703,0.02133999667361759,-1.4912375639568394,0.0010120125689836907,-0.19522304885038047,0.0035468997687203114,2.532770462991985,-0.474708275947981,-0.8826831196440156,-0.1274360225248592,-3.845126489772188,0.8078057343938121,-6.345196415273925,-14.437137947487562,0.23382000928949945,0.006685044117566529,-0.035105718709663926,0.027439327358140825,0.0904702815331486
1.1033367553350129,-2.5510666787829677,-3.750179185201963,-0.004677195486242666,-0.0351114679910584,0.009378291116479946,0.08175313802699978,-0.08729630224848944,1.6272310694562382,0.039013322116556344,0.24257947269393257,0.41508847277624383,-1.0871298185020926,7.7321510292671825,0.7354395705933727,0.011389245184857217,-0.03959509257783217,0.05552338234168567,0.19844447934238552
-2.0073934377087945,-4.492916436422393,14.624343487851725,0.0019651128067776375,-0.035788308313058806,0.0035315262058116985,0.08008992908184867,2.073616738270696,-0.3012399798794221,0.0550390155121581,0.22165844200063922,0.6573276089921654,-0.7882343251323812,8.46041444436455,-0.22389499916476693,0.011389245184857217,-0.03354855776669616,0.03447497358623215,-0.09478174387131134
-0.6602358789852139,0.5376163900143863,1.054905755143671,0.0013458470439213256,-0.06097447095184027,0.0035315262058116985,0.6029872639231575,-0.3049624583979824,-1.551146336413738,0.1232838017884466,0.18444330766149575,0.33020498174529833,-1.1735753260980748,7.122243788538369,-0.13448383033017974,0.011389245184857217,-0.03763439713661545,0.03634074746650698,-0.10076442374081368
0.5570203255104177,-2.9962366696957092,-0.600306853549082,0.0058948975426403195,-0.05945466168475921,0.009378291116479946,-0.02649003835134699,-0.07284613376085046,-0.6591060681663633,-0.03251017912438561,0.4825536980736266,0.17911147652450432,-0.8069155864697228,6.642805370414824,-0.22847531518543354,0.011389245184857217,-0.03774140347527878,0.05646493903383366,-0.10156785750356918
-2.3059162302200464,0.6405362914223749,-6.8866232758715595,0.0013458470439213256,-0.06097447095184027,0.0035315262058116985,0.5197463846158636,-0.0630849082513409,-1.455929135011681,0.1128084205250653,-0.10587546803829842,0.7196431562181341,-0.7343027678343258,7.648162750704081,-0.13448383033017974,0.011389245184857217,-0.043311306716369145,0.0356713411116328,-0.10584885143333118
-2.3825730481884695,5.463098246914175,-6.737942671920632,0.0007987247595832279,-0.20365127727905,0.0035315262058116985,-1.6235431461857115,-0.3785504224715047,-0.8708888984020159,0.0761210650961695,-5.096277937377123,0.5905009791007072,-6.813170166332964,-13.547082236341318,-0.11076188235904384,0.011389245184857217,-0.03477238697459233,0.02932911333741695,-0.0410024812165032
-1.0263258411486715,-0.7387218409845225,-6.381245718269619,0.0007987247595832279,-0.1780079628321781,0.0035468997687203114,-1.583079343406977,-0.4751510479707911,-1.1408972016165657,0.07612106509616949,-4.19313652265573,0.5753639201019691,-6.859675492175408,-13.23307694270612,-0.14472183073387113,0.006685044117566529,-0.03517910323780717,0.0274951900606099,-0.052506086702251153
-0.3502491018903612,3.0456521311490055,4.94030887930631,0.0019651128067776375,-0.03522817002888027,0.003524822163662426,0.14402481944134382,-0.5282124289570281,-0.3459667736929333,-0.2105380745923631,0.691168673969164,0.44152170410552743,-0.9340840991087771,7.411280050053484,0.5119155852643389,0.006685044117566529,-0.037592886443999565,0.0387759426242508,0.107001743866554
1.0383758306652042,-2.643307023305387,-2.197335214067584,-0.004677195486242666,-0.05542895055922681,0.009378291116479946,0.08175313802699978,-0.11599136345283606,1.3766940680059614,0.036214239886367385,0.2515337158314341,0.3217157740029136,-0.5590508664658783,6.777693663521945,-0.24215216283766125,0.011389245184857217,-0.03840298961130988,0.05548241074586876,-0.0799180259769218
1.287265404092865,1.829604453824454,13.455303154338417,-0.003249944402717946,-0.1334619705896038,0.009393664679388559,-0.15809042659836292,-0.1379325007125216,-1.7596007358968948,0.09025080673930201,0.6426571755280818,0.30817273367821396,4.406177474929534,-10.091631061191407,0.23296114561135484,0.006685044117566529,-0.035740465936756845,0.05672143100971733,0.11595886231327464
0.7485865135500264,1.7329030303193536,-4.320908063985872,-0.004677195486242666,-0.06097447095184027,0.009378291116479946,0.08175313802699978,-0.08936049502974416,3.9258078651798094,0.039013322116556344,0.22324278916620074,0.19857443664082897,-1.5078871645112533,5.248154195666588,0.0802177260386263,0.011389245184857217,-0.039825281089342725,0.051664533820092284,0.14516799825692797
1.84282890011644,-0.8785396949805319,5.986460174445714,0.0010120125689836907,-0.1780492374706632,0.0035468997687203114,0.1166306638809035,0.5598572987184233,-0.49769206197159543,0.19636901711625984,-1.747839334244471,1.9438355638769464,-1.8330268202731197,-12.583303373379529,-0.10611039355047998,0.004203338192126442,-0.028464924464278722,0.031343481246799185,-0.09118174563274103
0.14057746520285838,-1.30420606340749,-11.129131719415664,0.00478015677945068,-0.022427585877780813,0.009378291116479946,0.04296666991173124,-2.8285692457864204,-4.384121263259675,0.04408734342958038,0.3298452854657137,0.4625019074157478,3.9689534686722086,-10.20337487851512,0.2095355221569748,0.005140483503712616,-0.03423548142336113,0.056259586876472936,0.06540838266883077
-1.8737425024007441,5.623023086728487,-19.925143683803473,-0.003630623996489452,-0.05946789963545741,0.009378291116479946,-0.30409667174097377,-0.7268675131406439,-4.071628040827418,0.3171923057968388,0.13548628283806158,-0.3572555100590106,-1.1919417137419615,-4.859839712247924,0.09897831882187738,0.011389245184857217,-0.038005482667017025,0.057537575705152354,0.14744630929217317
2.8366747208700187,-1.7452741981911042,-7.293950587739626,0.007719729589256749,-0.057752906377856794,0.009393664679388559,-0.3537519881739607,-0.33143828621241334,-0.6997505582555544,0.023569641516340105,0.5840172195687309,0.2783238845782512,-0.7218860720717789,6.314385530030782,2.125097897819655,0.006685044117566529,-0.03757886463563842,0.05609035621277776,0.19030243557900273
0.7676534965969238,-0.08182902041644909,4.131221194882867,-0.003463232212118408,-0.1379807860376524,0.009371587074330672,0.14698594311302823,-0.16370931631257793,-3.436367259406968,0.04933334341820181,0.4284468372474999,-0.5815475971967393,3.2020273260254597,-8.938031456429117,0.16052100303142922,0.006685044117566529,-0.03778705163475624,0.05651502711235029,0.14235866964138227
0.3567165292185116,0.08131954440695263,4.619825194251177,0.0058948975426403195,-0.05033692270266472,0.009378291116479946,0.2528012441046683,-0.7575907244280715,-0.618970742308889,-0.15395781951640977,-0.08039600320970493,0.5079408540523348,-0.2671182075622674,3.9446500102432576,-0.3425648843390262,0.012137299596993334,-0.03807918739264509,0.056590630480139695,-0.41247028362966076
0.7127979445367948,-3.0238067581573076,-1.2564583835790473,0.0047285094954459105,-0.2207120458383432,0.009378291116479946,0.29343740287969095,-0.09145655441489553,-3.00928854167997,-0.08404909522292069,-2.98705839998562,-0.06969290323734993,-2.983466915729761,-10.120227529977,-0.15625579066993614,0.011389245184857217,-0.03556150015166047,0.05427317202498248,-0.11781966634557406
0.3089582126818813,-2.358235329019408,-18.683994675952782,0.0010120125689836907,-0.19450356730606616,0.0035468997687203114,-1.1086234308668925,-0.45712531145136315,-0.7835712565094531,-0.06185266148026054,-3.3188362826433595,0.8030423501228913,-6.279589775435149,-14.899053053011835,-0.1050286332338022,0.004203338192126442,-0.03690061337107623,0.027530957919801306,-0.07298580510651523
-1.4559926945487816,7.089449429919159,-0.37937090325766964,0.0019651128067776375,-0.06471567671273883,0.0035315262058116985,-0.9498198779308972,-0.405669451820786,-1.5412239982671656,0.03894112749221503,0.6904357715732555,0.5951958389034198,7.284492136327355,-10.613361481708363,-0.08437083971769783,0.011389245184857217,-0.03752830476553031,0.03581518811388346,-0.04276344872596417
0.2787220215975358,-1.6827556761727758,-6.9342303336308415,0.0019651128067776375,-0.034238698444173085,0.0048629464866121516,-0.013180676349481616,1.1163998078046187,-4.304081451526646,0.023496672137147068,0.24408415881469925,0.6094001354081557,0.6991939131834163,-11.044131132153751,-0.07831782145775966,0.006685044117566529,-0.03731866614400844,0.037439419239896486,0.034378229495602826
0.49025021391657064,-5.5030882461478345,-1.6592836832137658,0.008016790674530073,-0.19450356730606616,0.0035468997687203114,-1.7508910975585257,-0.45751692687116186,-0.38339752103364816,-0.08501803185749368,-3.0412134537236284,0.5117145736819066,-2.385116425529926,-9.4173221819082,-0.09332026332814095,0.004203338192126442,-0.035795116743552034,0.03087374807124588,-0.10100140847722952
-0.0984425359361125,-2.264328217036649,-2.608839806622997,0.0019651128067776375,-0.05542895055922681,0.0035315262058116985,-0.21307619435749262,-0.4742103083608233,-0.32690588998204423,0.06080101915173874,0.5905956865794566,0.3052326585172139,-1.1069374286159672,6.736610953036229,-0.22161968088587405,0.011389245184857217,-0.037516423772832756,0.03405390691006468,-0.06462708794789503
-3.379056069374221,8.718415422451429,0.330917922590263,-0.12860469369168956,1.352248361965911,0.009378291116479946,-0.2179929638680448,-0.06136924053113928,-1.0889811517457813,0.11990342675661471,-0.3451855904066954,0.2086986831296393,-0.03739021229662434,3.8143641969534787,0.3068236412231184,0.011389245184857217,-0.0371517117368487,-4.478236980862909,-0.08996548478321374
0.5220312022172668,-0.3296871769203609,-7.8457380582179175,0.007626416575559702,-0.13539871223348554,0.0035468997687203114,-0.35886387938172765,0.21052822375861077,3.983036117770365,-0.5407652595518695,-0.6754347764661905,-2.6119812427804754,-6.69494734369965,-10.934500385706253,-0.16331911860622686,0.004203338192126442,-0.035795673361079396,0.03369437674764738,-0.5916433533862029
0.07943530380377962,-3.742408370669263,-3.5398539515293512,0.00478015677945068,-0.022427585877780813,0.009378291116479946,0.07584476833608517,0.4698883034289612,-4.625688043358783,0.04408734342958038,0.38453833395854115,0.6580351424471048,1.4803438602757397,-10.829439327497235,0.16941965876562265,0.009032919879575376,-0.03532177364768967,0.05560902111192806,0.06540838266883077
0.5142322600672088,-5.315395314011717,5.285318394853833,-0.004677195486242666,-0.15527664465942465,0.009378291116479946,0.004285549440357759,-0.06265425540627687,5.591099755491207,0.04006693339862901,0.489160930421013,0.4035628334203728,4.538771342941923,-5.275579439753368,0.19535846827644138,0.011389245184857217,-0.03611253553082823,0.06492263639039231,0.07955676074377162
0.6014411502957363,-2.1166677727545955,-0.6770866932367607,-0.003463232212118408,-0.05561018738034307,0.009378291116479946,0.07625302365669281,-0.5576473942951096,-0.18271353463842763,-0.05573768614087279,0.652985230187782,0.30079178468611273,-0.6817101435563787,8.334845236357124,-0.21361651250398883,0.011389245184857217,-0.03856423994171006,0.03881128812430157,-0.0760241573776667
0.2821572184801094,-1.7092378818149232,-2.33595075330697,0.02712631957441298,-0.050651807230679,0.0035468997687203114,-0.1158803284983393,-0.5025552497700864,0.35791770923774346,-0.1014108136885874,1.1474867092817609,-0.011727460276908753,-1.0697041314641598,7.046903264376691,-0.08954445090843564,0.004203338192126442,-0.037496389703631325,0.03414709721966535,-0.08800535397023045
-0.5148515342512554,0.03704551622593129,5.2058166370673025,-0.003463232212118408,-0.15034570337488512,0.009378291116479946,-0.02971727829874749,-0.08981640959601468,-1.313712117551806,0.015444969430890043,0.3718936844832978,-0.19553940629747796,-0.6402990491866275,7.369740608397097,0.16615041804869726,0.011389245184857217,-0.03746493259842324,0.0646863277943295,0.20096901765561925
0.9162480432904012,0.41301278158547206,-7.639100091989792,0.0021784006161781,-0.05051753528470423,0.0035468997687203114,-0.8965161501410751,-0.5104078911544008,-0.3029194370293333,0.02656489629631982,0.31949033237843744,0.7496457664660559,-1.7935647018510974,7.386194812095239,-0.42304526205947524,0.006685044117566529,-0.03800461226923809,0.03306551508009708,-0.103258306642128
-0.19769844962099392,2.473078381867167,17.77882300483213,0.0047285094954459105,-0.09659872819617978,0.009378291116479946,0.34217435724117046,-0.1647143072557739,-3.437534985237481,-0.3275581535270875,1.4533702678848184,1.0773951995840596,1.3601031836856914,-2.1849423426302037,-0.19596511856461787,0.012137299596993334,-0.03496474608242547,0.06569399042900295,-0.3443472142697034
0.60586772980626,-0.08252025361273463,-9.007418833362767,0.0010120125689836907,-0.1780492374706632,0.0035468997687203114,0.1166306638809035,0.47491046023084826,-1.0000753541663752,0.19636901711625984,-1.747839334244471,1.8297915910394622,-2.2853609391294074,-10.142612893787923,-0.10611039355047998,0.004203338192126442,-0.03624997838997552,0.031343481246799185,-0.09118174563274103
0.06535609739689913,-2.948756818786026,0.3000820337141934,0.00478015677945068,-0.024834541708456455,0.009378291116479946,0.2504900098651287,1.5199092345352736,-0.8363121023373501,0.03204033198431498,0.3864745477273648,0.35761532369381965,-0.5009816392381783,8.354487377928123,0.3598209159186881,0.009032919879575376,-0.03513611203045457,0.056501858607395115,0.12272902026793032
-0.3326892125607429,4.187873126743594,-1.1346420679674243,-0.003463232212118408,-0.06115570777295653,0.009378291116479946,0.16089297298178845,-0.48819191599423223,-1.3960547581162037,-0.05573768614087279,0.637244655797386,0.2625648922212065,-0.6286550453816344,8.165788634150694,-0.1207337824589851,0.011389245184857217,-0.03650875244173429,0.047168121665738715,-0.11035968030327153
0.1710076711078031,-1.3685438914608505,-7.935828274700839,0.0007511495326533787,-0.035046933207764,0.0035315262058116985,-0.011906348412458898,-0.2023517201749738,1.400749875475138,0.025265984929803427,0.903823353460358,0.40555349442123967,-1.050520504036919,6.859909625791857,-0.5794390183361565,0.006685044117566529,-0.04010134870839138,0.03352795462109992,-0.04336971804700905
0.44445922514649694,-1.1063704690206835,-5.532846237647326,0.0007987247595832279,-0.1789332647289709,0.0035315262058116985,0.11974297595154539,0.9150732424470401,-0.7792715203351023,0.11709762477749817,-2.0320070706178153,1.6908951465358284,-2.32491552189516,-10.346890641211587,-0.11184364267572162,0.011389245184857217,-0.03622268353717275,0.03125029093719851,-0.0746634551568597
1.9299705926138295,0.3062349423876909,2.8751515657369264,0.00660498882606711,-0.041629681802047874,0.009393664679388559,0.1643549120883919,-0.6823241576756868,-0.788684468357566,-0.1098384504849006,0.12311710982875822,0.5679904511025542,-0.2563630326680236,6.403778737107731,-0.8868930861739034,0.004328718812284688,-0.03783253722144615,0.056457102218308686,-0.12228631036172173
-4.278534470622529,20.162853509494656,11.24756547724858,-0.005238170778449219,-0.07464861991806787,0.009378291116479946,0.016695992182250163,-0.13569369387898036,11.232430943149788,0.4243774515416491,-0.2655006361329056,0.3131122307244629,0.8178443544812241,-2.9518410688499634,0.21095002456280582,0.011389245184857217,-0.036959740680584725,0.06918893959123967,0.27496584706944094
-0.48117566934453837,-1.8849455483959754,2.559425293831238,0.0019651128067776375,-0.03907236226586694,0.003524822163662426,0.02037425663659327,-0.5029630799888481,-1.7295861605459544,0.07341746201276912,0.5859027999263537,0.6195416976499744,5.1466033926748,-6.5060758936859004,-0.11833078809252502,0.006685044117566529,-0.03756032991493299,0.03407632609928946,-0.0625083085695754
1.0552696099628902,-0.36838149825822447,-6.795446374545074,-0.004677195486242666,-0.03907236226586694,0.009371587074330672,-0.029814380611750454,-0.10928946637243572,14.459111268490307,0.09107577166533663,0.1702349201528859,0.390149629229301,5.690665851754956,-6.602792870353473,0.6760191725744588,0.006685044117566529,-0.03974162341035268,0.05549767311147182,0.08622668590138245
-1.7860269481754893,-2.7398625009552484,2.085719217855072,0.021697974555516933,-0.12943654153150086,0.009393664679388559,-0.42445748181809095,0.1400151271242656,-0.5015162511109515,-0.4422573736728757,1.1489289519021577,-0.5578191333871978,-0.788335879227713,7.467837498318545,-0.5072357292743871,0.004203338192126442,-0.038306915131033764,0.056585798232726164,0.1822246456494312
-0.07465965134997322,-4.834471676123332,-5.952317830522034,0.008016790674530073,-0.19522304885038047,0.0035468997687203114,0.7895034589597202,-0.2037251338155615,-1.4250585266665643,-0.9507324238489054,-2.5192711943695185,0.43726151349533726,-3.3991661248231986,-11.1322874969752,-0.002068083024030669,0.004203338192126442,-0.03377602827566783,0.0301683076115671,0.11484939030600268
0.40661180519132073,-2.5487771025858943,15.343453703709615,0.0047285094954459105,-0.07093364765467204,0.009371587074330672,0.2952902496141874,1.5019212785024185,-3.012718426246773,0.7865932296148104,-1.3790815014050541,0.9495364748083517,1.0437813289538627,-7.001833074998413,0.40392937787900657,0.0074330985297026446,-0.03263851288691532,0.057757659744806046,1.025340818239851
-0.38111671902019917,-3.3470692273721308,-17.918127625371522,0.0019651128067776375,-0.035788308313058806,0.0035315262058116985,0.40837871288452116,1.887165256250511,-0.3050035538893109,0.0550390155121581,0.10053391701651515,0.569071382784743,-1.058264819292726,5.445768449019072,-0.22389499916476693,0.011389245184857217,-0.03703756460990017,0.03130698475035812,-0.09478174387131134
0.286931171846078,0.03661635957389864,4.8308435222519615,0.0058948975426403195,-0.05062114599986909,0.009378291116479946,0.2528012441046683,-0.7250188133586163,-1.594397194955213,-0.15395781951640977,-0.2009378350771016,0.5090166859057783,-0.10593754721353535,2.4674409584961388,-0.24968215429402263,0.012137299596993334,-0.037834382484493355,0.06478435035134372,-0.9129823313910668
0.8579009751619967,0.14433131789763823,-1.1675290901298736,0.0058948975426403195,-0.05403469074114621,0.009378291116479946,-0.02971727829874749,-0.3063251949522263,-0.6912807437397805,-0.004780856877438412,0.4602379878087604,0.06909996172888996,-0.662378502915111,5.64934469649751,0.32117975892264267,0.011389245184857217,-0.037937450722152155,0.05604529432261573,0.10551114356750829
-6.745243526057723,-2.692649110379107,-10.870620382952866,0.002211182795061694,-0.06115570777295653,0.0035315262058116985,-0.46926584829572393,-0.11260191053217769,-0.08306376469171368,-0.20300834238595633,0.07836027873981508,0.3998494226581438,-0.9769104680615328,6.6245773913791295,0.05927005823467622,0.011389245184857217,-0.04132817254692178,0.03314278217891857,0.17113007689826334
-0.200881812219258,2.843879517054615,-3.0455335789750175,0.0019651128067776375,-0.0367442094585265,0.003524822163662426,0.13742634654955652,-0.5078886226002223,-2.406500128975478,-0.098331549321272,1.1456434850981827,-0.5644813915094123,-2.4466596054199163,-9.262741196109381,0.15159847858029407,0.006685044117566529,-0.0388834711008324,0.03388963427541595,0.023422031502279332
-0.5717022425421577,-8.157996657676145,-11.718238113948457,0.004232123695959237,-0.09756572413381864,0.009378291116479946,0.3283873761775366,-2.482851495086363,-4.757428430533253,0.06511844930476957,-1.7567763038769426,0.6941363965690853,-2.631453322209008,-10.469257011562261,0.1739907463294598,0.009032919879575376,-0.03173546956022866,0.06478601973096226,0.1902427857961262
-1.1309349188922815,1.360944314360816,18.918656350488593,0.0019651128067776375,-0.03029764827859039,0.003524822163662426,0.0008398658246277977,2.424252544710096,-0.3295308850782229,0.0550390155121581,0.21732680020551393,0.8000246794788655,-0.7779169037583294,8.376488429796227,-0.3593752725362328,0.006685044117566529,-0.03357019613562517,0.03453239603664142,-0.10389581967761151
0.9327793389803672,-0.04117104405200925,-18.23584292803989,0.0019651128067776375,-0.11504455328139697,0.0035468997687203114,0.015318127369312009,-1.0781887212325039,-2.594266938849529,-0.42624876208047446,-0.47391536161036135,-16.067708258146652,-2.688731865932608,-14.829387405040615,-0.16018812334965554,0.006685044117566529,-0.039419842165679085,0.03363013466381504,-1.4810753624442419
1.64854953066135,5.3955129090985805,-2.891878946316782,0.007626416575559702,-0.050651807230679,0.0035468997687203114,0.008890149954991908,-0.3584199654608314,2.1211879266645606,0.08142493932529037,0.6121563874210756,0.412878275304197,-0.9469006293517381,6.680154973896775,0.1882269227987916,0.004203338192126442,-0.036368346786632234,0.033563722480291325,-0.08760281457430219
0.7136535069808706,-0.31996788658335173,-8.328711924704464,0.0021784006161781,-0.05083304405179526,0.0035468997687203114,0.16668784193343913,-0.5125675345931954,-0.38431498438096123,-0.13713516681652324,0.4514539478558991,0.5032773035615284,-1.3529337785070994,8.037100081653962,0.60866494965478,0.006685044117566529,-0.039038062282049646,0.033960405395791836,0.13469092588926726
-0.798069394975207,0.15850896496373323,6.499745739388752,0.0019651128067776375,-0.032934910510074626,0.0035468997687203114,-0.7528509806411579,-0.5228609995770425,-0.36256856708911234,0.026324684631184612,1.041584702369397,0.3552878278564972,-0.7474532654887365,4.260702169981941,-0.35709995425734,0.006685044117566529,-0.03740207982599181,0.0340162680982609,-0.06494244336065708
-0.9806411112302169,-0.7700953804023121,3.8686181857755653,-0.004844587270613711,-0.15034570337488512,0.009378291116479946,-0.25060313376989063,0.01923468164364826,3.8267233343696607,0.098381807805366,0.2957664325092422,0.530924855506175,-1.150690933662994,7.368285636875688,-0.18135097227208075,0.011389245184857217,-0.03960828806999025,0.06393914655126443,-0.11917023005446138
-0.22308616868283204,-1.2419942599117524,-2.827623987080374,0.013996149310973458,-0.025882426761205987,0.009393664679388559,0.1786245499672148,-3.8257843908851865,-0.7861034945484832,-0.07320970025247686,0.4164932176220872,0.03340099760291167,-0.653082036773422,7.098102678163408,-0.3016069148714077,0.003524022017197653,-0.0333678416302394,0.057197486262102026,0.19944252234985319
0.9026196144786907,4.883482582715978,1.2915489885885614,0.0058948975426403195,-0.05927342486364295,0.009378291116479946,-0.02971727829874749,-0.3426846974424521,-0.6989784305670916,0.04948482243392457,0.45652527971014845,0.06909996172888996,-0.6791407268096622,5.613570320939068,0.552157036036593,0.011389245184857217,-0.03795715859077869,0.05599716590317708,0.144107841870194
0.6448853979339765,-0.2534241847966399,-0.30957274915357863,0.0019651128067776375,-0.03907236226586694,0.0035468997687203114,-0.0628666226707005,-0.18348687331433733,-1.2072664442480745,0.04997107149914922,-0.07201329196129722,1.4980175040971522,2.379284646563107,-8.930983103683234,-0.11833078809252502,0.006685044117566529,-0.03655306884918275,0.033406919744415293,0.048979895625730296
-0.005965716726597947,-5.1515835719694305,-2.764516394912881,-0.003463232212118408,-0.061118303853402785,0.009378291116479946,-0.28386522995833674,-0.09793395324188711,-0.5256331686655208,0.03897253587287828,0.2619864080113037,0.17772466927849834,-0.3486162506483333,8.129893323162655,0.16239421215475316,0.011389245184857217,-0.03830120591978016,0.0635682979743794,0.06936902725406473
0.6444643540305711,0.16836113424535035,-0.8002749025466924,-0.003463232212118408,-0.03522817002888027,0.009378291116479946,-0.01881007293069884,-0.5295897986328313,-0.386649911730695,-0.1017813822726288,1.1085778994187814,0.3010835795112462,-0.6686914360582839,8.681678875848725,-0.23457058155744345,0.006685044117566529,-0.03854445309986291,0.038868710574710835,-0.050309739460875975
1.828781910445256,-2.1572957490491875,4.935247205983375,0.02712631957441298,-0.037954600769360726,0.0035468997687203114,0.0406948809865325,0.5744950822916507,-1.902490033974304,0.213418645592988,0.3859863909995369,1.460584196039402,2.3955652560924166,-11.302629852246906,-0.0680109810034727,0.004203338192126442,-0.03075042575105462,0.03350024499446591,0.024973626691400602
1.1274274676188591,-1.053333620577345,5.97059511407093,-0.004677195486242666,-0.035046933207764,0.009371587074330672,0.0025030747697788866,-0.11918108676075997,1.5321820263023724,0.036214239886367385,0.2472020740363088,0.41130406138473136,0.05221611729006349,7.456442798210151,-0.34294795761983404,0.006685044117566529,-0.03425672596618314,0.043535393222919265,-0.08903210178322196
0.12305423553018072,-1.6193002013004953,-0.9780453538459961,-0.003463232212118408,-0.06097447095184027,0.009378291116479946,-0.28386522995833674,-0.22657815431250317,-1.3608987799097443,0.03897253587287828,0.3289700337622162,0.18792569354461552,-0.7523936982555449,7.659496195433344,0.2933853948503213,0.011389245184857217,-0.037568525015487,0.04703267688479744,0.13078529577456402
0.4869479388157243,0.6929677764157814,-5.4867493133269125,-0.20146548122029354,1.8045316118832595,0.0035468997687203114,0.01357026221539858,-0.01671645426343493,-0.6844938831606907,-0.19652096660193943,-0.12159287067283381,0.6914175993735086,-0.9560751992219445,6.206174260093026,0.6579863302230544,0.006685044117566529,-0.04222461519560826,-5.880102264131401,-0.08864663289355296
0.916863749414145,1.089983208103409,9.306645255286556,0.0007511495326533787,-0.035046933207764,0.0035315262058116985,0.14952493381165077,-0.9720841079217065,1.4527536795727087,0.09499355242191299,0.6011675120554018,0.6015278374138764,-1.2139396489659184,9.203108171415542,-0.382448203927318,0.006685044117566529,-0.03578154542067057,0.03352795462109992,-0.04336971804700905
-0.7192205923191635,7.312279925346311,6.175410842637089,-0.004677195486242666,-0.11519160906968196,0.009378291116479946,0.19264532561953024,-0.026808032108838403,4.553426665317609,0.08718275354711441,0.33285667546751135,0.4938023782329486,-0.6376149898460217,6.055999397680268,-0.14926943279265756,0.011389245184857217,-0.0340293190765866,0.06512791014543162,-0.11425354890252662
1.267062303717521,-3.4449636469771923,-8.956451208951808,-0.004677195486242666,-0.06471567671273883,0.009378291116479946,0.0017036604731232251,-0.09608799685975708,6.044770317400892,0.06747455426744277,0.32225994557499243,0.27198636151915423,-1.2697751958657855,-10.49893683692146,-0.18197226731167762,0.011389245184857217,-0.03750332840049531,0.043442967511325516,-0.05593167470184899
1.2171654057405106,0.20020451419710492,-0.21891450393928502,-0.003249944402717946,-0.12859205939412008,0.009393664679388559,1.4419280045878429,-0.11881220109388062,-0.3531272725469863,0.0036925233621110396,0.49442400154941846,-0.09760792204935435,-0.8218177334435302,8.53420342871984,0.4784484035797999,0.006685044117566529,-0.04157680594377815,0.056585798232726164,0.18251643100946624
1.0884496915381368,-0.3613133360985432,-8.446321900131979,0.0021784006161781,-0.04872102135410588,0.0035468997687203114,0.02216112880667865,-0.5125675345931954,-0.3312040149585544,-0.011706066936370017,0.9526446155415121,0.5341644690635984,-0.6889779829228849,4.645210307668611,0.60866494965478,0.006685044117566529,-0.03730365931157095,0.033960405395791836,0.13129588052539395
-1.0533331734140927,-1.620617539623164,-4.0167664935062914,0.0007987247595832279,-0.1780079628321781,0.003524822163662426,-0.17272798329147845,-0.4758440506395667,-0.7127520414768175,0.11059739961672362,-3.8753675523847244,0.588199960644047,-4.448324145204029,-10.725943579170297,-0.14472183073387113,0.006685044117566529,-0.03531496227830594,0.027590251322822945,-0.061304807095789275
0.7747675260641232,0.7676480305612503,8.776629008576705,-0.003463232212118408,-0.1339553569795495,0.009371587074330672,0.2288468909898641,-0.11504897858117198,-0.41301930930709885,0.034675756129431426,0.4230188867357244,-0.021814226646654472,-0.9015009146856974,8.394382023020034,0.46028927932217195,0.006685044117566529,-0.03602403029966346,0.0567206664117104,0.1572547476430359
0.6686230520688762,0.16424300771227165,-3.165422070481659,0.0019651128067776375,-0.03029764827859039,0.0035468997687203114,1.0567765326487888,2.9255385248198893,-0.361085716956688,0.0550390155121581,0.3893808226207013,0.6336307884952821,-1.3908024048269438,6.090115495117941,-0.3593752725362328,0.006685044117566529,-0.03275677686018561,0.03308730461176488,-0.09558874101611033
0.8621867323519885,-0.11734485047369297,-6.347520232626752,-0.003249944402717946,-0.054542964342807164,0.009393664679388559,-0.08423134157942477,-0.1997436654245693,-4.669581446657566,0.06498809724493354,0.3294865075071407,0.006333219995686702,2.5152323789033604,-11.170184866737594,0.2973166016725857,0.006685044117566529,-0.037848986198750136,0.03889714406200959,-0.6567213676606416
-0.49002546523062684,1.7063971959989734,6.5740289700681425,0.0019651128067776375,-0.032934910510074626,0.0035315262058116985,-1.0037202546524344,-0.5168792559944344,-0.33101373521064714,0.042262887138330915,1.3594987957039113,0.4193945055371351,-0.7457051709161615,4.3134666392269,-0.35709995425734,0.006685044117566529,-0.03736065461521565,0.0340162680982609,-0.034078420654284694
1.3674705748501172,13.226689366606198,11.095148665814312,0.03266764854749163,-0.11411357365808632,0.009393664679388559,0.550668723631435,0.08283397923725326,-3.6958968702412167,0.05004804746189866,-0.005540098351662219,-2.1247513628783774,-1.2189194285378304,-11.294369550394125,0.41417946879609957,0.004203338192126442,-0.03296158051553929,0.05771997051487059,1.6181354146297309
1.0874871373084523,0.27125544489341225,-2.8281214555569276,-0.19196587743722546,1.9892773648108037,0.009378291116479946,-0.12940386065924814,0.0657119050673934,1.602000350075093,0.049162429746535515,-0.11686610030879331,0.26198863238798903,0.3533994837395843,-8.837788451881528,0.027364737549356328,0.011389245184857217,-0.037130576561956154,-6.679520691856547,0.005059146432131935
0.6874298168488149,-0.7524152023919823,-6.4989849803618815,0.0009644373420538415,-0.050651807230679,0.0035468997687203114,0.016499380601772844,-0.18698796646050533,1.1924162507088911,-0.49558005816950623,0.7297261390709425,0.6190559445123994,-1.364888274372615,7.1621196145143635,-0.32359188489291313,0.004203338192126442,-0.040101224756308285,0.033563722480291325,-0.09254050149280807
0.17587090270488753,-0.38364152068769386,-8.905731555581262,0.0007987247595832279,-0.1787919791597868,0.0035315262058116985,0.3051927901194272,-0.3699892850043253,-0.9660810264505756,-0.24275127231128754,-3.3806524498343755,0.5881234180284541,-5.519694896952616,-11.435771388137697,0.1323406482189287,0.011389245184857217,-0.03578178997714866,0.027394265467978792,0.01442803522433258
0.9277746797233256,-0.02844396155103282,5.053242812732293,-0.004463907676842204,-0.050651807230679,0.009393664679388559,0.015095770453839849,-0.03944708712010729,1.2812603321016973,-0.17049808157303684,0.28220372982153885,0.49393844292150235,-0.395560818617839,8.631714823552183,-0.25090572205279416,0.004203338192126442,-0.034714942504785136,0.04357116108211067,-0.10337439150593009
0.48086054863023014,-0.1213697308472695,-2.0502359452687666,0.0007987247595832279,-0.2043707588233643,0.016430197090304625,0.11835879911375491,-0.16414127536306358,-0.8013283325490634,-0.12574742091423033,-1.9824750211454212,0.04307049760183819,-0.7803962584947002,-11.532725520541609,0.10974498675620245,0.011389245184857217,-0.03605923232089746,0.0350760450893008,-0.034187569116666656
-0.4702904542571185,-2.8589701231712024,9.493992999890748,-0.004677195486242666,-0.06471567671273883,0.009378291116479946,0.0017036604731232251,-0.1359993839916381,15.309428564138807,0.06747455426744277,0.39875311415261344,0.27198636151915423,8.897158279476884,-0.7702890216815459,-0.21571200037031754,0.011389245184857217,-0.036316208457134305,0.047105506266306336,-0.05593167470184899
3.155229476663589,-9.16958652210235,-8.972382364680584,0.013996149310973458,-0.04027788417696339,0.009393664679388559,0.14831970394169014,0.9117416870293501,-0.7053720575896535,0.2996762861534546,0.27319893116456556,-0.10897052628578344,-1.027707990349369,11.588479398306193,-0.5935081384142159,0.0027787443463817016,-0.035041300150938835,0.05710766798285356,-0.11333847628901987
1.2765877137673787,0.9327380432634035,1.0856704745282055,-0.004463907676842204,-0.05051753528470423,0.009393664679388559,0.015095770453839849,0.10704348076072566,1.777227983319174,0.023968291856382246,0.23634629479197714,0.3967212348113065,-1.1056939884955685,9.620418310818001,0.9153748977030535,0.006685044117566529,-0.039653134643524324,0.0555684442318477,0.21089493507772689
0.49025021391657064,-5.5030882461478345,-1.6592836832137658,0.008016790674530073,-0.19450356730606616,0.0035468997687203114,-1.7508910975585257,-0.45751692687116186,-0.38339752103364816,-0.08501803185749368,-3.0412134537236284,0.5117145736819066,-2.385116425529926,-9.4173221819082,-0.09332026332814095,0.004203338192126442,-0.035795116743552034,0.03087374807124588,-0.10100140847722952
2.2276126775801024,12.54341034758293,5.306727385722804,0.02712631957441298,-0.050651807230679,0.0035468997687203114,-0.06725575228014115,-0.5859568705405234,-0.6522395381602633,0.33453579883766976,1.9585953915735452,0.11312859579881844,-1.2485139366878915,8.771081917138252,0.21357517246876961,0.004203338192126442,-0.03187005480237067,0.03414709721966535,-0.08800535397023045
1.250105638430692,-2.8339349864661707,-15.766862951571406,0.0021784006161781,-0.052349083481441495,0.0035468997687203114,0.012325822627703376,-0.5041756071464775,-3.22418628378949,-0.027023519176595692,0.8509984990501641,-0.5228609725349085,-4.392942750367397,-12.649140660303404,0.19857247552328347,0.006685044117566529,-0.03910825919583429,0.03392540213460735,0.051111213524992545
-0.057624242192662156,1.2549839390923747,-1.792325408929606,0.0019651128067776375,-0.035046933207764,0.0035315262058116985,-0.26222754625031147,-0.5168792559944344,-0.3551967951808453,0.07673922165888504,0.77036678341728,0.30648015623286495,-1.0939187211178727,7.066836425584707,-0.35709995425734,0.006685044117566529,-0.037496513655714415,0.034111329360473945,-0.03891267003110431
1.6486177172260457,3.2095018061693037,-0.024520018655328792,0.00660498882606711,-0.06016339873451026,0.009393664679388559,0.15662554631949796,-0.7404013807364388,-4.099206256459784,-0.12586515829051328,-0.10796222972615177,0.9266283098207619,-0.7073712670233656,-5.683941988602113,-0.41791602611266226,0.004328718812284688,-0.03797516278477627,0.05556426472284162,-0.11061766033037228
1.437827467439809,1.247017657984113,-2.5982912809714165,-0.004463907676842204,-0.05051753528470423,0.009393664679388559,0.015095770453839849,-0.12285461108611288,1.777227983319174,0.023968291856382246,0.23634629479197714,0.3967212348113065,-1.1056939884955685,8.777713308516107,0.9153748977030535,0.006685044117566529,-0.039653134643524324,0.0555684442318477,0.18074264731854442
0.6640693214897417,0.3071292785903821,-2.3249198761279186,-0.003463232212118408,-0.03522817002888027,0.009378291116479946,-0.01881007293069884,-0.22528882304334696,-0.48341291015669935,-0.15581060121117526,0.40740510803892904,0.30007570439412695,-0.7654544344842882,8.026795791750304,-0.7290383400433547,0.006685044117566529,-0.03787676986994294,0.038868710574710835,-0.050309739460875975
1.6110746514598067,-1.8513002165322965,30.448475638422135,0.0058948975426403195,-0.017074997897871546,0.009378291116479946,0.2483259167794769,4.9909720977189265,-0.6608876899877237,0.11323915066752559,-0.20592819059396758,0.3828911226290129,-0.1244947482554067,7.341805737695668,0.46556608544639067,0.012137299596993334,-0.03303758380529563,0.05675196180775108,3.5164725922935216
-2.5269381475042776,0.30797706831655425,-36.1692774630106,0.007719729589256749,-0.057459949618059086,0.009393664679388559,0.16219081900273985,-0.7531161526429275,-0.698172883740681,-0.1328372296787552,-0.17994683594523136,0.6023572897161945,-0.3553939154961914,2.535804357719184,-1.1788822787247948,0.004328718812284688,-0.04059252208455734,0.05155196715206665,-0.12228631036172173
0.3624540774807506,-3.3662944390423517,0.5377532284663246,0.02712631957441298,-0.03401355060377803,0.009393664679388559,0.04089817795581322,-1.8663062738686262,-0.3607398368360729,-0.7085547274451997,0.41128772074192843,0.3112143250714591,-0.8862790690909589,6.824935459039087,0.18457722336643964,0.004203338192126442,-0.032282767528352026,0.03747798639699609,-0.0988673893643239
0.5294207979508067,-0.40649430559228467,-9.391165143440215,0.0019651128067776375,-0.035046933207764,0.0035468997687203114,-0.3290911399768092,-0.3372478912327965,-0.3654016994377316,0.05639735137142964,0.40292546237328264,0.4720366386942581,-1.7607975255462576,7.36449527177582,-0.35709995425734,0.006685044117566529,-0.038063360128227954,0.033029747220905674,-0.08495154590270136
-4.641041163801285,18.36927267576053,13.083093529465437,-0.005238170778449219,-0.07212896090623025,0.009378291116479946,0.09022340257877838,-0.16626447935563896,5.859048176362899,0.35838991497679934,-0.2791401895929934,0.32682895505101306,-0.5324448934987243,2.20164710242793,0.23316130363901436,0.011389245184857217,-0.03683539891068403,0.06984452800542051,0.29683769357732204
-0.6148109509511133,1.6828351676448667,2.724182664095098,0.021697974555516933,-0.1334619705896038,0.009393664679388559,0.9086967680169313,-0.016213913190333502,-3.1642947967403847,-0.18019965734164148,1.4622650609991708,-0.8062540575731129,4.611535221911461,-8.800109767422825,-0.0787090633639265,0.004203338192126442,-0.03451550406713713,0.056550794971541696,0.15969005585872553
1.347190783095539,2.652645719416258,-2.0620243036653263,0.0021784006161781,-0.04858674940813111,0.0035468997687203114,0.02216112880667865,-0.523716972843925,-0.39244073314218525,0.006925854576678627,0.7782909749549293,-0.12823776062945985,0.5691787106849857,6.217642275991789,0.530074709521967,0.006685044117566529,-0.0371613051294053,0.033960405395791836,0.13129588052539395
-8.789670508624676,9.514451349407343,2.7767317203865316,-0.0024666627240391577,-0.0471124173239881,0.009378291116479946,0.18819176068688961,-0.948703577298538,-0.8693676963584136,-0.1959595136489361,-0.4941040084035919,0.48229381980284125,0.2661708531136601,-1.212064536149832,0.012337180617311153,0.012137299596993334,-0.03907922236418843,0.056033271520093166,0.254359852047188
0.979644953412168,-3.155890364112662,-1.0758738978342064,0.0058948975426403195,-0.041417754542833474,0.009393664679388559,0.04730995389500601,-0.6316648067540847,-0.6759318398700526,-0.15395781951640977,-0.32542976347065866,0.5454375871876104,-0.1680918830107382,1.9600202071459882,-0.7766531968632419,0.0074330985297026446,-0.03824606102358449,0.056561289102123866,-0.1823554551527427
0.698619316007989,-0.8481897853954184,4.266462444299266,-0.004677195486242666,-0.0606902476546359,0.009378291116479946,0.08175313802699978,-0.09253415252335487,1.4976735677190058,0.036214239886367385,0.24645550594094226,0.2749144343773034,0.19737205560919585,7.183064657350976,-0.24215216283766125,0.011389245184857217,-0.034271724754063704,0.051671690643714005,-0.06928724193961076
1.721058990665037,-1.06263933151778,-6.093237228541059,0.0007511495326533787,-0.0606902476546359,0.0035315262058116985,0.08315674817493278,-0.20695210490777086,1.2339490857588324,0.00932778242265712,0.8380109590572252,0.35764707141778934,-1.0307255823444275,6.819580603484583,-0.2840560596958145,0.011389245184857217,-0.041970763720673154,0.03536187789790696,-0.05845335192648874
0.6337340903173599,15.602695641783395,16.269187267548535,-0.14155452847216263,2.1216025246918995,0.0035315262058116985,0.13513259141233727,-0.5725448699797788,-1.010912848240948,-0.25821117337599375,-0.2774955601217081,0.5595346292403267,-0.0769651639223531,4.6516027001181,0.1755873874939832,0.011389245184857217,-0.029461251866313744,-3.377376254509075,0.9218138124279945
-0.8200337491344196,-0.29940275648246417,-18.97229883265806,0.0019651128067776375,-0.1454371526574425,0.0035315262058116985,-0.11427196252720638,0.18783027475543304,-1.9642063394466207,-0.4459783081329688,-0.6020241808835698,-15.450289817742584,-2.267924381664019,-13.486342226064899,-0.08437083971769783,0.011389245184857217,-0.03865589147877877,0.03540650054976287,-1.056107260336821
-14.790776459556202,5.345791903441214,-3.0493491658721092,-0.0024666627240391577,-0.05823452967664857,0.009378291116479946,0.5136653936091017,-1.0196280313766313,-1.5863536594303387,-0.20353832182480758,0.1282772301047366,0.3563250440863994,-0.39330183903490834,-1.4553115253094948,0.11109551061560492,0.011389245184857217,-0.03838751016773838,0.06328148072036777,-0.08484377659557489
-7.21273670168892,5.164103268748689,1.1581548353167967,-0.0017240203817938515,-0.048650752771425824,0.009378291116479946,-0.6596366162432482,0.6596804060906092,-0.26570320692543314,-0.16241949418218132,-0.5759082366522842,0.5501225274181606,-0.0070083826144553985,1.2334846009249547,-0.1173932452664339,0.009032919879575376,-0.03693442627166036,0.06353198185597794,-0.13496728062563207
2.452353762655126,-0.4753690555189346,16.71087056598948,0.00655334154206234,-0.09066736529724449,0.009393664679388559,0.4201867878210616,-0.19439681244520746,-2.561879030290799,-0.21712730688498585,1.1003169396242152,1.1009375834811956,1.0946498670632934,-2.4908669082629626,-0.4605683138720143,0.00441899833920029,-0.0360147896180371,0.0575934608673996,0.01115498460150609
0.2691070903717618,-3.0712843603780935,2.9684388236688526,0.0019651128067776375,-0.053498164682653684,0.0035315262058116985,0.08881849637983859,-0.4763699517996181,-0.2397689889426352,0.0031169861563813913,1.108327477839732,-0.10999316725070638,-0.1555130455688675,4.586022868734649,0.2944711548219862,0.011389245184857217,-0.03753574161422605,0.033867215086191164,0.08510128681658521
-0.5148515342512554,0.03704551622593129,5.2058166370673025,-0.003463232212118408,-0.15034570337488512,0.009378291116479946,-0.02971727829874749,-0.08981640959601468,-1.313712117551806,0.015444969430890043,0.3718936844832978,-0.19553940629747796,-0.6402990491866275,7.369740608397097,0.16615041804869726,0.011389245184857217,-0.03746493259842324,0.0646863277943295,0.20096901765561925
1.4501305825343769,-2.3155156567463,4.824396026952661,-0.004677195486242666,-0.14451992298074975,0.009378291116479946,-0.00798998064992382,-0.10945962679348374,1.6493065306415597,0.015485755674568108,0.46943520034592906,-0.16609752584751894,-0.9583089878303886,5.662277901935046,0.3262066762140657,0.011389245184857217,-0.03765500583131071,0.056593283742197124,0.14108055608294087
4.9624110979332166,-3.067287524531279,-28.518064800569448,0.0058948975426403195,-0.05673505461759767,0.009378291116479946,0.2528012441046683,-1.0914351089252197,-0.7038835700416302,-0.15395781951640977,-0.2026198075317963,0.5773961732233902,-0.36657829298073175,2.3196867020912055,-0.3425648843390262,0.009032919879575376,-0.03947673880260129,0.0539258525108567,-0.09882994483271342
2.5425409508689936,-2.4352463154372628,1.1312650928654133,0.007719729589256749,-0.0428448969300635,0.009393664679388559,0.16219081900273985,-0.7434369842961228,-0.6267788732207061,0.0157673673993511,-0.13446951935932025,0.5620317101584476,-0.13131488309984543,2.9223024208093182,-0.8570898374794167,0.00441899833920029,-0.03770958677706287,0.05668382078974037,-1.416007172555593
0.58029700568026,0.6465254094854822,-2.330257432583019,-0.003463232212118408,-0.035046933207764,0.009378291116479946,-0.08726970148894132,-0.22754886919589784,-0.4806640307471793,0.04965166676588621,0.2942658291502155,0.3176076820875852,-0.8040130733627354,8.059097815313466,-0.7290383400433547,0.006685044117566529,-0.03785924548186904,0.038918180491195886,-0.05483098773674384
-1.114036333802771,0.012612661559220126,16.832738688626378,0.0019651128067776375,-0.03029764827859039,0.0035468997687203114,0.0008398658246277977,2.414495813414402,-0.361085716956688,0.0550390155121581,0.21693523451652152,0.6186894847094485,-0.7779169037583294,8.307102088854299,-0.3593752725362328,0.006685044117566529,-0.03357019613562517,0.03453239603664142,-0.099931348660893
0.09978081158316474,-1.5077495880561103,0.6567104352963269,0.013558119647608724,-0.23421639072647768,0.009393664679388559,1.0996532985016898,0.2182146961646419,-2.852412220870606,0.9748107669963877,-5.086906160159477,-0.30127026804442913,-3.225161844344835,-11.504533237907387,-0.01628010041842973,0.004203338192126442,-0.0367670084384178,0.05436636233458316,-0.12539012274875364
7.1446865930400945,10.6991584888773,26.335031426139192,0.02712631957441298,-0.03401355060377803,0.0035468997687203114,0.023589854755438684,3.2527209903589904,-0.6503308808424806,0.3213925118806374,1.00189411165315,0.5235753226682849,-0.5159318056997826,9.790884591788524,0.18166910419269927,0.004203338192126442,-0.027446178282140292,0.040703854877326785,-0.11330042248181375
1.9299705926138295,0.3062349423876909,2.8751515657369264,0.00660498882606711,-0.041629681802047874,0.009393664679388559,0.1643549120883919,-0.6823241576756868,-0.788684468357566,-0.1098384504849006,0.12311710982875822,0.5679904511025542,-0.2563630326680236,6.403778737107731,-0.8868930861739034,0.004328718812284688,-0.03783253722144615,0.056457102218308686,-0.12228631036172173
0.2928366594381652,1.9895782169038618,5.280274293451577,0.0019651128067776375,-0.03029764827859039,0.003524822163662426,0.0008398658246277977,1.9609287104746547,-0.3150094951894473,0.05256103711923398,0.10820207448007689,0.7323465642701007,-0.9965088156194997,8.150791632907554,-0.3593752725362328,0.006685044117566529,-0.03357019613562517,0.032473494713746574,-0.10389581967761151
0.7760062939914435,-1.4364539027396013,-18.23825394946669,0.0010120125689836907,-0.19419804645343258,0.0035468997687203114,0.3889156378459746,-0.4788781503364171,-1.127128056230301,-0.15098636574864577,-3.4865763134591456,0.592312927914149,-6.8564017774089425,-14.986887895614586,0.20500513660413816,0.006685044117566529,-0.036657559606581305,0.027439327358140825,0.0904702815331486
0.7136535069808706,-0.31996788658335173,-8.328711924704464,0.0021784006161781,-0.05083304405179526,0.0035468997687203114,0.16668784193343913,-0.5125675345931954,-0.38431498438096123,-0.13713516681652324,0.4514539478558991,0.5032773035615284,-1.3529337785070994,8.037100081653962,0.60866494965478,0.006685044117566529,-0.039038062282049646,0.033960405395791836,0.13469092588926726
-1.0061271293275356,-8.58755968111987,-11.554120072438268,0.0021784006161781,-0.11876045560658458,0.0035468997687203114,0.03481944565578732,-0.8843295188764582,-1.1589091042777717,-1.252660674174486,-0.6241571507583207,-16.39349071819354,-3.847629136984339,-12.875234670860847,-0.07971935090913394,0.004203338192126442,-0.03443684161408374,0.032650118905112754,-1.5204547511955973
-0.44829170487828285,-0.06661632149101912,36.09778500220848,0.0007987247595832279,-0.1208431750137578,0.003524822163662426,0.13656921423393664,-0.48030451733683,-0.7765785015411557,-0.7155521742506844,-3.4070705035572773,-0.3201877373302331,1.1530050876603846,-8.714573295817134,0.1512940649810886,0.006685044117566529,-0.034005002132942976,0.029601366994578788,0.06305370942396799
0.5030991633804306,-0.8724059232908884,-2.4564972939001857,0.00478015677945068,-0.05811458049828845,0.009378291116479946,0.024915241195982842,0.24205133956530625,-4.442985926014341,-0.1640632819114917,0.19190657963758093,0.7404984629149558,-1.4126920355739476,-9.131614912451345,-0.18396969669582638,0.004328718812284688,-0.03835910201292614,0.05552849686365022,-0.06144687688457327
0.062485903968871666,7.615571091864725,-0.5202716890440428,0.013996149310973458,-0.04814260372866156,0.009393664679388559,-0.20786639388889835,-2.0625753673669367,-4.554208456863669,-0.2114094439868099,0.34404948284019876,-1.517519228622415,-1.9427941245041422,-8.097268848044324,-0.27050359691596365,0.003524022017197653,-0.036247391596578686,0.05787476194458992,2.868988631873358
-0.27377124785401974,-5.987550843811816,-15.782047753855744,0.00478015677945068,-0.048650752771425824,0.009378291116479946,0.339605286515416,-0.6997360900115874,-1.4159312762008078,-0.13275331790928688,-0.18009095512830878,0.4678205528911092,-0.07106109048377238,3.3828164808400714,-0.16867549264932255,0.009032919879575376,-0.03885728880117618,0.06472074545014514,-0.13316546775831828
0.5030991633804306,-0.8724059232908884,-2.4564972939001857,0.00478015677945068,-0.05811458049828845,0.009378291116479946,0.024915241195982842,0.24205133956530625,-4.442985926014341,-0.1640632819114917,0.19190657963758093,0.7404984629149558,-1.4126920355739476,-9.131614912451345,-0.18396969669582638,0.004328718812284688,-0.03835910201292614,0.05552849686365022,-0.06144687688457327
-3.821689026658683,-2.234525808198821,-30.153279693159188,0.0058948975426403195,-0.07696267590493705,0.009393664679388559,0.23109642733259106,0.049318812645515527,-3.5998759391904396,0.26136177893841617,-0.20310177590917275,-10.926477777630351,0.041178780961982096,-4.3193185482288845,-0.27485655625823313,0.004328718812284688,-0.03853651925852843,0.05164685356023128,-1.5955107661537862
0.9641963614837602,-1.024720837478802,2.5388487413313316,0.0002468719498855635,-0.19838998018364093,0.009378291116479946,0.09421456359117106,-0.8818206001062285,2.727614025075807,0.05114315650144743,-2.1867511509473636,0.3735979766152933,-4.66128235968418,-8.216252995114278,-0.30872582893590983,0.011389245184857217,-0.03177643014899499,0.043111416144539505,-0.06309091603430997
-0.08930415353707856,-1.3188367085550483,7.290194563562827,0.0058948975426403195,-0.03820997466164017,0.009371587074330672,-0.3400728701012198,1.8945949382490497,-0.6928532816831166,0.06257869929623873,0.02141031694928679,0.5424806670107565,-0.5582541719819466,6.071730720709526,1.1622733146952362,0.0074330985297026446,-0.03502371186460359,0.06009835018890242,1.5220699409348273
-0.2490705594857905,2.736575360445301,6.617167741723754,0.0019651128067776375,-0.034238698444173085,0.0035315262058116985,0.1314211658588469,1.23900520054628,-2.4607022138252357,0.09585588968068995,0.6960743640662652,1.7276623221345355,2.2747705472811544,-13.644723477375221,-0.11941254840920275,0.006685044117566529,-0.031313706231356216,0.033464477135274506,0.06920672321869371
0.5289199584375676,-1.8744809219481093,11.470168941126087,0.0019651128067776375,-0.03029764827859039,0.003524822163662426,0.0008398658246277977,2.2707547527301624,-0.3416254837409107,0.0662380472651344,0.2560031558874451,0.9117531404553969,-0.6636177327278256,10.729469548649336,-0.3593752725362328,0.006685044117566529,-0.029619960070431946,0.03349948039645898,-0.08946278656012166
2.418970862405612,-3.9862161244626635,-7.867379484082275,0.0007511495326533787,-0.06471567671273883,0.0035315262058116985,0.0031072706210562187,-0.1321424182416777,7.897346115729741,0.040588096803732515,0.9190578281470453,0.5314678704522086,4.727640204106329,-5.745964155693779,-0.19472978627701704,0.011389245184857217,-0.042365365948185754,0.03343552890950618,-0.045097784688726966
0.7343979739940518,-4.1783972520913695,-7.104135798867652,0.0007511495326533787,-0.06471567671273883,0.0035315262058116985,0.0031072706210562187,-0.1321424182416777,7.907314001426675,0.040588096803732515,0.914042488212573,0.5314678704522086,4.723591686268999,-6.319121163385783,-0.19472978627701704,0.011389245184857217,-0.04236444324075455,0.03532687463672248,-0.045097784688726966
0.31584698919454346,-2.2765570195240876,-1.4957607543614395,-0.003463232212118408,-0.14089533710634772,0.009378291116479946,0.03849245361228702,0.12084612309887773,-0.8604986707772717,0.49703561563574183,-0.07634382829217552,-4.002887483623566,-2.417443737242611,-11.964842804246423,-0.08425831437592346,0.011389245184857217,-0.03606496235609311,0.03894194239165762,-0.7274291712958616
1.1982677278489935,-0.12229820119450861,3.33666548621608,-0.003249944402717946,-0.13261748845222304,0.009393664679388559,-0.39031897371324004,-0.16487039592056216,-3.335131108401319,0.026624877293977174,0.5004043958953948,-0.60020662998681,3.2745332455822567,-8.945322848872625,0.17868012728905722,0.006685044117566529,-0.037809597726790635,0.056550794971541696,0.17004785166409553
-1.116225026972283,-3.8011886043820198,-6.020482858777956,0.008016790674530073,-0.19450356730606616,0.0035468997687203114,-1.7508910975585257,0.2029845994467884,-1.7662895108258152,-0.19150688813227013,-3.957504919832543,1.221330382751263,-1.926384897724972,-10.459414041654194,-0.0455404070649586,0.004203338192126442,-0.03993259452752451,0.03128592385593998,-0.07560686360082619
0.7232331079893075,-3.6089925227334563,0.5304687523698666,0.0058948975426403195,-0.039772356701464506,0.009393664679388559,0.04730995389500601,-0.7589692900149444,-0.6738139553692174,-0.15630345510838764,-0.1684616119160438,0.4483636589243907,-0.1680918830107382,3.0691260482095672,-0.7766531968632419,0.0074330985297026446,-0.03810082576157411,0.05664805293054897,-0.9587694514567335
0.09227458232341332,-1.0591491545318068,-5.712381152990084,0.0019651128067776375,-0.03529270481217467,0.0035315262058116985,0.14651004970940987,-0.41743212071041247,-0.3697248766875341,-0.16449437846060705,0.5293451037916018,0.3694342612631711,-1.293875626949235,7.670616274392949,0.2944711548219862,0.011389245184857217,-0.038012190541303545,0.0339153435056298,0.04761962800197452
-2.0693106607679193,4.83923172835395,-12.450657554595516,-0.02420344157175429,-0.20298134485635716,0.0035315262058116985,-1.5234635242569392,-0.317506252415761,-0.20246897962876093,0.10721165123518306,-2.5554392535135992,0.9008104439217506,-7.024060944660546,-7.6605047882779,0.42972016187718265,0.011389245184857217,-0.03499724613689129,0.031309483557511564,-0.11900525074891957
1.1195629817309876,2.412931962212074,-1.645582025329203,-0.003249944402717946,-0.050651807230679,0.009393664679388559,-0.11596387045505306,-0.22549719394721013,-0.42817586382321654,0.013057354955293777,0.38239623325037153,0.3975619663754042,-0.7940513099318269,9.000866379671933,1.4632325468171865,0.006685044117566529,-0.03743503596849846,0.03893214732319407,0.13246275574728425
-0.10946548463939715,-2.265672298412877,-2.6106802551871353,0.0019651128067776375,-0.0606902476546359,0.0035315262058116985,-0.21307619435749262,-0.47333421929326003,-0.3118616672136903,0.06080101915173874,0.589805376074203,0.3009949707896532,-1.0946676120092436,6.732917598565471,-0.22161968088587405,0.011389245184857217,-0.037516423772832756,0.03405390691006468,-0.06462708794789503
-1.5438861739044267,5.10433894547661,6.242552816152904,0.0019651128067776375,-0.0649999000099432,0.0035315262058116985,-1.80325486134673,-0.3337788474746199,-3.2241868382870176,0.03894112749221502,0.7629579007927426,0.6893820566362352,7.63273704428964,-7.935295477674965,-0.0628442845295731,0.011389245184857217,-0.035638440189125674,0.03597830178411657,-0.08289550631206048
-6.537062845954093,-5.742819292581444,-0.3105932353758966,0.006592841509409643,-0.025477223378975997,0.009378291116479946,-0.9164173522644566,2.1326604905287043,-0.3590058728331732,0.1280400300983712,-0.0713639600794578,0.41567926177744885,-0.05798853630126422,2.2875967032008337,0.2708345488410653,0.012137299596993334,-0.035510422184842794,0.06387190333558238,1.758600484062599
1.0183803985409436,-2.0026820673411927,-1.4270572620632582,-0.004677195486242666,-0.0351114679910584,0.009378291116479946,0.08175313802699978,-0.4968158407376576,1.4812807338997462,0.012769040744243672,0.6427434326414467,0.24368517458887423,-1.0772493791250237,6.764052766000512,0.35620860707445334,0.011389245184857217,-0.03845071605667329,0.038987761252103674,0.05977416034235547
-0.21685876854194522,-2.1429652300433215,-0.5156550651366214,-0.003463232212118408,-0.06087148447575217,0.009378291116479946,0.07625302365669281,-0.12142868644486471,2.917858333617314,-0.10976690507941927,0.250422675218547,0.25258121663766714,-0.5394974545304407,7.947076546165913,-0.14714091525469275,0.011389245184857217,-0.036286855196940665,0.05153618911172881,-0.0760241573776667
0.891830494598906,2.239714658119333,2.4932622954379884,0.013996149310973458,-0.023475470930530346,0.009393664679388559,-0.5085563189690503,1.1271148677382214,-4.616785995476916,0.23767072144685272,0.5338149428630732,0.4242603029817644,2.7664920360278398,-12.88314413122893,-0.32071509294089023,0.003524022017197653,-0.03627683527473428,0.05565408300209009,0.14212188475075355
0.24603121755936425,-1.0689764282857557,-3.1009890127037716,0.0021784006161781,-0.050651807230679,0.0035468997687203114,-0.04517483485420893,-0.5015155022799657,-0.3378213111788797,-0.11377287642377243,0.5112247020092874,0.5199826063240247,-1.0697041314641598,6.953890759958738,-0.10125282081409687,0.004203338192126442,-0.037496389703631325,0.03414709721966535,-0.08808345347690329
-0.3326892125607429,4.187873126743594,-1.1346420679674243,-0.003463232212118408,-0.06115570777295653,0.009378291116479946,0.16089297298178845,-0.48819191599423223,-1.3960547581162037,-0.05573768614087279,0.637244655797386,0.2625648922212065,-0.6286550453816344,8.165788634150694,-0.1207337824589851,0.011389245184857217,-0.03650875244173429,0.047168121665738715,-0.11035968030327153
0.04230818811266929,1.2202607995189458,-24.24993476305365,0.0019651128067776375,-0.03029764827859039,0.0035315262058116985,0.13954949211615236,1.2329340646696008,-0.40945873965794016,0.10633211421817781,0.34330491641289806,0.526689034122857,-0.40346161773912276,5.159183607072792,-0.3593752725362328,0.006685044117566529,-0.03915576179868217,0.032483696778565295,-0.05463429283703078
1.7275172972163755,1.3148240764132675,-5.688165133317893,0.0007511495326533787,-0.06097447095184027,0.0035315262058116985,0.08315674817493278,-0.19696131570023342,4.242678968186183,0.00932778242265712,0.7798796542000007,0.3584504330612877,-1.0360615962546504,6.853334547317047,-0.19117332965081077,0.011389245184857217,-0.04176649652266262,0.03536187789790696,-0.09708864866494812
-2.095967659325835,-3.3520419397805408,-18.252694802152227,0.0019651128067776375,-0.0606902476546359,0.0035315262058116985,-1.0644175096443589,-0.47333421929326003,-0.29121423246241807,0.05639735137142964,0.40184301941767436,0.5291573688841081,-1.7432075915409229,6.366586318276384,-0.22161968088587405,0.011389245184857217,-0.038016068647324895,0.033140773086715224,-0.07980194111311971
0.7152423518501817,-0.024728496477247165,-6.99613581009583,0.0021784006161781,-0.050698772105820494,0.0035468997687203114,0.16668784193343913,-0.523716972843925,-0.4137247089088522,-0.16068551004030981,0.5231119258896464,0.4039372060957283,-1.3926853464747875,7.920345817417676,0.530074709521967,0.006685044117566529,-0.039104877337332374,0.033960405395791836,0.13469092588926726
0.10394584214519813,-2.6101258507079694,-6.794475022457121,0.0007511495326533787,-0.035046933207764,0.003524822163662426,0.003906684917711879,-0.21017340097424383,1.400749875475138,0.00932778242265712,0.6634806780551992,0.49403669842521736,-1.053221790160962,6.873670477296631,-0.5794390183361565,0.006685044117566529,-0.040142773919167526,0.03352795462109992,-0.07819821177009995
1.6159444693386635,-5.4342607631186794,-8.247684918968861,0.004204375168252247,-0.04944423560375033,0.009378291116479946,0.27443332151425187,-0.7563992186685096,6.790932108935073,0.10226293167402045,0.05723060496989003,0.46443807389855096,-0.37905343069867437,-0.6259568837639405,-0.231985487360877,0.009032919879575376,-0.036797729461140585,0.06471935485506852,-0.12907547278350165
1.0351787181743188,0.4190748701396689,3.8121577441278247,0.004680934268516061,-0.05927342486364295,0.009378291116479946,-0.00798998064992382,-0.11033571586104708,2.726110054719998,-0.10303324027376864,0.45899477076556616,0.046174088577673814,-1.0434815348820603,2.0803740249498004,0.389513396511278,0.011389245184857217,-0.03769912161610683,0.056593283742197124,0.14108055608294087
1.5733195900833743,4.1236846193626056,19.205452558683483,0.03266764854749163,-0.04885959717422102,0.009393664679388559,-0.491766798538202,-0.4061575411430592,-0.25369675196974656,-0.011677094409241,0.18920987863149477,0.13759052891693713,-0.9329769587267174,8.198241768787916,0.003631122574188358,0.004203338192126442,-0.03469148168100671,0.05758931624751455,0.16683290097076714
0.3058551412468159,4.191869508177655,1.9337663319932132,-0.005181473069010482,-0.20298134485635716,0.009378291116479946,0.09281095344323806,-0.03803760749472821,6.515523863194506,0.07738743787376011,-2.0387612437379206,0.2560409033242528,0.28924465353346124,-10.384996985145875,-0.2885233287641073,0.011389245184857217,-0.031912859125295734,0.04947992363486282,-0.10350925187649752
-0.756336729185476,-1.3682550111297591,3.647327710742166,-0.2754560654298108,6.004581474270683,0.0035468997687203114,0.795437730062912,-0.02189713621692668,-0.20627306981744276,-0.9550977454336944,0.17220337033357563,1.083149653166096,-0.38478429898137545,-11.46774102148691,0.10812117149955751,-0.6369955613331552,-0.0365738741699187,0.0311585254350881,-0.0429976699077651
-3.602103728414484,14.516989846910143,14.278283509683487,-0.0006092796186042112,-0.01536189294285734,0.009378291116479946,0.04098030639955598,2.294121304863374,-4.315194916686465,0.29182949248923584,-0.6585185202185623,0.851375625327943,-3.810534203846412,-5.082006663045723,0.21746185020714398,0.012137299596993334,-0.034010082628721384,0.07194145766559562,0.5565276988181972
-4.2585219801283465,11.774017670628387,13.936932009001477,-0.0006092796186042112,-0.06169121031463338,0.009378291116479946,-0.10770390008515379,-0.7998852033042585,-4.320979557225534,0.3027606784789158,-0.6371045178289259,0.9274875255855332,-2.193598737320546,-0.8618763873764482,0.21666476365801302,0.012137299596993334,-0.03830754625089142,0.07057771899569612,0.5861207194134105
-3.488104442442393,9.90094819311377,-0.6169939513009881,0.0004929419381696203,-0.20298134485635716,0.0035315262058116985,-0.0363809052982033,0.036345666855836754,2.886660920317781,0.11239153282295085,-0.5434451819109926,0.6382260510936111,-5.1497143063192325,-9.166680956516203,-0.2252069271372566,0.011389245184857217,-0.03362462514861804,0.03227255728577633,-0.09447717473068931
0.4170720658577099,6.382188424862844,3.6130879522066883,0.02712631957441298,-0.13539871223348554,0.0035468997687203114,1.2594229320961163,0.20616890928474185,-1.446266084721513,0.26878625580167775,0.6106208893224222,-2.1001728385041645,-4.628717146821589,-12.805484650733842,0.015327180977949039,0.004203338192126442,-0.03114531241832228,0.0342777514870214,-0.18646364930768408
2.826654688256967,0.08481642686582853,15.929871269163408,0.00655334154206234,-0.07718343307414115,0.009393664679388559,0.4184348471031503,1.4940400963714835,-2.908801298801621,0.5525871001048257,-0.4914386857885725,0.9604740469679022,1.0272750729446858,-7.067531963109398,0.6065543272437794,0.0074330985297026446,-0.03348524683222903,0.05779342760399745,1.5444385459579346
0.022469747091792773,-0.8280678048690607,-8.26186106370304,0.0007511495326533787,-0.0606902476546359,0.0035315262058116985,0.08315674817493278,-0.17986278648266402,2.685507037877734,0.07905534991476669,0.24243997746744295,0.5887164152270125,-1.2897103823106646,6.353281294898227,-0.2469679305558521,0.011389245184857217,-0.0401133864035403,0.03536187789790696,-0.05845335192648874
0.16478020872443394,4.424067931442514,2.2187279980778896,0.0002468719498855635,-0.20298134485635716,0.01488306485205972,0.09421456359117106,-0.07409202887664887,6.526665168029961,0.05050098041004985,-1.9975284211606275,0.5036948913601426,-4.384467237639037,-10.101908480224223,-0.2732334141626536,0.011389245184857217,-0.029706812579816125,0.04801021474506192,-0.09267536186337551
-5.058942813383668,24.787189609529545,10.500536199179354,-0.0040242075043249595,-0.11426806586910465,0.009378291116479946,-0.08160378507215031,0.012826637359225804,-1.7615507051376396,1.408841019434739,0.0026935034325999835,-5.047026097552725,1.0913781485599314,-5.297120316120573,-0.13468088210760437,0.011389245184857217,-0.03529330776097686,0.06193306940686947,1.6666966506565635
-0.32345686085731606,-2.5555443738963453,-10.245496449394597,0.0019651128067776375,-0.05966739213405206,0.0035315262058116985,0.40520746165205873,-0.2676993411270423,-1.9190102007434848,-0.18990197295093214,0.07611636602559686,0.5949447142401922,4.684689732278975,-3.707799103302439,0.09709311445271268,0.011389245184857217,-0.04024144085123119,0.03112279353665396,0.044491530207292594
-6.694296413166515,19.464837898510478,1.0990492630995856,-0.005238170778449219,-0.07797940757177214,0.009378291116479946,-2.7951060610683838,-0.25924425941848894,5.629094348617142,0.2871864190654592,0.28047028869931295,-0.14244627033918858,-0.5474453079650237,2.5334840044711444,0.23720288362439323,0.011389245184857217,-0.044594491328516804,0.06984452800542051,0.1408773981348134
0.8723803022293518,-0.5861692032441338,-0.5679245734815053,0.02712631957441298,-0.03401355060377803,0.011015638098219137,0.04089817795581322,1.1977555880889688,-1.012176762728231,-0.4944583902386718,0.38896576836974384,0.21193473386999737,-0.5843957269653607,8.132033213744222,0.1067128999876789,0.004203338192126442,-0.0343316182704853,0.037510190360272366,-0.0988673893643239
0.18223188996720843,-1.2772222276888645,7.981560745555633,0.0058948975426403195,-0.021638355980100075,0.009378291116479946,0.2483259167794769,4.0065340679447266,-0.6608876899877237,0.11405110144936409,-0.004908402030262063,0.3828911226290129,-0.1244947482554067,4.421994437162142,0.46556608544639067,0.012137299596993334,-0.03501316158607127,0.05675196180775108,-0.5545471050518412
0.6870213124291866,0.20651924628173404,-1.2672193199724244,0.0021784006161781,-0.05475597685952949,0.0035468997687203114,0.41620500334268434,-0.5083454815349137,-1.9501908055934372,-0.19407668380143772,0.5146690673576259,0.6526748147614306,6.562266218666659,-6.514992209812238,0.16975760283792207,0.006685044117566529,-0.03918388777198748,0.03392540213460735,0.05450625888886587
-2.190680606898805,1.3799983011046162,19.619286431302804,0.0019651128067776375,-0.06115570777295653,0.0035315262058116985,0.08456525640704014,-0.2913211543533007,-1.226785902108293,-0.16235757464057168,0.3027703101017278,0.4182511901578193,-0.7670835352577323,8.134809720943784,0.16210849640056407,0.011389245184857217,-0.036049918791404886,0.036217131360928786,0.1556683106747621
0.19132338234250892,-1.1180052982706181,6.110509242243087,0.0058948975426403195,-0.028699315311499725,0.009378291116479946,0.07368067525043315,1.3480402588326097,-3.8599909052427726,0.1395884144968688,-0.011675618290668228,0.9288122280832998,-1.2290248257095646,-8.186021825303978,0.2342544548958303,0.012137299596993334,-0.03602266754182766,0.0567169585465666,-0.6118677426509403
-5.101808666701053,10.77835985145279,-0.5788520563008622,0.002211182795061694,-0.06097447095184027,0.0035315262058116985,0.35097404473061505,-0.311662715089555,-0.7636848123328385,0.07038628002043677,0.2896987436687361,0.5302332007375518,-0.7764420185527492,5.628521198285268,-0.044920351315602014,0.011389245184857217,-0.03738082513953637,0.0389451611349208,-0.11593927690603836
1.0553839126669506,-2.563967897049459,5.750434237396922,-0.004677195486242666,-0.1392586258853407,0.009378291116479946,0.10800537629443459,-0.09596412619460158,1.5422925327238612,0.03589902516865815,0.4936539392531607,0.4553982638998784,-1.0910119296197938,5.9450918743929515,-0.24215216283766125,0.011389245184857217,-0.03609455714641738,0.0567710766039945,-0.08303289426154276
1.1033367553350129,-2.4323847334986266,-2.830863780162225,-0.004677195486242666,-0.0351114679910584,0.009378291116479946,0.08175313802699978,-0.08729630224848944,1.4078391768865606,0.039013322116556344,0.24257947269393257,0.24186401091904836,-0.48943793236354866,6.885167802290623,0.3243887719628107,0.011389245184857217,-0.03830941568214218,0.05552338234168567,0.05977416034235547
0.433212191642923,1.611518382461163,-4.584098672544277,0.007626416575559702,-0.050651807230679,0.0035468997687203114,0.026198473155366445,0.35398821006445963,2.414150767227362,-0.7014404125241395,0.9116844965318299,0.21221182969064026,-1.2927809690904835,6.7912506600602915,-0.14755515145367126,0.004203338192126442,-0.03962963203259749,0.033563722480291325,-0.08760281457430219
-5.176219213854962,-4.026993011165555,-6.085819959793889,0.0019651128067776375,-0.06097447095184027,0.0035315262058116985,-0.21307619435749262,-0.3907657384818771,-1.6984077963868565,0.06080101915173874,0.32294642413905916,0.3020708026430966,-1.0912450062189791,5.584178037597217,-0.12873695084087036,0.011389245184857217,-0.036981444658695836,0.03594525263728098,-0.09896261087349988
1.0143762788965225,-0.9722595942250152,-7.632266897225765,-0.004677195486242666,-0.03907236226586694,0.009371587074330672,-0.012984940595969247,-0.10400109833351384,6.905768021807517,0.06747455426744277,0.3194550198610262,0.408438787798636,-0.5557223750248672,-10.498745368774761,-0.20985411737584378,0.006685044117566529,-0.03658278615146003,0.04350038996173479,-0.06504575050814917
-1.6121624099265395,-2.454121999997396,-3.030432510611827,0.0019651128067776375,-0.0606902476546359,0.0035315262058116985,-0.21307619435749262,-0.47333421929326003,-0.31256416008399673,0.06080101915173874,0.33916365518692326,0.3009949707896532,-1.0931850561814889,7.586352361979426,-0.22161968088587405,0.011389245184857217,-0.03750784608171812,0.03594525263728098,-0.06462708794789503
1.2840358551936142,3.0585518229388113,6.405458834723193,0.02712631957441298,-0.04872102135410588,0.0035468997687203114,0.03474659742353583,-0.6088993915126042,-0.49731430227787066,0.49901517160354214,1.4534262262815756,-0.06117995573347971,0.22666683772219107,6.506117769671175,-0.3136331625686342,0.004203338192126442,-0.037982527733594416,0.033960405395791836,0.13120547442979083
0.9886031729686963,0.3336520758689337,-0.32036491787586896,0.0007511495326533787,-0.035046933207764,0.009378291116479946,-0.011906348412458898,-0.2023517201749738,2.2045560730780758,0.025908161021201026,0.5854040507778723,0.33628171353428044,-1.0434476206377263,6.670818497496911,-0.2599188312274214,0.006685044117566529,-0.03836523374157236,0.04203805342299964,-0.04336971804700905
0.548226584551075,-4.147942397269778,-11.076110284394337,0.0047285094954459105,-0.2207120458383432,0.009378291116479946,0.3504571033109181,-0.2033201636555736,-3.100769125402049,-0.19262673530536348,-2.7520188296508596,0.24749677618790955,-1.8053418274776247,-6.403716215240869,-0.24560910799666436,0.011389245184857217,-0.03559694754221382,0.05412577462487464,-0.11457313623981752
-3.5022692753482922,-2.305854891051059,-38.49276646016425,0.0058948975426403195,-0.05452168133543488,0.009378291116479946,0.03575016053763366,-1.0868319309294845,-0.7468708790118098,-0.17492450851762875,-0.10869042210076574,0.5819256557760842,-0.2819688536147365,1.5806364763727374,-0.7766531968632419,0.004328718812284688,-0.04094233585829244,0.051516199292875244,-0.07311552691592273
-6.9868724355977605,-2.078575188624153,-3.2843541774047385,-0.1573039916273142,-0.06097447095184027,0.009378291116479946,0.3626479628230156,-0.22903404175172296,0.21304961021572602,0.04770239290774705,0.34123837718068667,0.27908899479754545,-0.759424992215254,7.086827822920725,-0.13001230585763335,0.011389245184857217,-0.039497021217052904,0.04741495539163822,-0.1148809285791394
0.7706437537170433,0.8355906800864891,-2.4454628815451147,0.02712631957441298,-0.03401355060377803,0.0035468997687203114,0.04780680055822755,1.88015806500697,0.2973241287165177,-0.031313475486649096,0.24390998758686855,0.40644941583961364,-0.43711456349498157,8.09309874892525,-0.09181976918732848,0.004203338192126442,-0.037230945661260305,0.0325194646377567,-0.0988673893643239
0.9699886589993595,0.7078147744055482,0.6078472862806623,-0.004416332449912355,-0.30518054433580744,0.009393664679388559,-0.7115934814224185,-0.10846516951402502,-0.8922431425850796,0.05963748518358296,-3.8686353425190916,0.2669296001707324,-4.14850681726988,-15.172809084378175,0.2682086793775709,0.006685044117566529,-0.03403661501838278,0.054564667262050615,0.15192288495755743
-1.7113110848059934,-6.3798860253019525,-2.5249960356335643,0.0028944901088036414,-0.15034570337488512,0.009378291116479946,-0.24231981779697542,0.00793487133169165,1.8040885706801486,0.03869810739884711,0.36513968282885123,0.4683593862118901,-0.9976601226093298,6.2407062855206705,0.19384401779264362,0.011389245184857217,-0.03905820630147291,0.06499265700115524,0.1843916515746732
-3.8097240897867053,7.676334342319268,-0.08446875445822191,-0.0039792515194733424,-0.06097447095184027,0.009378291116479946,-0.08654144740534604,-0.005414244625775802,2.223571397116179,0.05020316853537452,0.2408131139626312,0.2784261997246943,-0.46788123181898306,6.934625792361004,-0.08200731160655816,0.011389245184857217,-0.038606830814229685,0.05077413704043458,-0.11605536176984042
1.0060657645366966,-0.6824906730721563,-9.876330334987893,0.0021784006161781,-0.05083304405179526,0.0035468997687203114,0.017907888833880236,-0.3263255656133926,-0.31761935197565294,-0.1459829544689781,0.03241506171578129,0.5075131705612711,-0.9643072639407144,7.28479753386805,0.60866494965478,0.006685044117566529,-0.04028844859421799,0.03237027668523702,0.15126076106846237
-0.7782313207856657,-1.2990746777566218,-7.593332626871833,0.0004601597592860259,-0.19450356730606616,0.0035468997687203114,0.09110225152052914,-0.09029061271444763,1.9981071225968652,-0.43927789265982625,-6.121039157012967,0.7952958478361087,-5.451931063716674,-10.924392425838297,-0.3438806800928953,0.004203338192126442,-0.03211115331585847,0.03136437039393415,-0.07960920651019132
0.19352727184404617,-2.010130690802761,32.86201050037209,0.0010120125689836907,-0.13733877948764586,0.0035468997687203114,0.12389765416010555,-0.47424320003386994,-0.6382656341090625,-0.0718892392661482,-1.984232567092863,-0.3085535163013679,1.279196094591622,-8.888113569228057,0.19826806192407803,0.006685044117566529,-0.034014335190469674,0.029637134853770192,0.08651239187265372
1.0205574640906034,-1.2654808001571105,0.35585263128433126,-0.004677195486242666,-0.05542895055922681,0.009378291116479946,0.08175313802699978,-0.24703300664603337,1.7784010757607116,0.036214239886367385,0.33304222434352737,0.3225290625556203,-1.6690091687068445,5.936599610719577,-0.33205988509788337,0.011389245184857217,-0.03626152636782329,0.03894678965628677,-0.0799180259769218
0.6326621394823696,-0.3507312353573057,1.8600895572830158,0.00478015677945068,-0.03869141351942366,0.009378291116479946,0.03366101365048719,0.15617675482323642,-0.8373824636286951,-0.15192572932377416,0.1761635286072779,0.4871945376698353,-0.00796143476047658,6.320496001007759,-0.4846640043123501,0.004328718812284688,-0.03818235099518125,0.05642133435911728,-0.07311552691592273
-1.1191014536309227,1.5184020860139087,-1.5477393996289774,0.0019651128067776375,-0.06535674542822804,0.0035315262058116985,0.26029641628442646,-0.3457432331157516,-1.6401970448067706,-0.107834636448227,0.653869661117718,0.5978875726392409,8.098616985380062,-10.301973486548937,0.0664166682503336,0.011389245184857217,-0.037561445284322516,0.03572355755222299,-0.008587469604353611
-4.267925251992282,-8.38125127867309,2.896648344173139,-0.0039792515194733424,-0.14449525670934324,0.009378291116479946,-0.27740754969778925,0.01237625746633976,0.8918123499501797,0.10397076442631051,-0.21786451574125879,0.44137139216341026,-0.9399797661212217,7.027186982467143,0.193900957029827,0.011389245184857217,-0.039999276811672396,0.06393198972764272,0.1843916515746732
-6.718966478631547,10.869307220592974,4.582282315711258,0.0009522635360858183,-0.05233493697962492,0.0035315262058116985,-0.44516770224854774,-0.4144846746906615,-1.8522382693308395,0.41124184539083675,0.37849905663675065,0.8462013063292106,5.929154824290296,-0.46743937581152406,0.635379102823576,0.011389245184857217,-0.03816336643913944,0.03526334333718558,-0.16150395806742285
1.0145305823909185,-0.279333757867628,6.047105526794358,-0.003463232212118408,-0.1340198917628439,0.009378291116479946,-0.02971727829874749,-0.0825496715829643,-0.640814111592171,0.015444969430890043,0.5006571794513738,-0.20027751903633725,-0.6489625304757943,7.717447032134752,0.2985130764701193,0.011389245184857217,-0.03768399344144042,0.05654073634256413,0.10551114356750829
2.0548026048145447,5.592133652530771,10.773748494698209,0.00660498882606711,-0.06331549827112239,0.009393664679388559,0.3438881455531785,0.07304060657590604,-3.6484071441415282,1.227045898399294,-0.10483497604374456,-10.763806428950707,0.6650717257578354,-5.742910598318463,-0.3432904116682615,0.003524022017197653,-0.035365270059948536,0.05778494366534145,-1.6138175268932127
1.7806367775488805,-0.03341783908202367,1.4549635294950545,0.00660498882606711,-0.040143612230988626,0.009393664679388559,0.1643549120883919,1.0582900668003243,-0.7789533541397602,-0.08477890815920536,0.09002794881690165,0.601483473982579,-0.6723743370559845,7.751080199723871,-0.8868930861739034,0.004328718812284688,-0.033618852541714796,0.05710766798285356,-0.12228631036172173
-0.34540029736260286,-1.2054183608390565,1.9788054034489337,0.0058948975426403195,-0.06423850275249858,0.009378291116479946,-0.02649003835134699,-0.0763839960696937,-1.6144092989467205,-0.03251017912438561,0.358801767156705,0.1838495892633636,-0.7915709830697094,6.18065927589517,-0.13559258514042985,0.011389245184857217,-0.03753231890061894,0.06465865890503768,-0.1295723702047176
0.4910631413683111,-0.3915863215609866,-15.004550721832658,0.0058948975426403195,-0.06471595878016828,0.009378291116479946,0.25251937620673204,-0.556054321698204,-0.7024122080958943,-0.13752522490005678,0.43607110927177606,0.2978256289683855,-0.563227974936435,4.377625670007986,-0.41721728617441683,0.011389245184857217,-0.037990043379341205,0.06416321688508927,-0.0876905433605016
-0.7804256888971896,-1.1224486868151318,-3.9078739990745333,0.0007987247595832279,-0.19838998018364093,0.0035315262058116985,-0.2131917860702128,-0.364099239572463,-0.7088724075135591,0.11059739961672363,-3.908400021734313,0.5029311277783548,-4.495453695292485,-9.899822320416458,-0.11076188235904384,0.011389245184857217,-0.03525392321455796,0.02753282887241368,-0.05646751463063385
1.8789784167787704,4.27862903739472,-8.831601698121395,0.007719729589256749,-0.06199134795268207,0.009393664679388559,0.15417958533590967,-0.22797552386212713,-3.9015157864048033,-0.113660013477956,0.5817836610389767,0.43802570030002763,1.4308884366557502,-5.613484173219204,-0.5162519047080378,0.004203338192126442,-0.03780360603723029,0.056027684062301464,-0.13495621990146722
-2.4289104762843685,-3.9441737723529506,11.486025798654122,0.0019651128067776375,-0.0397293584786415,0.0035315262058116985,0.008416547322025162,1.3913642977410352,-1.7992800940137526,0.05439959173702343,0.21349505714023648,1.0918297491462223,3.1945490829606245,-9.108383423750674,-0.08545260003437562,0.011389245184857217,-0.03362825890882707,0.03443997032504768,-0.10132732581068703
1.295290296981863,0.2937533059163357,4.8825563111057875,-0.004677195486242666,-0.08698626396190362,0.009393664679388559,0.018618225590020677,-0.09796644816400632,13.808588452967484,0.10360741441922165,0.43718653159538795,0.4282600794185092,2.7588154137796512,-5.0203945611406615,-0.20985411737584378,0.006685044117566529,-0.03623438511428703,0.056793495793219295,-0.06108127949143067
-0.6208940145364116,0.7358399341503076,9.366118489173875,0.0058948975426403195,-0.025477223378975997,0.009378291116479946,0.2483259167794769,3.99663264132399,-1.335448940032058,0.11323915066752559,-0.051427022156954515,0.3797292667548957,-0.05870411319499489,3.7462462614487233,0.3332034270249685,0.012137299596993334,-0.03479410074305407,0.06489755325951646,1.684915102459317
-0.3480662236667334,-0.9678063991326872,-7.967438079566014,-0.004629620259312817,-0.2043707588233643,0.009378291116479946,0.11695518896582191,-0.12399607176665221,-0.931916634312542,-0.15981846355755325,-1.9842610313601223,0.022038969748125317,0.6716082324339854,-12.771194558248627,-0.11197341203359161,0.011389245184857217,-0.04008496197563728,0.04575868212674016,-0.05789642539095607
0.21430468192326835,-6.041598128957015,-3.981756094477199,0.0047285094954459105,-0.215408776932552,0.009371587074330672,0.29512461224579806,-0.1316275126141577,-3.0131681756432287,-0.08404909522292066,-2.9540259306360315,-0.013464881745208422,-2.9372905571927737,-10.398281906523165,-0.1841376407341023,0.006685044117566529,-0.035622662490679635,0.05433059447539176,-0.12265695881072951
-2.0098869062233193,-1.6723129068131468,-5.060191772318204,0.0007987247595832279,-0.20479881502213118,0.0035315262058116985,0.12149491666945661,-0.31862420376647027,-0.771139585861112,-0.2368625706716482,-0.9237356602535376,0.6844007696479472,-3.369704163266056,-10.06895711280418,0.10166420201654969,0.011389245184857217,-0.035349248415628934,0.030857375516203548,0.06812205361619728
0.17959632737132022,-2.9400591890917624,-9.886552109141636,0.0058948975426403195,-0.03991482275100373,0.009378291116479946,0.24804404888154058,3.0253507463559544,-0.8836619619753102,0.048126486574653016,0.4348249764878378,0.20612747228107564,-0.6062419268488242,5.0899052855812235,0.45301975595827726,0.011389245184857217,-0.03494372544139391,0.06427641979326201,0.14096768772160562
3.1766889876234363,0.6798800701930143,11.567389919069477,0.007719729589256749,-0.013992566181484258,0.009393664679388559,0.15771549167754836,4.157248424092543,-0.6760744159606209,0.09819412040735151,0.02676216211429287,0.40065857702151914,-0.14305891824888264,4.6567710903083706,1.3648982640600087,0.0074330985297026446,-0.033664422184456325,0.05679702369791311,2.266352605068987
-0.3849313904877001,-0.4421889510724051,-2.015893298738527,0.0019651128067776375,-0.035046933207764,0.0035468997687203114,-0.011358272239035088,-0.5228609995770425,-0.38675162705931015,0.06080101915173874,0.5858724790953388,0.24237347855222705,-1.0956668156904477,7.014071956339749,-0.35709995425734,0.006685044117566529,-0.037537938866490574,0.034111329360473945,-0.06977669273747669
0.9277746797233256,-0.02844396155103282,5.053242812732293,-0.004463907676842204,-0.050651807230679,0.009393664679388559,0.015095770453839849,-0.03944708712010729,1.2812603321016973,-0.17049808157303684,0.28220372982153885,0.49393844292150235,-0.395560818617839,8.631714823552183,-0.25090572205279416,0.004203338192126442,-0.034714942504785136,0.04357116108211067,-0.10337439150593009
2.0542838602482534,0.65125750921749,19.06719215640685,0.0047285094954459105,-0.0867040946176724,0.009378291116479946,0.2970421903320988,-0.19568764741033498,-2.759094911388317,-0.47281537492753245,0.05317479028489199,1.0766759130457775,0.7305281787712892,-3.07158317501108,-0.30124759889957914,0.0074330985297026446,-0.03520245451071578,0.0575576930082082,0.7783428684632523
0.3990556347544146,-0.816555797352485,8.50116390546087,0.0058948975426403195,-0.06734256907174192,0.009378291116479946,0.23712442715170717,-0.29402897821458623,-1.594397194955213,-0.13586777475462386,-0.2009955618946068,0.6044379348002402,-0.5204027969398344,4.62574070531669,-0.24968215429402263,0.012137299596993334,-0.037834382484493355,0.06812144470152443,-0.9422381690356959
-0.24997344361051965,4.053966997146588,-1.254753673041624,0.0019651128067776375,-0.033116147331190886,0.003524822163662426,0.14827805941414224,-0.5282124289570281,-0.38040649261626,-0.04292670997537462,1.0742146425474945,-0.1966598151591229,0.5837995768261153,6.2399454665954535,0.5119155852643389,0.006685044117566529,-0.03711381334224548,0.03392463753660043,0.10360669850268067
0.8772244142864952,0.5369922627015309,4.5540690953384635,0.0021784006161781,-0.04858674940813111,0.0035468997687203114,0.02216112880667865,-0.523716972843925,-0.2800941346673616,0.006925854576678627,1.0243025935752594,-0.07549022241814887,-0.16833460951429915,5.154613899794176,0.530074709521967,0.006685044117566529,-0.037574075811291664,0.033960405395791836,0.13129588052539395
1.7906803721652793,2.3116130027304354,3.006014692278446,0.0058948975426403195,-0.041417754542833474,0.009378291116479946,0.03149692056483524,-0.6256830631714766,-0.6640759357799039,-0.17492450851762875,-0.05112367920925471,0.5643399125919358,-0.16539059688669536,1.997551995275752,-0.7766531968632419,0.0074330985297026446,-0.03760036772449251,0.056561289102123866,0.7305664443096471
-1.700644411684435,2.040530976676999,-3.357089588551982,0.0019651128067776375,-0.03704930497501666,0.0035315262058116985,0.40837871288452116,2.0453643734117937,-0.31563945439061014,0.0550390155121581,0.09515727727194398,0.5644217598101918,-1.0375355239615778,8.302774906381165,-0.22389499916476693,0.011389245184857217,-0.03670457777241903,0.03319833047757443,-0.08415095983400027
0.14694022661231015,0.5649694180759084,-14.373642155896603,0.0007987247595832279,-0.1787919791597868,0.0035315262058116985,0.3051927901194272,-0.3699892850043253,-0.9719548178436545,-0.15479523416894303,-3.501316850272686,0.5577763836451882,-6.759948937191434,-17.268041807616846,0.1323406482189287,0.011389245184857217,-0.03558772667682105,0.027394265467978792,0.01442803522433258
1.0900385364074479,0.6906659931736936,-6.798339741009875,0.0021784006161781,-0.04858674940813111,0.0035468997687203114,0.02216112880667865,-0.523716972843925,-0.36061373948644515,-0.03525641016015658,1.0243025935752594,0.4348243715977983,-0.728729550890573,4.528456043432322,0.530074709521967,0.006685044117566529,-0.037574075811291664,0.033960405395791836,0.13129588052539395
